"reefName","shelfPos","dist2Shore","aveDepth","x","y","no3Ave","o2Ave","salAve","salSR","mud","waveStress","floodPrim","floodSec","floodTer","zone","area","coralHabProp","rubbleProp","perim"
"U/N Reef (10-330)","I",0.644510009653337,-3.31267642974854,142.59162903,-10.77950287,NaN,NaN,NaN,NaN,NaN,NaN,NaN,NaN,NaN,NaN,2160417.506,0.346510960261177,0.0489695129210742,9274.9666535894
"Harrington Shoal (10-331)","I",12.962273117231,-15.6363086700439,142.71060181,-10.79659367,NaN,NaN,NaN,NaN,NaN,NaN,NaN,NaN,NaN,NaN,1104408.176,0.346510960261177,0.0489695129210742,4138.28844011233
"U/N Reef (10-332)","I",2.05179967941868,-2.10832691192627,142.57356262,-10.82426262,NaN,NaN,NaN,NaN,NaN,NaN,NaN,NaN,NaN,NaN,976995.7342,0.346510960261177,0.0489695129210742,3753.29861696695
"U/N Reef (10-333)","I",2.82429806126637,-2.15141987800598,142.57661438,-10.8354435,NaN,NaN,NaN,NaN,NaN,NaN,NaN,NaN,NaN,NaN,454888.3485,0.346510960261177,0.0489695129210742,2758.62004146721
"Four Fathom Patches (10-334)","I",11.1428944633629,-21.4477939605713,142.68708801,-10.81985474,NaN,NaN,NaN,NaN,NaN,NaN,NaN,NaN,NaN,NaN,1683480.033,0.346510960261177,0.0489695129210742,4796.75893676139
"Harrington Reef (10-335)","I",14.0635201697097,-4.22168064117432,142.72311401,-10.82125187,NaN,NaN,NaN,NaN,NaN,NaN,NaN,NaN,NaN,NaN,1967176.707,0.346510960261177,0.0489695129210742,6915.63602178247
"Wyborn Reef (10-336)","I",16.399335833367,-2.85713243484497,142.76223755,-10.82104492,NaN,NaN,NaN,NaN,NaN,NaN,NaN,NaN,NaN,NaN,14826625.58,0.346510960261177,0.0489695129210742,17384.958688444
"U/N Reef (10-337)","I",28.8560187983793,-4.02199792861938,142.92880249,-10.80788326,NaN,NaN,NaN,NaN,NaN,NaN,NaN,NaN,NaN,NaN,635652.1532,0.572003272417515,0.0489695129210742,2955.67861007496
"Womer Reef (10-338)","I",33.902590552054,-2.60096788406372,142.98362732,-10.79982185,NaN,NaN,NaN,NaN,NaN,NaN,NaN,NaN,NaN,NaN,3090350.244,0.572003272417515,0.0489695129210742,7183.32597677836
"Brewis Reef (10-339)","I",8.02865725002365,-2.72715044021606,142.69335938,-10.88696003,NaN,NaN,NaN,NaN,NaN,NaN,NaN,NaN,NaN,NaN,170025.6307,0.346510960261177,0.0489695129210742,2401.0748390267
"Turtle Island Reef (10-340)","I",8.00819917066925,-4.7331395149231,142.69628906,-10.88979912,NaN,NaN,NaN,NaN,NaN,NaN,NaN,NaN,NaN,NaN,289104.9077,0.346510960261177,0.0489695129210742,1987.24910108584
"Shortland Reef (10-341)","I",9.1487121969693,-2.41905832290649,142.77270508,-10.90133476,NaN,NaN,NaN,NaN,NaN,NaN,NaN,NaN,NaN,NaN,3614442.336,0.346510960261177,0.0489695129210742,8917.49211710557
"Trochus Reef (10-342)","I",1.7514260921648,0.0876151323318481,142.63183594,-10.92067909,NaN,NaN,NaN,NaN,NaN,NaN,NaN,NaN,NaN,NaN,655063.5584,0.346510960261177,0.0489695129210742,6456.21316977005
"U/N Reef (10-299)","I",44.9009968364213,-3.17871952056885,143.08961487,-10.77538872,NaN,NaN,NaN,NaN,NaN,NaN,NaN,NaN,NaN,NaN,3584080.437,0.59546784025367,0.0354809611021513,8284.14207088717
"Ida Reef (10-314)","I",0.8120438334008,-1.38048768043518,142.55873108,-10.71000767,NaN,NaN,NaN,NaN,NaN,NaN,NaN,NaN,NaN,NaN,446261.6148,0.346510960261177,0.0489695129210742,2807.69137706813
"Tree Reef (10-316)","I",3.31861178424607,-3.95880603790283,142.5970459,-10.70428848,NaN,NaN,NaN,NaN,NaN,NaN,NaN,NaN,NaN,NaN,92028.66625,0.346510960261177,0.0489695129210742,1184.2421303863
"Brush Islet Reef (10-317)","I",2.85427863365671,-2.48134732246399,142.59786987,-10.70888901,NaN,NaN,NaN,NaN,NaN,NaN,NaN,NaN,NaN,NaN,139720.9895,0.346510960261177,0.0489695129210742,1669.08084370907
"Albany Island Reef (No 1) (10-318a)","I",2.02428003100189,-3.93973255157471,142.5929718,-10.71530914,NaN,NaN,NaN,NaN,NaN,NaN,NaN,NaN,NaN,NaN,686833.2698,0.346510960261177,0.0489695129210742,6847.85267516518
"Albany Island Reef (No 2) (10-318b)","I",3.15431253190423,-5.00647401809692,142.61784363,-10.72830391,NaN,NaN,NaN,NaN,NaN,NaN,NaN,NaN,NaN,NaN,823611.7382,0.346510960261177,0.0489695129210742,7363.66465454828
"Albany Island Reef (No 3) (10-318c)","I",2.92650369557926,-6.78386926651001,142.62330627,-10.7466259,NaN,NaN,NaN,NaN,NaN,NaN,NaN,NaN,NaN,NaN,538542.1609,0.346510960261177,0.0489695129210742,4367.19329839026
"Albany Island Reef (No 4) (10-318d)","I",1.81586927968868,-6.09363222122192,142.60494995,-10.73894119,NaN,NaN,NaN,NaN,NaN,NaN,NaN,NaN,NaN,NaN,1244505.325,0.346510960261177,0.0489695129210742,9852.46934594189
"Mai Reef (10-320)","I",3.98441486428078,-4.78146982192993,142.62464905,-10.72395611,NaN,NaN,NaN,NaN,NaN,NaN,NaN,NaN,NaN,NaN,841209.6165,0.346510960261177,0.0489695129210742,4000.23410406465
"Albany Rock Reef (10-321)","I",4.695702389414,-2.9499626159668,142.62982178,-10.71882725,NaN,NaN,NaN,NaN,NaN,NaN,NaN,NaN,NaN,NaN,102848.6803,0.346510960261177,0.0489695129210742,1341.67445423223
"North Brother Reef (10-322)","I",9.83590641553216,-16.8101215362549,142.673172,-10.70076275,NaN,NaN,NaN,NaN,NaN,NaN,NaN,NaN,NaN,NaN,119050.1668,0.346510960261177,0.0323124097134555,1261.24377548672
"Middle Brother Reef (10-323)","I",10.7318903477839,-6.55254077911377,142.68544006,-10.71178818,NaN,NaN,NaN,NaN,NaN,NaN,NaN,NaN,NaN,NaN,674648.6183,0.346510960261177,0.0323124097134555,3158.01118856591
"South Brother Reef (10-324)","I",11.1209055511401,-11.3610048294067,142.6918335,-10.71665955,NaN,NaN,NaN,NaN,NaN,NaN,NaN,NaN,NaN,NaN,277807.0462,0.346510960261177,0.0489695129210742,3385.86807211104
"North Ledge (10-325)","I",17.3005649233862,-1.15738701820374,142.73832703,-10.68028641,NaN,NaN,NaN,NaN,NaN,NaN,NaN,NaN,NaN,NaN,5870704.893,0.346510960261177,0.0323124097134555,12384.4093406099
"Meggi-Damun Reef (10-326)","I",22.0853736836919,-1.54846954345703,142.78610229,-10.68252754,NaN,NaN,NaN,NaN,NaN,NaN,NaN,NaN,NaN,NaN,5097799.494,0.346510960261177,0.0323124097134555,8623.85663355336
"South Ledge (10-327)","I",15.6985688580348,-4.70990705490112,142.73246765,-10.70542622,NaN,NaN,NaN,NaN,NaN,NaN,NaN,NaN,NaN,NaN,37291164.12,0.346510960261177,0.0323124097134555,30158.2992455306
"Ulfa Reef (10-328)","I",1.69901374698571,-10.0734148025513,142.6144104,-10.75758648,NaN,NaN,NaN,NaN,NaN,NaN,NaN,NaN,NaN,NaN,71451.27242,0.346510960261177,0.0489695129210742,1185.96342635297
"Ariel Bank (10-329)","I",3.23894730846457,-3.79139542579651,142.62519836,-10.77074623,NaN,NaN,NaN,NaN,NaN,NaN,NaN,NaN,NaN,NaN,292911.8465,0.346510960261177,0.0489695129210742,1938.28779523004
"U/N Reef (10-401)","M",115.240094464784,-24.1543617248535,143.80076599,-10.80318642,NaN,NaN,NaN,NaN,NaN,NaN,NaN,NaN,NaN,NaN,1175637.663,0.0994337108594271,0.0169053964023984,4571.09971312364
"U/N Reef (10-402)","O",136.902586870712,-11.9966726303101,144.0065918,-10.80548668,NaN,NaN,NaN,NaN,NaN,NaN,NaN,NaN,NaN,NaN,8142323.234,0.411571121440325,0.0163465811503861,15678.9112369005
"U/N Reef (10-403)","O",135.312009805151,-14.1743412017822,143.99606323,-10.82373524,NaN,NaN,NaN,NaN,NaN,NaN,NaN,NaN,NaN,NaN,4455304.058,0.188421699438202,0.01171875,14164.555100347
"U/N Reef (10-404)","M",117.023383432713,-17.6818046569824,143.82380676,-10.82510948,NaN,NaN,NaN,NaN,NaN,NaN,NaN,NaN,NaN,NaN,2700243.591,0.130382818441925,0.0172395059939879,6374.63901556621
"U/N Reef (10-405)","M",109.482324694433,-23.7249202728271,143.75805664,-10.84616756,NaN,NaN,NaN,NaN,NaN,NaN,NaN,NaN,NaN,NaN,4310622.378,0.198334350287787,0.0193934287353218,7853.29373306148
"U/N Reef (10-406)","O",136.767601307052,-9.621750831604,144.01449585,-10.84487152,NaN,NaN,NaN,NaN,NaN,NaN,NaN,NaN,NaN,NaN,9094857.281,0.448204323383031,0.0262391297337389,13304.1816008646
"U/N Reef (10-407a)","O",133.085404556796,-18.5489044189453,143.98451233,-10.86612701,NaN,NaN,NaN,NaN,NaN,NaN,NaN,NaN,NaN,NaN,1575952.246,0.166413808866865,0.0151457799679033,6161.88786903833
"Turtle Head Island Reef (No 1) (10-343a)","I",2.86898391624427,-3.48676681518555,142.70593262,-10.93688488,NaN,NaN,NaN,NaN,NaN,NaN,NaN,NaN,NaN,NaN,209905.7538,0.346510960261177,0.0489695129210742,1833.47212471541
"Turtle Head Island Reef (No 2) (10-343b)","I",1.79252962608365,-3.05486941337585,142.7061615,-10.94753647,NaN,NaN,NaN,NaN,NaN,NaN,NaN,NaN,NaN,NaN,675406.6945,0.346510960261177,0.0489695129210742,3354.14862302086
"Tern Reef (10-344)","I",2.6033423204021,-10.0037775039673,142.76638794,-10.99002266,NaN,NaN,NaN,NaN,NaN,NaN,NaN,NaN,NaN,NaN,225186.9092,0.346510960261177,0.051763044497497,1748.09267911931
"U/N Reef (10-348)","O",65.3644162043078,-11.9078607559204,143.25215149,-10.68365002,NaN,NaN,NaN,NaN,NaN,NaN,NaN,NaN,NaN,NaN,1456574.305,0.525648302665202,0.0655048170641735,4504.61976905316
"U/N Reef (10-349)","O",82.1316375191456,-6.2323431968689,143.43374634,-10.69710159,NaN,NaN,NaN,NaN,NaN,NaN,NaN,NaN,NaN,NaN,1353940.696,0.522793053545586,0.0233719247467438,4655.63022662815
"U/N Reef (10-350)","O",85.3887488467218,-10.8152980804443,143.46632385,-10.69664955,NaN,NaN,NaN,NaN,NaN,NaN,NaN,NaN,NaN,NaN,506132.7084,0.557015848473135,0.0137224584460765,2733.47087653558
"U/N Reef (10-351)","O",56.8123846306442,-4.69426012039185,143.19032288,-10.73180485,NaN,NaN,NaN,NaN,NaN,NaN,NaN,NaN,NaN,NaN,5809646.41,0.544786062435701,0.027372539760174,10582.0975696454
"U/N Reef (10-352)","M",70.7672295162554,-8.30346965789795,143.33677673,-10.73468304,NaN,NaN,NaN,NaN,NaN,NaN,NaN,NaN,NaN,NaN,4742292.948,0.355015285466413,0.0572585309427415,9300.40605558761
"U/N Reef (10-353)","I",46.7254356997303,-5.49869823455811,143.09373474,-10.75188351,NaN,NaN,NaN,NaN,NaN,NaN,NaN,NaN,NaN,NaN,2480863.091,0.548538704581359,0.0340837282780411,6659.42178531992
"U/N Reef (10-354)","M",73.4480500892841,-20.7731628417969,143.3717804,-10.75227928,NaN,NaN,NaN,NaN,NaN,NaN,NaN,NaN,NaN,NaN,502536.5353,0.00856864654333009,0.00272638753651412,2951.63233694022
"U/N Reef (10-355)","M",68.4952163648917,-4.10764312744141,143.32429504,-10.75677586,NaN,NaN,NaN,NaN,NaN,NaN,NaN,NaN,NaN,NaN,1592462.506,0.677143560093492,0.111883380489605,6197.46095672842
"U/N Reef (10-356)","M",76.2682508322963,-6.42685031890869,143.41204834,-10.77616978,NaN,NaN,NaN,NaN,NaN,NaN,NaN,NaN,NaN,NaN,1461091.014,0.379449024733561,0.0288893357463637,4660.57775618241
"U/N Reef (10-357)","M",69.0686468338072,-10.9711303710938,143.35340881,-10.80583096,NaN,NaN,NaN,NaN,NaN,NaN,NaN,NaN,NaN,NaN,2565626.916,0.403302247362789,0.0659302858890078,7170.14381953164
"U/N Reef (10-358)","M",65.8460639715732,-8.44999980926514,143.3356781,-10.83780289,NaN,NaN,NaN,NaN,NaN,NaN,NaN,NaN,NaN,NaN,9277107.127,0.397868186375389,0.0839955675162261,14191.4128411323
"U/N Reef (10-359)","M",75.3123016026591,-13.4631490707397,143.45957947,-10.94054508,NaN,NaN,NaN,NaN,NaN,NaN,NaN,NaN,NaN,NaN,4044966.692,0.344981862152358,0.0322611850060459,10003.3340849106
"U/N Reef (10-360)","M",62.0396109627368,-4.12110137939453,143.298172,-10.83911419,NaN,NaN,NaN,NaN,NaN,NaN,NaN,NaN,NaN,NaN,785924.0081,0.683968135424446,0.170276325616131,3574.92867363422
"U/N Reef (10-361)","M",72.3128487790325,-14.2995824813843,143.40377808,-10.84895229,NaN,NaN,NaN,NaN,NaN,NaN,NaN,NaN,NaN,NaN,2003005.896,0.312849640956032,0.0190256437592871,8370.16479010377
"U/N Reef (10-362)","M",55.5295689073282,-2.98377633094788,143.23895264,-10.85297012,NaN,NaN,NaN,NaN,NaN,NaN,NaN,NaN,NaN,NaN,1693837.706,0.69477702585459,0.194516744750998,5182.28195704548
"U/N Reef (10-363)","M",53.7826561318409,-5.73838376998901,143.24015808,-10.89503193,NaN,NaN,NaN,NaN,NaN,NaN,NaN,NaN,NaN,NaN,947496.2735,0.687241093620547,0.229183927091964,3933.34664496184
"U/N Reef (10-364)","M",50.6198754443309,-2.53164052963257,143.21000671,-10.89760017,NaN,NaN,NaN,NaN,NaN,NaN,NaN,NaN,NaN,NaN,1280078.588,0.756477081097654,0.146864939445041,4658.23286483542
"Linda Reef (10-365)","M",46.9878118059241,-2.04225540161133,143.17781067,-10.90662861,NaN,NaN,NaN,NaN,NaN,NaN,NaN,NaN,NaN,NaN,1432454.555,0.797785826556414,0.0995011275883278,4595.66999991869
"U/N Reef (10-366)","M",58.5449909167536,-8.38449573516846,143.2897644,-10.90393257,NaN,NaN,NaN,NaN,NaN,NaN,NaN,NaN,NaN,NaN,439845.7328,0.695758383300022,0.0224294914501443,2560.37531062483
"U/N Reef (10-367)","M",68.2203520078384,-10.4385805130005,143.38287354,-10.90547371,NaN,NaN,NaN,NaN,NaN,NaN,NaN,NaN,NaN,NaN,4172420.469,0.355638921453693,0.0472684642438453,10491.2387421053
"U/N Reef (10-368)","M",60.7037056065169,-6.84101247787476,143.31407166,-10.91513443,NaN,NaN,NaN,NaN,NaN,NaN,NaN,NaN,NaN,NaN,4592169.35,0.5745034523911,0.103166822947745,9788.12850830292
"U/N Reef (10-369)","M",58.2900189858519,-6.58433675765991,143.2959137,-10.93176079,NaN,NaN,NaN,NaN,NaN,NaN,NaN,NaN,NaN,NaN,1625070.039,0.6385468492455,0.11131266313541,5690.43781256736
"U/N Reef (10-370)","M",50.1411406060094,-13.325647354126,143.21829224,-10.93246841,NaN,NaN,NaN,NaN,NaN,NaN,NaN,NaN,NaN,NaN,549569.8686,0.217576943604341,0.116705212595624,3081.78905773344
"U/N Reef (10-371)","M",52.2034350533469,-3.06508231163025,143.24234009,-10.9469099,NaN,NaN,NaN,NaN,NaN,NaN,NaN,NaN,NaN,NaN,1465992.208,0.645378712045379,0.208341675008342,4930.62747270997
"U/N Reef (10-372)","M",43.1735644377693,-4.700279712677,143.15708923,-10.9502964,NaN,NaN,NaN,NaN,NaN,NaN,NaN,NaN,NaN,NaN,843719.5022,0.942452720733264,0.0424643230073094,4119.2097468575
"U/N Reef (10-373)","M",40.3221407935845,-4.29319524765015,143.13014221,-10.95202541,NaN,NaN,NaN,NaN,NaN,NaN,NaN,NaN,NaN,NaN,769750.5563,0.838442946190052,0.0773438493830302,3532.92121788358
"U/N Reef (10-374)","M",64.8107501562543,-10.0206336975098,143.35983276,-10.93915176,NaN,NaN,NaN,NaN,NaN,NaN,NaN,NaN,NaN,NaN,3871844.46,0.452928394562636,0.106346960432564,8488.98873122586
"U/N Reef (10-375a)","M",68.3677395343086,-10.4103975296021,143.3997345,-10.96371174,NaN,NaN,NaN,NaN,NaN,NaN,NaN,NaN,NaN,NaN,2509828.467,0.525313987050472,0.0588969498400811,7778.69946951956
"U/N Reef (10-375b)","M",71.0375726598841,-12.0194931030273,143.4256134,-10.9675951,NaN,NaN,NaN,NaN,NaN,NaN,NaN,NaN,NaN,NaN,2882751.267,0.500611122428193,0.0487200380253955,7646.28996995126
"U/N Reef (10-376)","M",38.7488714524262,-2.95072555541992,143.1255188,-10.98665619,NaN,NaN,NaN,NaN,NaN,NaN,NaN,NaN,NaN,NaN,1185132.549,0.859560497826577,0.0731030999928891,4562.47117380295
"U/N Reef (10-378)","M",81.6704973705108,-20.2572650909424,143.51068115,-10.90591812,NaN,NaN,NaN,NaN,NaN,NaN,NaN,NaN,NaN,NaN,5264514.289,0.203884726459367,0.0193659772872919,9732.98657709336
"U/N Reef (10-381)","O",136.059088535371,-13.4236602783203,143.9644928,-10.68788147,NaN,NaN,NaN,NaN,NaN,NaN,NaN,NaN,NaN,NaN,11295316.15,0.0897098310957124,0.00175833694239931,19204.3295732683
"U/N Reef (10-382)","O",117.212663393608,-20.6268291473389,143.78704834,-10.70289612,NaN,NaN,NaN,NaN,NaN,NaN,NaN,NaN,NaN,NaN,4219894.175,0.180749159225328,0.0174417256175345,9585.82318242462
"U/N Reef (10-384)","O",135.240218843586,-13.6297435760498,143.96377563,-10.70974445,NaN,NaN,NaN,NaN,NaN,NaN,NaN,NaN,NaN,NaN,9817092.773,0.269696516669158,0.0180894005082972,16556.1024799069
"U/N Reef (10-385)","O",134.219353311669,-13.6416721343994,143.95874023,-10.72497368,NaN,NaN,NaN,NaN,NaN,NaN,NaN,NaN,NaN,NaN,1558279.24,0.22829158033528,0.0294468512588686,6220.70802351773
"U/N Reef (10-386)","O",136.46210950568,-8.59734535217285,143.97961426,-10.72316742,NaN,NaN,NaN,NaN,NaN,NaN,NaN,NaN,NaN,NaN,4548648.388,0.349449415003441,0.0265829318651067,9075.93352007533
"U/N Reef (10-387)","O",91.0308031355268,-16.8450012207031,143.52099609,-10.69328785,NaN,NaN,NaN,NaN,NaN,NaN,NaN,NaN,NaN,NaN,7258628.905,0.144237125780818,0.00975432063787591,11147.6745425046
"U/N Reef (10-389)","O",134.556240686506,-15.4308462142944,143.96478271,-10.73436737,NaN,NaN,NaN,NaN,NaN,NaN,NaN,NaN,NaN,NaN,1190531.907,0.187350933464923,0.0160375030841352,5107.16568311838
"U/N Reef (10-390)","O",135.268683740637,-12.5127038955688,143.9733429,-10.7404232,NaN,NaN,NaN,NaN,NaN,NaN,NaN,NaN,NaN,NaN,3266909.739,0.245485851175326,0.0316514448270699,8317.47225562718
"Triangle Reef (10-391)","O",135.794486664493,-14.411717414856,143.98234558,-10.75539112,NaN,NaN,NaN,NaN,NaN,NaN,NaN,NaN,NaN,NaN,17977690.64,0.212857337735811,0.0265446246227716,23547.5379374093
"U/N Reef (10-392)","M",97.2517116740626,-21.1556873321533,143.60650635,-10.74197769,NaN,NaN,NaN,NaN,NaN,NaN,NaN,NaN,NaN,NaN,82586639.11,0.0136515737181425,0.00110473792700432,40963.3383717225
"U/N Reef (10-393)","M",111.329500672972,-25.804708480835,143.74429321,-10.74233627,NaN,NaN,NaN,NaN,NaN,NaN,NaN,NaN,NaN,NaN,19158862.63,0.136855229508893,0.0171955426713069,31032.7339660595
"U/N Reef (10-394)","M",85.9026462984984,-3.83672165870667,143.50572205,-10.76967049,NaN,NaN,NaN,NaN,NaN,NaN,NaN,NaN,NaN,NaN,844466.3987,0.717633410672854,0.0539443155452436,3846.28044574197
"U/N Reef (10-395)","M",104.143766959968,-27.1712303161621,143.69085693,-10.78934574,NaN,NaN,NaN,NaN,NaN,NaN,NaN,NaN,NaN,NaN,4385149.712,0.0421850278637328,0.00638590626026669,8048.54894622789
"U/N Reef (10-396)","M",107.470767219509,-33.9483642578125,143.71661377,-10.77029133,NaN,NaN,NaN,NaN,NaN,NaN,NaN,NaN,NaN,NaN,2526395.391,0.0979448146009659,0.0118172866489791,7288.67577982275
"U/N Reef (10-397)","M",120.859321842734,-30.1588134765625,143.84376526,-10.76665306,NaN,NaN,NaN,NaN,NaN,NaN,NaN,NaN,NaN,NaN,738098.7974,0.136855229508893,0.0171955426713069,3254.43097955175
"U/N Reef (10-398)","O",134.381203455602,-15.9386262893677,143.97547913,-10.77815247,NaN,NaN,NaN,NaN,NaN,NaN,NaN,NaN,NaN,NaN,3949463.79,0.205735228567183,0.0319449259571096,12391.9328641645
"U/N Reef (10-399)","O",135.196037253599,-12.0894250869751,143.98529053,-10.78567314,NaN,NaN,NaN,NaN,NaN,NaN,NaN,NaN,NaN,NaN,4217329.909,0.340231538407999,0.0178177853049672,12030.1285826462
"U/N Reef (10-400)","O",135.426879281093,-12.004771232605,143.98979187,-10.79434872,NaN,NaN,NaN,NaN,NaN,NaN,NaN,NaN,NaN,NaN,3563194.387,0.310750740862693,0.0197563384919328,11155.0458341177
"U/N Reef (10-426)","O",133.970575877369,-12.9490652084351,144.01452637,-10.95084667,NaN,NaN,NaN,NaN,NaN,NaN,NaN,NaN,NaN,NaN,4648055.05,0.273840328179236,0.018323340696329,11706.4289673973
"U/N Reef (10-427)","M",80.7362808923894,-15.1150321960449,143.51144409,-10.94451904,NaN,NaN,NaN,NaN,NaN,NaN,NaN,NaN,NaN,NaN,9991536.536,0.0725229326362987,0.00830176118730849,20265.9810013736
"U/N Reef (10-428a)","O",135.308339792207,-20.2044658660889,143.99876404,-10.83556843,NaN,NaN,NaN,NaN,NaN,NaN,NaN,NaN,NaN,NaN,415659.7406,0.0650082140342643,0.00704060079793476,3332.40020069481
"U/N Reef (10-428b)","O",136.522995714286,-11.8365173339844,144.00891113,-10.83007717,NaN,NaN,NaN,NaN,NaN,NaN,NaN,NaN,NaN,NaN,438895.6996,0.178714859437751,0.0131637661758144,3332.33958796715
"U/N Reef (10-429)","I",1.02024264447201,-2.29833221435547,142.56591797,-10.72224331,NaN,NaN,NaN,NaN,NaN,NaN,NaN,NaN,NaN,NaN,94413.6836,0.346510960261177,0.0489695129210742,1330.11822914483
"U/N Reef (10-430)","I",0.310304460991057,8.577392578125,142.57713318,-10.72992325,NaN,NaN,NaN,NaN,NaN,NaN,NaN,NaN,NaN,NaN,134865.6037,0.346510960261177,0.0489695129210742,1800.41347722942
"U/N Reef (10-431)","I",1.02434444505739,-3.23602867126465,142.5796051,-10.79875946,NaN,NaN,NaN,NaN,NaN,NaN,NaN,NaN,NaN,NaN,304334.4618,0.346510960261177,0.0489695129210742,2122.68201571269
"U/N Reef (10-432)","I",1.19081402690648,-0.152573794126511,142.55267334,-10.83199787,NaN,NaN,NaN,NaN,NaN,NaN,NaN,NaN,NaN,NaN,1519749.482,0.346510960261177,0.0489695129210742,6759.62672881943
"U/N Reef (10-434)","I",0.611714820191465,-4.86377811431885,142.60444641,-10.75718403,NaN,NaN,NaN,NaN,NaN,NaN,NaN,NaN,NaN,NaN,983536.3528,0.346510960261177,0.0489695129210742,4922.66997541791
"U/N Reef (10-436)","M",70.1781375952884,-11.5097122192383,143.37953186,-10.84018993,NaN,NaN,NaN,NaN,NaN,NaN,NaN,NaN,NaN,NaN,68213.98758,0.364942528735632,0.00718390804597701,957.708373590208
"U/N Reef (10-437)","M",75.124396611128,-16.9430274963379,143.44622803,-10.89760876,NaN,NaN,NaN,NaN,NaN,NaN,NaN,NaN,NaN,NaN,2274873.267,0.217967472678771,0.00262455898803889,7442.83973086947
"U/N Reef (10-438)","M",85.5790876036111,-18.5437755584717,143.55375671,-10.93063068,NaN,NaN,NaN,NaN,NaN,NaN,NaN,NaN,NaN,NaN,455719.2922,0.211588100160749,0.0309898960315455,2500.34801555247
"U/N Reef (10-439)","M",92.7801328468124,-22.264123916626,143.62937927,-10.97612762,NaN,NaN,NaN,NaN,NaN,NaN,NaN,NaN,NaN,NaN,49946585.74,0.211588100160749,0.0309898960315455,35611.6904121967
"U/N Reef (10-440)","M",102.341876737837,-20.4921321868896,143.71253967,-10.94218445,NaN,NaN,NaN,NaN,NaN,NaN,NaN,NaN,NaN,NaN,14492055.95,0.248916101277381,0.0307719698332611,20097.5990952885
"U/N Reef (11-325)","M",106.238685727139,-23.8347644805908,143.7671814,-11.01291656,NaN,NaN,NaN,NaN,NaN,NaN,NaN,NaN,NaN,NaN,22383820.8,0.365186521562009,0.0193934287353218,30703.5528339137
"U/N Reef (10-442)","M",108.547689671998,-19.8913726806641,143.77836609,-10.98402596,NaN,NaN,NaN,NaN,NaN,NaN,NaN,NaN,NaN,NaN,1257351.822,0.247784670001967,0.0193934287353218,4612.41656938128
"U/N Reef (10-443)","O",133.408667062447,-5.60544681549072,143.95599365,-10.74168205,NaN,NaN,NaN,NaN,NaN,NaN,NaN,NaN,NaN,NaN,17337.05356,0.737142857142857,0.0342857142857143,431.086323799011
"U/N Reef (10-444)","O",133.271104632141,-25.7509346008301,144.00192261,-10.93507957,NaN,NaN,NaN,NaN,NaN,NaN,NaN,NaN,NaN,NaN,268478.5149,0.367063295726079,0.0119537891535072,2673.2109432552
"U/N Reef (10-445)","O",137.433907640059,-8.14558124542236,144.0340271,-10.91252613,NaN,NaN,NaN,NaN,NaN,NaN,NaN,NaN,NaN,NaN,185488.0447,0.732012513034411,0,2063.8160589455
"U/N Reef (10-800)","I",16.1604580784739,-5.99895477294922,142.73902893,-10.81070328,NaN,NaN,NaN,NaN,NaN,NaN,NaN,NaN,NaN,NaN,2307674.573,0.346510960261177,0.0489695129210742,6173.20780145802
"U/N Reef (10-801)","I",0.388726369288559,-1.30466675758362,142.74595642,-10.99333572,NaN,NaN,NaN,NaN,NaN,NaN,NaN,NaN,NaN,NaN,321623.9086,0.346510960261177,0.051763044497497,3382.51081870827
"U/N Reef (10-807)","O",134.974022252588,-14.7796545028687,143.953125,-10.68521976,NaN,NaN,NaN,NaN,NaN,NaN,NaN,NaN,NaN,NaN,226497.8902,0.195899309366717,0.016431529569855,1888.38378564756
"U/N Reef (10-407b)","O",134.034468882696,-21.2745094299316,143.99212646,-10.86003113,NaN,NaN,NaN,NaN,NaN,NaN,NaN,NaN,NaN,NaN,804688.3738,0.102199538218496,0.0206586462510633,5181.82792979421
"U/N Reef (10-408)","M",98.7283014655893,-22.9487648010254,143.65881348,-10.85639668,NaN,NaN,NaN,NaN,NaN,NaN,NaN,NaN,NaN,NaN,1695660.535,0.191903722286526,0.0286051704529085,4862.30724874276
"U/N Reef (10-409)","M",104.157669136407,-20.293062210083,143.71118164,-10.85936832,NaN,NaN,NaN,NaN,NaN,NaN,NaN,NaN,NaN,NaN,1963065.433,0.198334350287787,0.0193934287353218,5102.06746939866
"U/N Reef (10-410)","M",112.600400890567,-9.78894805908203,143.79341125,-10.86957836,NaN,NaN,NaN,NaN,NaN,NaN,NaN,NaN,NaN,NaN,1681336.972,0.365186521562009,0.0240353838095792,4844.61246197868
"U/N Reef (10-411)","M",80.8034227774384,-9.74762058258057,143.47001648,-10.80509758,NaN,NaN,NaN,NaN,NaN,NaN,NaN,NaN,NaN,NaN,11671501.5,0.280438192539655,0.0603856832498721,18997.3261400782
"U/N Reef (10-411b)","M",91.2550707138845,-20.9033718109131,143.58657837,-10.8515749,NaN,NaN,NaN,NaN,NaN,NaN,NaN,NaN,NaN,NaN,46137936.28,0.0134697990136289,0.00114758445139736,39534.8928535975
"U/N Reef (10-412)","O",135.824699007794,-12.9320421218872,144.01409912,-10.88740253,NaN,NaN,NaN,NaN,NaN,NaN,NaN,NaN,NaN,NaN,19530924.47,0.332033674347835,0.0177380928547118,30266.4881046254
"U/N Reef (10-413)","M",86.3606261477749,-15.5016202926636,143.55236816,-10.89570427,NaN,NaN,NaN,NaN,NaN,NaN,NaN,NaN,NaN,NaN,4642678.451,0.194149384589445,0.0175349856685213,9937.0642449273
"U/N Reef (10-414)","O",135.251400714738,-12.9462757110596,144.01809692,-10.92669582,NaN,NaN,NaN,NaN,NaN,NaN,NaN,NaN,NaN,NaN,13690887.88,0.367063295726079,0.0119537891535072,26619.707440336
"U/N Reef (10-415)","M",88.082218059338,-13.2952346801758,143.57276917,-10.91156006,NaN,NaN,NaN,NaN,NaN,NaN,NaN,NaN,NaN,NaN,1847447.884,0.368091983256504,0.0671329412388068,5554.76775588889
"U/N Reef (10-416a)","O",133.568171650722,-19.1218757629395,144.01524353,-10.96391392,NaN,NaN,NaN,NaN,NaN,NaN,NaN,NaN,NaN,NaN,1175125.6,0.0953370459645915,0.0175380267641925,8125.09494467529
"U/N Reef (10-416b)","O",135.24538326902,-10.5911178588867,144.03215027,-10.96593094,NaN,NaN,NaN,NaN,NaN,NaN,NaN,NaN,NaN,NaN,6245503.136,0.430008605178753,0.0204803254322147,11353.5772754605
"U/N Reef (10-417)","M",77.796119333417,-15.5245246887207,143.46723938,-10.88192558,NaN,NaN,NaN,NaN,NaN,NaN,NaN,NaN,NaN,NaN,9078681.723,0.211824089155809,0.0143958350604644,15730.1537975801
"U/N Reef (10-418a)","O",134.51290724161,-6.30940628051758,144.03520203,-10.9968214,NaN,NaN,NaN,NaN,NaN,NaN,NaN,NaN,NaN,NaN,7793911.962,0.496364001103338,0.0292509842272875,11041.4139547632
"U/N Reef (10-418b)","O",133.094259028084,-15.4417810440063,144.0181427,-10.98606586,NaN,NaN,NaN,NaN,NaN,NaN,NaN,NaN,NaN,NaN,3839928.039,0.193893129770992,0.00699745547073791,13244.8970817178
"U/N Reef (10-419a)","O",131.83149203527,-10.0852079391479,144.01290894,-11.00776577,NaN,NaN,NaN,NaN,NaN,NaN,NaN,NaN,NaN,NaN,3539701.402,0.334686550676609,0.0302954984810826,12592.154874679
"U/N Reef (10-419b)","O",131.526914727681,-8.4620418548584,144.01309204,-11.01794815,NaN,NaN,NaN,NaN,NaN,NaN,NaN,NaN,NaN,NaN,300484.0614,0.635064935064935,0.00551948051948052,2640.91568552108
"U/N Reef (10-420)","O",129.642586988886,-16.6142444610596,143.99504089,-11.01778316,NaN,NaN,NaN,NaN,NaN,NaN,NaN,NaN,NaN,NaN,4943655.014,0.219556029545365,0.0179918631749417,16602.4172109916
"U/N Reef (10-421)","M",64.0426642028083,-15.1727809906006,143.36489868,-10.99041271,NaN,NaN,NaN,NaN,NaN,NaN,NaN,NaN,NaN,NaN,562684.5124,0.0791855203619909,0.0278454577097111,3466.85309359166
"U/N Reef (10-422)","M",56.6331147238365,-12.4129838943481,143.29489136,-10.98697853,NaN,NaN,NaN,NaN,NaN,NaN,NaN,NaN,NaN,NaN,485979.4624,0.146311970979444,0.356106408706167,2787.47548805713
"U/N Reef (10-423)","M",97.8824355488783,-20.292516708374,143.66320801,-10.90422535,NaN,NaN,NaN,NaN,NaN,NaN,NaN,NaN,NaN,NaN,11105672.03,0.191903722286526,0.0286051704529085,15998.8375666835
"U/N Reef (10-424)","M",108.033387610682,-25.4778709411621,143.75733948,-10.89969254,NaN,NaN,NaN,NaN,NaN,NaN,NaN,NaN,NaN,NaN,18386596.7,0.198334350287787,0.0193934287353218,16043.9083697734
"U/N Reef (10-425)","M",83.9300197966716,-19.1079216003418,143.53411865,-10.91361904,NaN,NaN,NaN,NaN,NaN,NaN,NaN,NaN,NaN,NaN,5074544.091,0.211588100160749,0.0309898960315455,12259.5723146699
"U/N Reef (11-034)","M",32.95381917777,-1.07620131969452,143.09963989,-11.17448425,NaN,NaN,NaN,NaN,NaN,NaN,NaN,NaN,NaN,NaN,12830743.73,0.170048299702925,0.0650422990456151,15277.9444356133
"Arnold Reef (11-001)","M",24.1734551871948,-1.90376091003418,142.99273682,-11.00683498,NaN,NaN,NaN,NaN,NaN,NaN,NaN,NaN,NaN,NaN,608573.5313,0.890447833461658,0.0731030999928891,3184.79276078916
"Thomson Islet Reef (11-002)","I",0.720652232535355,-3.08598184585571,142.75546265,-11.02495193,NaN,NaN,NaN,NaN,NaN,NaN,NaN,NaN,NaN,NaN,77417.30232,0.346510960261177,0.051763044497497,1030.4896079779
"U/N Reef (11-003)","I",0.282296942803979,-1.79581427574158,142.7832489,-11.0704155,NaN,NaN,NaN,NaN,NaN,NaN,NaN,NaN,NaN,NaN,2210407.321,0.346510960261177,0.0832117715740265,9885.76531048608
"Gilmore Bank (11-004)","I",4.19316479010799,-10.1309976577759,142.83700562,-11.15866852,NaN,NaN,NaN,NaN,NaN,NaN,NaN,NaN,NaN,NaN,123342.1295,0.346510960261177,0.0891734007197377,1408.67934556256
"U/N Reef (11-005)","I",3.59806758928839,-8.78574562072754,142.81132507,-11.18551826,NaN,NaN,NaN,NaN,NaN,NaN,NaN,NaN,NaN,NaN,296587.6543,0.346510960261177,0.0891734007197377,2129.25287144403
"U/N Reef (11-006)","I",4.40301836031131,-10.2855701446533,142.81231689,-11.19433308,NaN,NaN,NaN,NaN,NaN,NaN,NaN,NaN,NaN,NaN,77808.86824,0.346510960261177,0.0891734007197377,1136.00784412171
"U/N Reef (11-007)","I",3.89945456347651,-10.0444622039795,142.82400513,-11.23168468,NaN,NaN,NaN,NaN,NaN,NaN,NaN,NaN,NaN,NaN,171446.2679,0.346510960261177,0.0650422990456151,1598.02459455348
"U/N Reef (11-008)","I",2.94032457404463,-8.94091415405273,142.81898499,-11.24888897,NaN,NaN,NaN,NaN,NaN,NaN,NaN,NaN,NaN,NaN,1619232.314,0.346510960261177,0.0650422990456151,6494.64987219721
"Bushy Island Reef (11-009)","I",7.96416873973362,-1.77359199523926,142.87251282,-11.2572403,NaN,NaN,NaN,NaN,NaN,NaN,NaN,NaN,NaN,NaN,2546569.902,0.346510960261177,0.0650422990456151,6569.74899180606
"Cairncross Islets Reef (11-010)","I",12.9290468646186,-1.31637072563171,142.92893982,-11.24986839,NaN,NaN,NaN,NaN,NaN,NaN,NaN,NaN,NaN,NaN,2070661.198,0.346510960261177,0.0650422990456151,7105.84560043253
"U/N Reef (11-011a)","I",2.87435633420923,-7.14368391036987,142.82872009,-11.29018688,NaN,NaN,NaN,NaN,NaN,NaN,NaN,NaN,NaN,NaN,49626.92247,0.346510960261177,0.0650422990456151,909.673536400974
"U/N Reef (11-011b)","I",2.55232537590141,-7.11765098571777,142.83093262,-11.29393196,NaN,NaN,NaN,NaN,NaN,NaN,NaN,NaN,NaN,NaN,42344.30238,0.346510960261177,0.0650422990456151,879.29976093332
"U/N Reef (11-012)","I",2.79920831326499,-2.30394673347473,142.86547852,-11.37253571,NaN,NaN,NaN,NaN,NaN,NaN,NaN,NaN,NaN,NaN,1092859.376,0.346510960261177,0.0928521832813984,4385.11590346272
"Halfway Islet Reef (11-013)","I",12.6015377376282,-3.95541954040527,142.96537781,-11.3848238,NaN,NaN,NaN,NaN,NaN,NaN,NaN,NaN,NaN,NaN,1151650.978,0.346510960261177,0.0791293029990269,4609.94076003737
"Pearn Reef (11-014)","I",9.86587327956232,-21.4788665771484,142.93530273,-11.43494606,NaN,NaN,NaN,NaN,NaN,NaN,NaN,NaN,NaN,NaN,138803.0305,0.346510960261177,0.0791293029990269,1400.28671362954
"U/N Reef (11-015)","I",1.4364703108085,-2.73691082000732,142.84120178,-11.42433834,NaN,NaN,NaN,NaN,NaN,NaN,NaN,NaN,NaN,NaN,1087281.968,0.346510960261177,0.0791293029990269,4884.72632280355
"McSweeney Reef (11-016)","M",50.273108294007,-8.99651145935059,143.24269104,-11.02305126,NaN,NaN,NaN,NaN,NaN,NaN,NaN,NaN,NaN,NaN,5304091.546,0.391006013206921,0.122994060574759,11934.5229208798
"U/N Reef (11-017)","M",60.0030848265,-13.9070081710815,143.33352661,-11.02789688,NaN,NaN,NaN,NaN,NaN,NaN,NaN,NaN,NaN,NaN,6731484.476,0.378674653252304,0.0502166264429647,12950.3156693501
"U/N Reef (11-018)","M",62.3838917087761,-12.6950759887695,143.35643005,-11.0323143,NaN,NaN,NaN,NaN,NaN,NaN,NaN,NaN,NaN,NaN,2543830.868,0.516491552168726,0.0419120193972982,6615.52601980403
"U/N Reef (11-019)","M",75.0047007261035,-15.1530437469482,143.47373962,-11.02850151,NaN,NaN,NaN,NaN,NaN,NaN,NaN,NaN,NaN,NaN,1654688.51,0.196356754199196,0.00609179086822806,6048.7630999854
"U/N Reef (11-020)","M",64.6963446940183,-12.8850212097168,143.3795166,-11.03877735,NaN,NaN,NaN,NaN,NaN,NaN,NaN,NaN,NaN,NaN,1330770.885,0.506323370522875,0.0437737335218843,4483.63421721791
"U/N Reef (11-021)","M",63.3634580217588,-27.2598876953125,143.37095642,-11.05878925,NaN,NaN,NaN,NaN,NaN,NaN,NaN,NaN,NaN,NaN,653295.1231,0.506323370522875,0.0437737335218843,3029.91673656152
"U/N Reef (11-022)","M",73.9713572270921,-15.8488492965698,143.46763611,-11.04762936,NaN,NaN,NaN,NaN,NaN,NaN,NaN,NaN,NaN,NaN,27611093.91,0.118391496899911,0.0085881310894597,45326.4371959438
"U/N Reef (11-023)","M",66.4668077991766,-12.456974029541,143.40223694,-11.07457256,NaN,NaN,NaN,NaN,NaN,NaN,NaN,NaN,NaN,NaN,2237337.345,0.623803906147595,0.03919255472539,6558.07023252163
"U/N Reef (11-024)","M",57.4918783647315,-16.7704086303711,143.31980896,-11.07910061,NaN,NaN,NaN,NaN,NaN,NaN,NaN,NaN,NaN,NaN,15235657.29,0.0996006215407533,0.0110439059470149,19679.134783333
"U/N Reef (11-025)","M",33.1574530845396,-1.04705500602722,143.09083557,-11.06997013,NaN,NaN,NaN,NaN,NaN,NaN,NaN,NaN,NaN,NaN,17002865.5,0.596563700289305,0.0415862389170007,16119.3686241311
"Sinclair Reef (11-026)","M",25.4407832491819,-1.0544673204422,143.02845764,-11.11662197,NaN,NaN,NaN,NaN,NaN,NaN,NaN,NaN,NaN,NaN,2259719.36,0.207280149943468,0.0475478680627119,6540.26096527912
"U/N Reef (11-027)","M",22.2186258946845,-23.2931632995605,143.00056458,-11.12924671,NaN,NaN,NaN,NaN,NaN,NaN,NaN,NaN,NaN,NaN,84833.91059,0.346510960261177,0.0891734007197377,1084.12172047809
"U/N Reef (11-028)","M",74.6762715231454,-15.9641351699829,143.49406433,-11.10666275,NaN,NaN,NaN,NaN,NaN,NaN,NaN,NaN,NaN,NaN,4947698.257,0.0699669836499871,0.000474486467250549,14516.6470879355
"Monsoon Reef (11-029)","M",49.786396030074,-8.18982791900635,143.25291443,-11.12877846,NaN,NaN,NaN,NaN,NaN,NaN,NaN,NaN,NaN,NaN,4271488.762,0.379854730426414,0.0483009875581422,11659.1256674152
"U/N Reef (11-030)","M",67.832284949109,-16.4743003845215,143.44126892,-11.1438036,NaN,NaN,NaN,NaN,NaN,NaN,NaN,NaN,NaN,NaN,40857823.93,0.119890687773085,0.0156034738989995,64756.9055614993
"U/N Reef (11-031)","M",46.2091473714651,-18.9715118408203,143.22291565,-11.1421051,NaN,NaN,NaN,NaN,NaN,NaN,NaN,NaN,NaN,NaN,9822348.986,0.00879543394459773,0.0049505443606626,19775.1612698206
"U/N Reef (11-032)","M",65.1783899001946,-17.0450763702393,143.42150879,-11.1607399,NaN,NaN,NaN,NaN,NaN,NaN,NaN,NaN,NaN,NaN,4732532.73,0.0606066867793528,0.000888539901640699,10941.6726293613
"U/N Reef (11-033a)","M",61.449299134473,-15.1721878051758,143.39331055,-11.184021,NaN,NaN,NaN,NaN,NaN,NaN,NaN,NaN,NaN,NaN,7460965.292,0.229098392889914,0.0454473953281074,13120.2731448305
"U/N Reef (11-033b)","M",60.845124968266,-14.1569881439209,143.39369202,-11.20446301,NaN,NaN,NaN,NaN,NaN,NaN,NaN,NaN,NaN,NaN,1669088.17,0.331751611013474,0.0216754540128881,6191.36623801047
"Turning Point Patches (No 2) (11-048b)","M",74.073640920755,-19.9497165679932,143.54580688,-11.36818123,NaN,NaN,NaN,NaN,NaN,NaN,NaN,NaN,NaN,NaN,61789726.09,0.0523649185815645,0.00246192320465145,64358.3658400413
"U/N Reef (11-049)","M",52.3273973979579,-4.2850661277771,143.33546448,-11.36095428,NaN,NaN,NaN,NaN,NaN,NaN,NaN,NaN,NaN,NaN,3977814.943,0.542327067207274,0.0658311831920383,9417.04523951422
"U/N Reef (11-050)","M",33.3985712839673,-1.99806213378906,143.16064453,-11.37728596,NaN,NaN,NaN,NaN,NaN,NaN,NaN,NaN,NaN,NaN,8904421.082,0.191745172211429,0.0641400776847786,11648.1890464838
"U/N Reef (11-051)","I",23.832461697145,-30.5559730529785,143.07316589,-11.37047768,NaN,NaN,NaN,NaN,NaN,NaN,NaN,NaN,NaN,NaN,162260.2543,0.294069315220709,0.0884729652068835,1558.52284208125
"Cholmondeley Reef (11-052)","I",23.8121959199248,-0.908333420753479,143.07014465,-11.38962555,NaN,NaN,NaN,NaN,NaN,NaN,NaN,NaN,NaN,NaN,8565700.988,0.294069315220709,0.0641400776847786,12748.8410892399
"Jardine Reef (11-053)","I",19.9933843516977,-1.71444773674011,143.03533936,-11.38516045,NaN,NaN,NaN,NaN,NaN,NaN,NaN,NaN,NaN,NaN,1671078.079,0.294069315220709,0.0791293029990269,5467.74117986179
"U/N Reef (11-054)","I",34.6923763987551,-2.13239884376526,143.16517639,-11.43404198,NaN,NaN,NaN,NaN,NaN,NaN,NaN,NaN,NaN,NaN,10972633.23,0.191745172211429,0.0641400776847786,13846.2722923071
"Wallace Islet Reef (11-055)","I",21.6740374309448,-2.3369722366333,143.04203796,-11.45389843,NaN,NaN,NaN,NaN,NaN,NaN,NaN,NaN,NaN,NaN,4771861.247,0.346510960261177,0.0641400776847786,9050.76457922508
"Milman-Aplin Reef (11-035)","M",25.4948497044143,-0.568017601966858,143.03083801,-11.18211842,NaN,NaN,NaN,NaN,NaN,NaN,NaN,NaN,NaN,NaN,5690563.608,0.250674732582088,0.0650422990456151,11499.7371429096
"Parsons Reef (11-036)","M",41.5521261655453,-11.5675621032715,143.1975708,-11.18444061,NaN,NaN,NaN,NaN,NaN,NaN,NaN,NaN,NaN,NaN,12891372.36,0.207280149943468,0.0603492104444428,21084.8631323972
"Collette Reef (11-037)","M",52.5791442917547,-16.7415332794189,143.31806946,-11.21540451,NaN,NaN,NaN,NaN,NaN,NaN,NaN,NaN,NaN,NaN,23976096.89,0.378530550848514,0.0518343488030027,32907.6931524669
"Douglas Islet Reef (11-038)","M",19.733244969478,-0.876112639904022,143.00071716,-11.2432394,NaN,NaN,NaN,NaN,NaN,NaN,NaN,NaN,NaN,NaN,2045611.871,0.294069315220709,0.0650422990456151,6107.20380473815
"U/N Reef (11-039)","M",45.3953465088903,-5.42756128311157,143.25714111,-11.24144936,NaN,NaN,NaN,NaN,NaN,NaN,NaN,NaN,NaN,NaN,1629057.473,0.574741648642153,0.0883801970680125,4754.56803804197
"U/N Reef (11-040)","M",33.2140027227363,-9.11783790588379,143.14968872,-11.27138233,NaN,NaN,NaN,NaN,NaN,NaN,NaN,NaN,NaN,NaN,12499681.44,0.294069315220709,0.12982714233174,16492.5454244926
"U/N Reef (11-041a)","M",20.605225559817,-29.2661399841309,143.03419495,-11.28863144,NaN,NaN,NaN,NaN,NaN,NaN,NaN,NaN,NaN,NaN,290072.7681,0.294069315220709,0.0928521832813984,2163.49148501113
"U/N Reef (11-041b)","M",21.8890597547758,-29.0634002685547,143.04618835,-11.28736115,NaN,NaN,NaN,NaN,NaN,NaN,NaN,NaN,NaN,NaN,550504.515,0.294069315220709,0.0928521832813984,3040.60609209825
"U/N Reef (11-042)","M",37.6301568417166,-7.40593814849854,143.1962738,-11.29498386,NaN,NaN,NaN,NaN,NaN,NaN,NaN,NaN,NaN,NaN,11444770.73,0.358697037935443,0.0928521832813984,14476.3198020493
"Onslow Reef (11-043)","M",46.7689447208833,-34.3288269042969,143.28129578,-11.29741383,NaN,NaN,NaN,NaN,NaN,NaN,NaN,NaN,NaN,NaN,425969.9397,0.426924413986976,0.0565309715872495,2350.81491403378
"Wilds Shoal (11-044)","M",56.5888003827971,-18.1839389801025,143.36935425,-11.27690411,NaN,NaN,NaN,NaN,NaN,NaN,NaN,NaN,NaN,NaN,59186877.88,0.318968679585884,0.0332135715295459,49810.7403974235
"U/N Reef (11-045)","M",69.2003920223253,-16.7422924041748,143.48519897,-11.27064514,NaN,NaN,NaN,NaN,NaN,NaN,NaN,NaN,NaN,NaN,10367065.45,0.0564310031025735,0.00425307192501014,18545.431090335
"U/N Reef (11-046)","M",29.7008140412379,-5.05485534667969,143.126297,-11.31913948,NaN,NaN,NaN,NaN,NaN,NaN,NaN,NaN,NaN,NaN,1369655.871,0.358697037935443,0.0928521832813984,5581.14134748233
"U/N Reef (11-047)","M",29.6828798710121,-2.61742830276489,143.1277771,-11.34162426,NaN,NaN,NaN,NaN,NaN,NaN,NaN,NaN,NaN,NaN,3830650.367,0.358697037935443,0.0928521832813984,8543.60445328272
"Turning Point Patches (No 1) (11-048a)","M",59.998527675832,-14.7773962020874,143.40556335,-11.32917881,NaN,NaN,NaN,NaN,NaN,NaN,NaN,NaN,NaN,NaN,42179017.43,0.0828273605369028,0.0121340773837112,40728.8039169792
"U/N Reef (11-071)","M",75.664540461314,-18.3657722473145,143.54277039,-11.25432873,NaN,NaN,NaN,NaN,NaN,NaN,NaN,NaN,NaN,NaN,51180839.38,0.066621683472943,0.00575856307012068,52509.3674679389
"U/N Reef (11-072)","O",112.262021760997,-5.41229248046875,143.9954834,-11.28264427,NaN,NaN,NaN,NaN,NaN,NaN,NaN,NaN,NaN,NaN,810071.6638,0.714750934748522,0.0171270051863466,3405.65265220359
"U/N Reef (11-073)","O",113.097340181408,-3.72643947601318,144.00578308,-11.28243065,NaN,NaN,NaN,NaN,NaN,NaN,NaN,NaN,NaN,NaN,625804.5232,0.825999067019126,0.00761934380345203,3045.02779815301
"U/N Reef (11-074)","O",111.398238094903,-17.3875179290771,143.99632263,-11.29488564,NaN,NaN,NaN,NaN,NaN,NaN,NaN,NaN,NaN,NaN,1921823.538,0.328117061274261,0.0214409104765776,6262.59785043161
"U/N Reef (11-075)","O",110.006253864484,-13.1047916412354,143.97923279,-11.29531193,NaN,NaN,NaN,NaN,NaN,NaN,NaN,NaN,NaN,NaN,806651.7862,0.448459214501511,0.0140181268882175,3999.42670066638
"U/N Reef (11-076)","O",109.069736399111,-19.5549430847168,143.98078918,-11.30926514,NaN,NaN,NaN,NaN,NaN,NaN,NaN,NaN,NaN,NaN,826191.6322,0.318654073199528,0.00188902007083825,4858.55051289242
"U/N Reef (11-056a)","M",53.7095346255967,-15.9630260467529,143.40122986,-11.50461769,NaN,NaN,NaN,NaN,NaN,NaN,NaN,NaN,NaN,NaN,53862464.73,0.237923968192946,0.00392773501349232,37084.833836055
"U/N Reef (11-056b)","M",46.3656722636937,-11.3794898986816,143.27011108,-11.46175861,NaN,NaN,NaN,NaN,NaN,NaN,NaN,NaN,NaN,NaN,100524867.8,0.117461675302077,0.047211556220898,53115.6706981094
"U/N Reef (11-056c)","M",49.8058603342036,-12.71692943573,143.30992126,-11.39694595,NaN,NaN,NaN,NaN,NaN,NaN,NaN,NaN,NaN,NaN,33183950.09,0.163704526111502,0.0153815345016978,42245.6612726142
"U/N Reef (11-056d)","M",56.8813299329924,-15.3292598724365,143.37800598,-11.46033001,NaN,NaN,NaN,NaN,NaN,NaN,NaN,NaN,NaN,NaN,7192329.262,0.0122960285865681,0,13968.630408107
"Cochin Reef (11-057)","M",62.8729852289943,-15.3200235366821,143.43885803,-11.4305315,NaN,NaN,NaN,NaN,NaN,NaN,NaN,NaN,NaN,NaN,20903215.63,0.0627494601845187,0.00198633402192913,22695.437116539
"Parkinson Reef (11-058)","I",30.8168391112604,-1.46161782741547,143.12471008,-11.46813583,NaN,NaN,NaN,NaN,NaN,NaN,NaN,NaN,NaN,NaN,2419584.785,0.117461675302077,0.0641400776847786,6585.06014532499
"Monkman Reef (11-059)","I",34.3220429789642,-2.06497693061829,143.15672302,-11.4719553,NaN,NaN,NaN,NaN,NaN,NaN,NaN,NaN,NaN,NaN,7187485.737,0.14058310070679,0.0422376241393899,11596.2273673226
"U/N Reef (11-060)","I",25.7274803169174,-1.17957866191864,143.07514954,-11.48204327,NaN,NaN,NaN,NaN,NaN,NaN,NaN,NaN,NaN,NaN,1996882.131,0.346510960261177,0.0803861600827373,6013.2919306223
"Little Boydong Reef (11-061)","I",21.9131624671392,-1.42100918292999,143.04064941,-11.48878002,NaN,NaN,NaN,NaN,NaN,NaN,NaN,NaN,NaN,NaN,3040168.265,0.346510960261177,0.0803861600827373,7852.63289314509
"Boydong Island Reef (11-062)","I",20.5556739652966,-1.1346675157547,143.02876282,-11.4979887,NaN,NaN,NaN,NaN,NaN,NaN,NaN,NaN,NaN,NaN,4937813.577,0.346510960261177,0.0803861600827373,9330.86797235287
"U/N Reef (11-063a)","M",78.7192390873084,-16.4679374694824,143.49919128,-10.97768879,NaN,NaN,NaN,NaN,NaN,NaN,NaN,NaN,NaN,NaN,10899749.84,0.137178508909736,0.00817810494187351,18778.2670608017
"U/N Reef (11-063b)","M",87.6665230478931,-21.3089733123779,143.58938599,-11.01596832,NaN,NaN,NaN,NaN,NaN,NaN,NaN,NaN,NaN,NaN,23813733.69,0.192597808267513,0.0278709357893296,34023.8933496004
"U/N Reef (11-064)","M",92.3606757598548,-21.3145961761475,143.6618042,-11.09492207,NaN,NaN,NaN,NaN,NaN,NaN,NaN,NaN,NaN,NaN,85096175.04,0.0699669836499871,0.00505146947497944,107251.62631926
"U/N Reef (11-065)","M",82.4602652884328,-22.1864547729492,143.58425903,-11.15118408,NaN,NaN,NaN,NaN,NaN,NaN,NaN,NaN,NaN,NaN,9898891.301,0.0815964945508239,0.00443856316057346,23760.6463274004
"U/N Reef (11-066)","M",93.9646807778131,-17.4779205322266,143.69465637,-11.15713024,NaN,NaN,NaN,NaN,NaN,NaN,NaN,NaN,NaN,NaN,2255066.812,0.346510960261177,0.00408982283344319,6142.05296695632
"U/N Reef (11-067)","M",77.3690646897757,-18.9727191925049,143.53479004,-11.14823914,NaN,NaN,NaN,NaN,NaN,NaN,NaN,NaN,NaN,NaN,9801293.011,0.0829883891097503,0.00331705248611698,19662.8297457212
"U/N Reef (11-068)","M",81.5080380055925,-19.3788452148438,143.58891296,-11.20730495,NaN,NaN,NaN,NaN,NaN,NaN,NaN,NaN,NaN,NaN,10608227.57,0.0623348911773045,0.0018720327646338,19949.9621748372
"U/N Reef (11-069)","M",95.300973202253,-24.0051040649414,143.71478271,-11.19242096,NaN,NaN,NaN,NaN,NaN,NaN,NaN,NaN,NaN,NaN,52344882.63,0.0958108985374422,0.00415402370808837,49010.1329707839
"Maclennan Reef (No 1) (11-070a)","M",94.6994512998477,-17.3431205749512,143.79820251,-11.31483746,NaN,NaN,NaN,NaN,NaN,NaN,NaN,NaN,NaN,NaN,5115613.308,0.0958108985374422,0.00754191010806889,9720.43289095537
"Maclennan Reef (No 2) (11-070b)","M",90.0029243466446,-21.2970752716064,143.67514038,-11.25258923,NaN,NaN,NaN,NaN,NaN,NaN,NaN,NaN,NaN,NaN,63948162.95,0.0850190474973706,0.00541355219400823,63442.4384614935
"Maclennan Reef (No 3) (11-070c)","M",101.19719315482,-25.3631343841553,143.81921387,-11.25566387,NaN,NaN,NaN,NaN,NaN,NaN,NaN,NaN,NaN,NaN,28298408.89,0.146123053977452,0.0106116998386375,21264.9028509322
"Indefatigable Reef (11-103)","M",69.8384221114915,-20.3594455718994,143.6365509,-11.47353363,NaN,NaN,NaN,NaN,NaN,NaN,NaN,NaN,NaN,NaN,11586391.44,0.0379142924576014,0.00114636366701507,19139.7134790075
"U/N Reef (11-104)","M",75.5789610473914,-22.4158554077148,143.70748901,-11.46648026,NaN,NaN,NaN,NaN,NaN,NaN,NaN,NaN,NaN,NaN,19043202.07,0.0814892549292849,0.00340683352741662,23005.7770965764
"U/N Reef (11-105)","O",92.8083707353916,-18.4273014068604,143.92843628,-11.47588158,NaN,NaN,NaN,NaN,NaN,NaN,NaN,NaN,NaN,NaN,2540628.998,0.0842424708051629,0.0202827289489859,6790.46573603877
"U/N Reef (11-107)","O",100.818996579412,-24.1297512054443,144.01792908,-11.47539711,NaN,NaN,NaN,NaN,NaN,NaN,NaN,NaN,NaN,NaN,2715799.934,0.209340758038441,0.0233878210885576,13035.6378270944
"U/N Reef (11-108)","O",90.2892740745109,-15.4121150970459,143.90093994,-11.47789001,NaN,NaN,NaN,NaN,NaN,NaN,NaN,NaN,NaN,NaN,741136.6585,0.282668772206869,0.0156599552572707,3572.66737649341
"U/N Reef (11-109a)","O",91.3658429741379,-19.5568504333496,143.92416382,-11.49207115,NaN,NaN,NaN,NaN,NaN,NaN,NaN,NaN,NaN,NaN,6629126.236,0.247077530108065,0.0110715232178087,11187.7114666471
"U/N Reef (11-109b)","O",93.8730311572285,-19.9609966278076,143.94561768,-11.48265171,NaN,NaN,NaN,NaN,NaN,NaN,NaN,NaN,NaN,NaN,3689396.88,0.249537257390661,0.0130625628007827,9188.26177572302
"U/N Reef (11-110)","O",85.7995725859924,-18.0379657745361,143.85812378,-11.48993874,NaN,NaN,NaN,NaN,NaN,NaN,NaN,NaN,NaN,NaN,2704327.207,0.29886675328425,0.027898079976902,8706.45777559687
"U/N Reef (11-111)","M",61.1254640190522,-19.6786880493164,143.53808594,-11.49915504,NaN,NaN,NaN,NaN,NaN,NaN,NaN,NaN,NaN,NaN,33998153.28,0.0693424204155267,0.00345719361089591,29366.3606446505
"U/N Reef (11-112)","O",129.544048288081,-10.1596746444702,143.99794006,-11.0306673,NaN,NaN,NaN,NaN,NaN,NaN,NaN,NaN,NaN,NaN,2242630.238,0.351467897900514,0.0757034584894155,10437.2886209481
"U/N Reef (11-113)","O",131.31977442749,-10.3593645095825,144.01731873,-11.03934193,NaN,NaN,NaN,NaN,NaN,NaN,NaN,NaN,NaN,NaN,5790114.945,0.311230000675083,0.0231722135961655,11375.7511623462
"U/N Reef (11-114)","O",131.574545829778,-10.6252002716064,144.02238464,-11.04900837,NaN,NaN,NaN,NaN,NaN,NaN,NaN,NaN,NaN,NaN,1407949.358,0.388935108153078,0.0458264004437049,7749.59814597905
"U/N Reef (11-115)","O",133.359758357487,-10.6027755737305,144.03355408,-11.05487251,NaN,NaN,NaN,NaN,NaN,NaN,NaN,NaN,NaN,NaN,6684141.352,0.40234237922564,0.027371622411978,14434.9310749254
"U/N Reef (11-116)","O",132.686045906776,-7.3645806312561,144.04071045,-11.06919193,NaN,NaN,NaN,NaN,NaN,NaN,NaN,NaN,NaN,NaN,1413174.774,0.627342507433787,0.0211603623539174,4927.79252577452
"U/N Reef (11-117)","O",130.123329773369,-13.8689432144165,144.04400635,-11.10342503,NaN,NaN,NaN,NaN,NaN,NaN,NaN,NaN,NaN,NaN,12011359.05,0.413436040931201,0.0116969529356261,24008.4873524392
"U/N Reef (11-118a)","O",127.043136307663,-13.0498142242432,144.03330994,-11.13163185,NaN,NaN,NaN,NaN,NaN,NaN,NaN,NaN,NaN,NaN,3797331.643,0.366058222476408,0.0154556279635232,10410.7888260501
"U/N Reef (11-118b)","O",125.74724296698,-21.627836227417,144.02575684,-11.14067173,NaN,NaN,NaN,NaN,NaN,NaN,NaN,NaN,NaN,NaN,563666.6635,0.0897591405302374,0.00138624155259054,3113.81561742306
"U/N Reef (11-119)","O",127.843301114791,-9.12660694122314,144.05844116,-11.14598274,NaN,NaN,NaN,NaN,NaN,NaN,NaN,NaN,NaN,NaN,12419947.16,0.406084864116759,0.0202173502767992,18177.5466765907
"U/N Reef (11-077)","O",106.61089828203,-13.5267171859741,143.9624176,-11.32235336,NaN,NaN,NaN,NaN,NaN,NaN,NaN,NaN,NaN,NaN,6389622.884,0.268331066937616,0.0198475148588978,11041.4168078541
"U/N Reef (11-078)","O",107.734216995043,-12.9418134689331,143.98179626,-11.32816887,NaN,NaN,NaN,NaN,NaN,NaN,NaN,NaN,NaN,NaN,175479.8355,0.514983351831299,0.00388457269700333,1720.12991751896
"U/N Reef (11-079)","M",71.0204821889741,-20.0720748901367,143.50567627,-11.30826569,NaN,NaN,NaN,NaN,NaN,NaN,NaN,NaN,NaN,NaN,5631800.117,0.067335941274665,0.00612449444355016,13235.4369504131
"U/N Reef (11-080)","M",87.2220194914504,-22.9343891143799,143.67254639,-11.30496693,NaN,NaN,NaN,NaN,NaN,NaN,NaN,NaN,NaN,NaN,12093558.9,0.0974880586629261,0.00550575551345495,16150.536661305
"U/N Reef (11-081)","O",104.199746916737,-11.5969924926758,143.95658875,-11.34822178,NaN,NaN,NaN,NaN,NaN,NaN,NaN,NaN,NaN,NaN,2144208.447,0.425462161916037,0.0265458519260541,8623.04482330118
"U/N Reef (11-082)","O",103.262092157941,-9.91660499572754,143.95201111,-11.3558569,NaN,NaN,NaN,NaN,NaN,NaN,NaN,NaN,NaN,NaN,1306350.855,0.313256613361232,0.023987445822747,4735.16932156354
"U/N Reef (11-083)","O",103.865791610366,-22.8318138122559,143.96405029,-11.36100101,NaN,NaN,NaN,NaN,NaN,NaN,NaN,NaN,NaN,NaN,179296.8918,0.250135943447526,0.0179445350734095,1794.60787353468
"U/N Reef (11-084)","O",104.654141298953,-9.81125259399414,143.97657776,-11.36436653,NaN,NaN,NaN,NaN,NaN,NaN,NaN,NaN,NaN,NaN,966352.7078,0.631493834647261,0.00282999797857287,4112.99687171366
"U/N Reef (11-085)","O",102.654235796363,-8.91276264190674,143.95170593,-11.36373138,NaN,NaN,NaN,NaN,NaN,NaN,NaN,NaN,NaN,NaN,225052.947,0.643752702118461,0.00778210116731518,1953.39523780997
"U/N Reef (11-087a)","O",101.422943222847,-13.5180349349976,143.94441223,-11.37235832,NaN,NaN,NaN,NaN,NaN,NaN,NaN,NaN,NaN,NaN,1560851.761,0.451933770819895,0.0158245287500535,5832.66711915101
"U/N Reef (11-087b)","O",102.687028718838,-9.02331924438477,143.95904541,-11.37150669,NaN,NaN,NaN,NaN,NaN,NaN,NaN,NaN,NaN,NaN,2700406.794,0.430893547515326,0.013810225166941,6860.86780823079
"U/N Reef (11-088)","O",101.915690175183,-15.5318174362183,143.9599762,-11.38324833,NaN,NaN,NaN,NaN,NaN,NaN,NaN,NaN,NaN,NaN,1292609.085,0.398791996979992,0.0157040392600982,6596.52387115076
"U/N Reef (11-089a)","O",102.887403949395,-22.7945766448975,143.9783783,-11.39129829,NaN,NaN,NaN,NaN,NaN,NaN,NaN,NaN,NaN,NaN,697284.2935,0.324324324324324,0.0124632404425151,3817.32092407266
"U/N Reef (11-089b)","O",101.150097975311,-14.125431060791,143.95849609,-11.39221954,NaN,NaN,NaN,NaN,NaN,NaN,NaN,NaN,NaN,NaN,2121042.446,0.361093217999448,0.0216251035244318,8216.20543344068
"U/N Reef (11-090)","M",79.4829564973903,-22.7733459472656,143.5897522,-11.33642387,NaN,NaN,NaN,NaN,NaN,NaN,NaN,NaN,NaN,NaN,6100445.69,0.0523649185815645,0.00246192320465145,10854.3881636222
"U/N Reef (11-091)","O",100.863692463808,-6.92062473297119,143.96368408,-11.4024229,NaN,NaN,NaN,NaN,NaN,NaN,NaN,NaN,NaN,NaN,1162544.972,0.451796208855136,0.0274074116329258,5038.96707022392
"U/N Reef (11-092)","M",84.0991364853951,-23.4077453613281,143.71549988,-11.37110806,NaN,NaN,NaN,NaN,NaN,NaN,NaN,NaN,NaN,NaN,49062726.48,0.0974880586629261,0.00550575551345495,50812.9288977287
"U/N Reef (11-093)","M",85.5009389978667,-19.3779945373535,143.76898193,-11.40065575,NaN,NaN,NaN,NaN,NaN,NaN,NaN,NaN,NaN,NaN,5647156.087,0.074227196457299,0.00444567454894567,13089.9551593625
"U/N Reef (11-094)","O",100.325621695056,-6.65618562698364,143.9649353,-11.41164684,NaN,NaN,NaN,NaN,NaN,NaN,NaN,NaN,NaN,NaN,296955.9486,0.665573770491803,0.0478688524590164,3162.09079533147
"U/N Reef (11-095)","O",100.417176074113,-17.0914821624756,143.96955872,-11.41603661,NaN,NaN,NaN,NaN,NaN,NaN,NaN,NaN,NaN,NaN,353792.3961,0.328721638074156,0.0127282789153293,2718.56944022174
"U/N Reef (11-096)","O",100.537753990074,-12.0879573822021,143.97505188,-11.42115688,NaN,NaN,NaN,NaN,NaN,NaN,NaN,NaN,NaN,NaN,346447.2052,0.506332676611314,0.0104137348719392,3407.46813794379
"U/N Reef (11-097)","O",100.034337095166,-9.83290195465088,143.97415161,-11.42740726,NaN,NaN,NaN,NaN,NaN,NaN,NaN,NaN,NaN,NaN,674900.3596,0.500209361725758,0.0236702887487616,4381.32417654467
"Risk Reef (11-098)","M",83.6942313115823,-16.6895866394043,143.76768494,-11.42281246,NaN,NaN,NaN,NaN,NaN,NaN,NaN,NaN,NaN,NaN,4698708.607,0.122426080994037,0.0045296818833503,8919.7857676436
"U/N Reef (11-099)","M",68.4425691068402,-20.7279796600342,143.5422821,-11.42419815,NaN,NaN,NaN,NaN,NaN,NaN,NaN,NaN,NaN,NaN,54778161.82,0.0890303666340997,0.00302054766171996,47066.7149243071
"Shadwell Reef (11-100)","M",80.9743581889598,-21.6502437591553,143.7689209,-11.45784378,NaN,NaN,NaN,NaN,NaN,NaN,NaN,NaN,NaN,NaN,5327542.825,0.0841273913362164,0.00454445503188448,12342.0016519712
"U/N Reef (11-101)","M",62.7814812390231,-21.3741321563721,143.51196289,-11.46584606,NaN,NaN,NaN,NaN,NaN,NaN,NaN,NaN,NaN,NaN,7076102.47,0.0890303666340997,0.00302054766171996,14613.1457285811
"U/N Reef (11-102)","O",97.1020868054883,-12.4106283187866,143.96772766,-11.46307278,NaN,NaN,NaN,NaN,NaN,NaN,NaN,NaN,NaN,NaN,4545483.666,0.388169618894257,0.0190230810520666,8946.37371325494
"U/N Reef (11-157)","M",54.8699955885397,-19.9879093170166,143.51637268,-11.55274868,NaN,NaN,NaN,NaN,NaN,NaN,NaN,NaN,NaN,NaN,97714003.27,0.12972420173398,0.0194578305351293,69793.2740317888
"U/N Reef (11-158)","I",37.8083585015284,-2.3058226108551,143.23187256,-11.58026981,NaN,NaN,NaN,NaN,NaN,NaN,NaN,NaN,NaN,NaN,8187849.405,0.369087822866567,0.0390618658869111,12631.659994661
"U/N Reef (11-120)","O",124.857955155606,-5.49926900863647,144.06002808,-11.18517208,NaN,NaN,NaN,NaN,NaN,NaN,NaN,NaN,NaN,NaN,2716219.387,0.662939928820505,0.0189093000683036,6941.18732398728
"U/N Reef (11-121)","O",123.020407192513,-15.8442554473877,144.04362488,-11.19242764,NaN,NaN,NaN,NaN,NaN,NaN,NaN,NaN,NaN,NaN,1633475.493,0.260180589607128,0.00890988459008551,6456.56220793895
"U/N Reef (11-122)","O",122.605125160018,-10.7470188140869,144.04663086,-11.20068359,NaN,NaN,NaN,NaN,NaN,NaN,NaN,NaN,NaN,NaN,1974361.048,0.305484062561869,0.0329142744011087,9181.38477958713
"U/N Reef (11-123)","O",122.241242762246,-11.7420787811279,144.05099487,-11.20973969,NaN,NaN,NaN,NaN,NaN,NaN,NaN,NaN,NaN,NaN,1578084.683,0.224096385542169,0.042570281124498,5825.41304541543
"U/N Reef (11-124)","O",122.05074033638,-12.880786895752,144.05621338,-11.21752453,NaN,NaN,NaN,NaN,NaN,NaN,NaN,NaN,NaN,NaN,427474.5351,0.263253679237055,0.0281314800385641,2960.78366865151
"Stark Reef (11-125)","O",119.506821120586,-6.41812705993652,144.06565857,-11.26131248,NaN,NaN,NaN,NaN,NaN,NaN,NaN,NaN,NaN,NaN,16927924.32,0.614587719551236,0.00798315692325441,29146.9317091527
"U/N Reef (11-126a)","O",115.068038607987,-10.8196878433228,144.01251221,-11.26356697,NaN,NaN,NaN,NaN,NaN,NaN,NaN,NaN,NaN,NaN,220276.3405,0.211168782408221,0.0243231805639695,1832.49488058475
"U/N Reef (11-126b)","O",115.095819955193,-9.75626659393311,144.01832581,-11.26926422,NaN,NaN,NaN,NaN,NaN,NaN,NaN,NaN,NaN,NaN,1601936.216,0.342818841021266,0.0413137529705685,5762.16315055469
"U/N Reef (11-127a)","O",116.136706265939,-17.0212707519531,144.02409363,-11.2616024,NaN,NaN,NaN,NaN,NaN,NaN,NaN,NaN,NaN,NaN,736408.2899,0.217154978125414,0.028900967784701,3981.4176412774
"U/N Reef (11-127b)","O",115.225410613806,-10.7885160446167,144.02641296,-11.27613068,NaN,NaN,NaN,NaN,NaN,NaN,NaN,NaN,NaN,NaN,704158.3649,0.479634247714048,0.00872817955112219,3985.00147120263
"U/N Reef (11-128)","O",115.619706718291,-9.16232490539551,144.03422546,-11.27928543,NaN,NaN,NaN,NaN,NaN,NaN,NaN,NaN,NaN,NaN,2120471.199,0.385132645541636,0.023259027266028,7023.45194001737
"U/N Reef (11-129)","O",116.645634380595,-15.7439031600952,144.04411316,-11.27628613,NaN,NaN,NaN,NaN,NaN,NaN,NaN,NaN,NaN,NaN,2359973.963,0.234960695076541,0.0277616880430285,8455.46996553707
"Moulter Reef (11-130)","O",105.8348638247,-8.62115478515625,144.03823853,-11.42467117,NaN,NaN,NaN,NaN,NaN,NaN,NaN,NaN,NaN,NaN,5678725.433,0.575294683666105,0.0163579504450325,15560.7558136336
"Saunders Reef (11-131)","O",104.515192871479,-16.5281658172607,144.06993103,-11.49401855,NaN,NaN,NaN,NaN,NaN,NaN,NaN,NaN,NaN,NaN,29369730.47,0.443395019417047,0.0132485905111967,31268.5948367584
"Hunter Reefs (11-132)","I",3.61114335437172,-8.64710712432861,142.8727417,-11.51218605,NaN,NaN,NaN,NaN,NaN,NaN,NaN,NaN,NaN,NaN,4713112.262,0.346510960261177,0.0803861600827373,8328.0784759715
"U/N Reef (11-133)","I",1.13479581959206,-2.05501914024353,142.84375,-11.56365871,NaN,NaN,NaN,NaN,NaN,NaN,NaN,NaN,NaN,NaN,5089549.817,0.346510960261177,0.0619986840126049,12732.5814816845
"Pirie Reef (11-134)","I",5.04971956932407,-3.39649105072021,142.89834595,-11.59038353,NaN,NaN,NaN,NaN,NaN,NaN,NaN,NaN,NaN,NaN,1037695.752,0.346510960261177,0.0400962304672162,3906.16785827839
"U/N Reef (11-135)","I",0.14349793783936,-0.159724518656731,142.85691833,-11.62756252,NaN,NaN,NaN,NaN,NaN,NaN,NaN,NaN,NaN,NaN,451489.9426,0.346510960261177,0.0256611283935836,3654.08377574989
"Hannibal Islands Reef (11-136)","I",9.61543431918196,-4.18585014343262,142.93969727,-11.59758282,NaN,NaN,NaN,NaN,NaN,NaN,NaN,NaN,NaN,NaN,3592634.657,0.346510960261177,0.0400962304672162,7212.4945835036
"U/N Reef (11-137)","I",5.56991696470234,-2.28952550888062,142.90745544,-11.65137577,NaN,NaN,NaN,NaN,NaN,NaN,NaN,NaN,NaN,NaN,884442.8694,0.346510960261177,0.0256611283935836,4785.56391135366
"MacArthur Islands Reef (11-138)","I",14.0483045976425,-1.18805491924286,142.98638916,-11.73176193,NaN,NaN,NaN,NaN,NaN,NaN,NaN,NaN,NaN,NaN,2978256.953,0.346510960261177,0.0154785021283013,7151.05772798033
"U/N Reef (11-139)","I",12.632958553864,-1.98525512218475,142.97335815,-11.75949955,NaN,NaN,NaN,NaN,NaN,NaN,NaN,NaN,NaN,NaN,6432660.894,0.346510960261177,0.0154785021283013,10170.1272728101
"U/N Reef (11-140)","I",4.29167775460611,-4.14405250549316,142.89595032,-11.76236153,NaN,NaN,NaN,NaN,NaN,NaN,NaN,NaN,NaN,NaN,638954.9767,0.346510960261177,0.0154785021283013,3397.49017604306
"U/N Reef (11-141)","I",6.5691196410444,-4.50345706939697,142.91564941,-11.76965237,NaN,NaN,NaN,NaN,NaN,NaN,NaN,NaN,NaN,NaN,1188216.268,0.346510960261177,0.0154785021283013,4259.66551790491
"U/N Reef (11-142)","I",8.8236435403465,-2.16980624198914,142.93643188,-11.77186203,NaN,NaN,NaN,NaN,NaN,NaN,NaN,NaN,NaN,NaN,4813092.032,0.346510960261177,0.0154785021283013,9798.1352873055
"U/N Reef (11-143)","I",10.8288730881049,-6.90456390380859,142.95544434,-11.77073002,NaN,NaN,NaN,NaN,NaN,NaN,NaN,NaN,NaN,NaN,99738.44259,0.346510960261177,0.0154785021283013,1234.12607639272
"U/N Reef (11-144)","I",3.55130475719917,-6.75391530990601,142.87834167,-11.78083801,NaN,NaN,NaN,NaN,NaN,NaN,NaN,NaN,NaN,NaN,148809.0035,0.346510960261177,0.0154785021283013,1370.43937795098
"U/N Reef (11-145)","I",0.414696919815785,-2.02109861373901,142.85627747,-11.79974651,NaN,NaN,NaN,NaN,NaN,NaN,NaN,NaN,NaN,NaN,2731160.853,0.346510960261177,0.0154785021283013,7448.1867702018
"Nigger Head Reef (11-146)","I",9.15294309076075,-8.18019008636475,142.9365387,-11.79674053,NaN,NaN,NaN,NaN,NaN,NaN,NaN,NaN,NaN,NaN,439178.2506,0.346510960261177,0.0154785021283013,2645.51230090009
"U/N Reef (11-147)","I",5.21376550178281,-3.91412615776062,142.90016174,-11.80533791,NaN,NaN,NaN,NaN,NaN,NaN,NaN,NaN,NaN,NaN,1370877.681,0.346510960261177,0.0154785021283013,4497.08191726205
"U/N Reef (11-148)","I",4.28240393104207,-5.75669622421265,142.89602661,-11.82666588,NaN,NaN,NaN,NaN,NaN,NaN,NaN,NaN,NaN,NaN,198811.4749,0.346510960261177,0.0154785021283013,1769.40315771018
"U/N Reef (11-149)","I",1.0596461303328,-2.84721922874451,142.87564087,-11.84887314,NaN,NaN,NaN,NaN,NaN,NaN,NaN,NaN,NaN,NaN,11721654.83,0.346510960261177,0.0154785021283013,15885.1072796285
"U/N Reef (11-150)","I",6.00470570864732,-5.81033229827881,142.9387207,-11.84314537,NaN,NaN,NaN,NaN,NaN,NaN,NaN,NaN,NaN,NaN,275473.2239,0.346510960261177,0.0154785021283013,1903.97533656166
"U/N Reef (11-151)","I",6.72765003590424,-7.5228157043457,142.99359131,-11.86193657,NaN,NaN,NaN,NaN,NaN,NaN,NaN,NaN,NaN,NaN,626263.8303,0.346510960261177,0.0154785021283013,3297.29277974022
"U/N Reef (11-152)","I",1.0320374617829,-2.2273964881897,142.91256714,-11.87988281,NaN,NaN,NaN,NaN,NaN,NaN,NaN,NaN,NaN,NaN,5489411.438,0.346510960261177,0.0154785021283013,11295.0679230187
"U/N Reef (11-153)","I",3.2056476571856,-4.67854642868042,142.97039795,-11.88442802,NaN,NaN,NaN,NaN,NaN,NaN,NaN,NaN,NaN,NaN,192828.2676,0.346510960261177,0.031366668677117,1944.08483836705
"U/N Reef (11-154)","I",26.1373794460794,-1.05084359645844,143.08181763,-11.51834106,NaN,NaN,NaN,NaN,NaN,NaN,NaN,NaN,NaN,NaN,2380439.82,0.346510960261177,0.0422376241393899,6430.11422444736
"U/N Reef (11-155)","I",36.0041920805117,-3.42681980133057,143.17790222,-11.53164673,NaN,NaN,NaN,NaN,NaN,NaN,NaN,NaN,NaN,NaN,31900920.53,0.286107469933805,0.0422376241393899,28832.8280778569
"Wizard Reef (11-156)","I",18.3704349408033,-1.4989367723465,143.0166626,-11.55002689,NaN,NaN,NaN,NaN,NaN,NaN,NaN,NaN,NaN,NaN,21632160.49,0.346510960261177,0.0400962304672162,17416.7423452309
"Bird Islands Reef (South) (11-169)","I",12.2165218175902,-2.328373670578,143.08561707,-11.78908348,NaN,NaN,NaN,NaN,NaN,NaN,NaN,NaN,NaN,NaN,760143.2299,0.434272534062518,0.0154785021283013,3881.32995479505
"Chimmo Shoal (11-170)","I",17.0527693444439,-8.14805126190186,143.24612427,-11.80407715,NaN,NaN,NaN,NaN,NaN,NaN,NaN,NaN,NaN,NaN,174628.0459,0.681919642857143,0.00390625,1651.46228942184
"Guthray Reef (11-171)","I",17.6658437124732,-10.6153354644775,143.26498413,-11.80193138,NaN,NaN,NaN,NaN,NaN,NaN,NaN,NaN,NaN,NaN,1324115.31,0.379842101379768,0.033571902899727,5110.46617874672
"U/N Reef (11-172)","I",12.4650315411919,-16.3772773742676,143.0092926,-11.80706882,NaN,NaN,NaN,NaN,NaN,NaN,NaN,NaN,NaN,NaN,160389.0771,0.346510960261177,0.0154785021283013,1469.63022690064
"Cockburn Reef (11-173)","I",21.2129462280689,-12.5035409927368,143.36331177,-11.82064915,NaN,NaN,NaN,NaN,NaN,NaN,NaN,NaN,NaN,NaN,294848248.6,0.178848052413546,0.0272701487898927,82153.557867362
"Magra Reef (11-174)","I",12.1306254678159,-8.7752685546875,143.28555298,-11.86389256,NaN,NaN,NaN,NaN,NaN,NaN,NaN,NaN,NaN,NaN,3360524.785,0.317343709166933,0.056621853131624,7728.29441114723
"U/N Reef (11-175)","I",11.9641851448192,-12.6965379714966,143.29707336,-11.87399673,NaN,NaN,NaN,NaN,NaN,NaN,NaN,NaN,NaN,NaN,651614.5107,0.435075632769208,0.134641305975738,3276.04470445862
"Rodney Reef (11-176)","I",0.297053421233886,-3.0984833240509,143.10734558,-11.89486122,NaN,NaN,NaN,NaN,NaN,NaN,NaN,NaN,NaN,NaN,2105616.211,0.499631676012038,0.031366668677117,6679.2609234679
"U/N Reef (11-177)","I",0.653768729520462,-2.78618168830872,143.12910461,-11.9063139,NaN,NaN,NaN,NaN,NaN,NaN,NaN,NaN,NaN,NaN,788590.7639,0.478112994931095,0.065056469702454,3635.25076216849
"Cockburn Patch (11-178)","I",12.3443441859281,-7.88529968261719,143.33795166,-11.91106606,NaN,NaN,NaN,NaN,NaN,NaN,NaN,NaN,NaN,NaN,206842.8419,0.885176470588235,0.0894117647058824,1914.07471036905
"Erlangen Patch (11-179)","I",13.1375346851865,-6.71739435195923,143.35099792,-11.91815186,NaN,NaN,NaN,NaN,NaN,NaN,NaN,NaN,NaN,NaN,236450.0048,0.881818181818182,0.106198347107438,1869.22599000064
"Paluma Shoal (11-180)","I",9.33827836613573,-39.8677062988281,143.3105011,-11.920434,NaN,NaN,NaN,NaN,NaN,NaN,NaN,NaN,NaN,NaN,126914.1193,0.734023428391875,0.110083805929686,1449.23035760874
"U/N Reef (11-159)","I",35.0332983722609,-2.0392894744873,143.17852783,-11.59020042,NaN,NaN,NaN,NaN,NaN,NaN,NaN,NaN,NaN,NaN,16277560.67,0.271090265939418,0.0400962304672162,17977.5578645911
"U/N Reef (11-160)","M",46.4309214134636,-10.569580078125,143.42359924,-11.58607197,NaN,NaN,NaN,NaN,NaN,NaN,NaN,NaN,NaN,NaN,38383158.68,0.258026023193922,0.0482986204755823,31685.2412193165
"Viking Reef (11-161)","I",17.1819177992589,-2.11430859565735,143.01045227,-11.59418392,NaN,NaN,NaN,NaN,NaN,NaN,NaN,NaN,NaN,NaN,3773426.972,0.346510960261177,0.0400962304672162,8380.54737302241
"U/N Reef (11-162)","I",38.300936718132,-2.43058037757874,143.29081726,-11.60404396,NaN,NaN,NaN,NaN,NaN,NaN,NaN,NaN,NaN,NaN,3417309.93,0.454753264565534,0.0641197816955739,7228.87743933793
"U/N Reef (11-163)","M",49.1850938643241,-21.4664249420166,143.52058411,-11.62067795,NaN,NaN,NaN,NaN,NaN,NaN,NaN,NaN,NaN,NaN,43391696.77,0.106165903950461,0.0179030943182993,53936.2235504187
"U/N Reef (11-164)","M",37.1777274325171,-18.402063369751,143.43362427,-11.6906004,NaN,NaN,NaN,NaN,NaN,NaN,NaN,NaN,NaN,NaN,98342531.35,0.0366886152539042,0.00257467449325364,59588.6887256942
"Thrush Reef (11-165)","I",22.7219201930975,-1.38222181797028,143.19277954,-11.7113266,NaN,NaN,NaN,NaN,NaN,NaN,NaN,NaN,NaN,NaN,6607974.5,0.434272534062518,0.0154785021283013,10077.9163394202
"Forwood Reef (11-166)","I",23.4098239757291,-14.937087059021,143.2484436,-11.73574638,NaN,NaN,NaN,NaN,NaN,NaN,NaN,NaN,NaN,NaN,3693893.486,0.241055857950642,0.00895735348517677,8301.34970809841
"Bird Islands Reef (North) (11-167)","I",14.1965541848927,-1.24077570438385,143.08876038,-11.77057457,NaN,NaN,NaN,NaN,NaN,NaN,NaN,NaN,NaN,NaN,1363112.39,0.434272534062518,0.0154785021283013,5523.36526461406
"Fairway Reef (11-168)","I",21.7255964214151,-29.550630569458,143.24330139,-11.75084782,NaN,NaN,NaN,NaN,NaN,NaN,NaN,NaN,NaN,NaN,970.9823157,0.434272534062518,0.0154785021283013,50
"Three Reefs (11-223)","O",74.3145627785152,-7.00940275192261,143.89483643,-11.76935005,NaN,NaN,NaN,NaN,NaN,NaN,NaN,NaN,NaN,NaN,7545338.41,0.632209522846221,0.09970986419741,15883.7199120945
"U/N Reef (11-224)","O",71.2729909490127,-6.01344013214111,143.86940002,-11.7812767,NaN,NaN,NaN,NaN,NaN,NaN,NaN,NaN,NaN,NaN,129055.1651,0.680995475113122,0.169683257918552,1376.25824335722
"U/N Reef (11-225)","O",70.9586687127484,-6.48469257354736,143.86950684,-11.79114723,NaN,NaN,NaN,NaN,NaN,NaN,NaN,NaN,NaN,NaN,631054.7896,0.648468914321064,0.129446334673678,3219.88024493751
"U/N Reef (11-226)","O",70.1132282285021,-6.74822521209717,143.86431885,-11.80082989,NaN,NaN,NaN,NaN,NaN,NaN,NaN,NaN,NaN,NaN,385165.2562,0.692288242730721,0.0275600505689001,2326.89231313523
"U/N Reef (11-227)","O",69.9510783522448,-9.82510471343994,143.86500549,-11.80861473,NaN,NaN,NaN,NaN,NaN,NaN,NaN,NaN,NaN,NaN,696547.3784,0.584591713283616,0.0612151668742992,3965.9824718995
"Wood Reef (11-228)","O",81.1033232084125,-16.2066078186035,143.96910095,-11.80197906,NaN,NaN,NaN,NaN,NaN,NaN,NaN,NaN,NaN,NaN,8367169.793,0.25693117748474,0.0121848935277946,11777.091481559
"Sunday Reef (11-181)","I",3.81370434971397,-16.0481567382812,143.20753479,-11.92708302,NaN,NaN,NaN,NaN,NaN,NaN,NaN,NaN,NaN,NaN,747177.4721,0.478112994931095,0.065056469702454,4944.98737437773
"Bremner Shoal (11-182)","I",1.78363094312246,-14.2676839828491,143.21601868,-11.94352055,NaN,NaN,NaN,NaN,NaN,NaN,NaN,NaN,NaN,NaN,184828.7117,0.385511803313581,0.0690209081638286,1801.73940500561
"Outer Reef (11-183)","I",2.30701855952479,-31.8585414886475,143.24200439,-11.94246387,NaN,NaN,NaN,NaN,NaN,NaN,NaN,NaN,NaN,NaN,85126.25738,0.545865270841459,0.0935583079377481,1270.08773881664
"Queue Reef (11-184a)","I",14.5217377066091,-4.93971538543701,143.37141418,-11.93292141,NaN,NaN,NaN,NaN,NaN,NaN,NaN,NaN,NaN,NaN,1071438.614,0.462349945434704,0.0667515460167334,3785.37725843808
"Wreck Reef (11-184b)","M",18.9683280722741,-5.3138222694397,143.41717529,-11.94813156,NaN,NaN,NaN,NaN,NaN,NaN,NaN,NaN,NaN,NaN,1157282.723,0.673546756529065,0.049452401010952,4135.81408978878
"Sir Charles Hardy Islands Reef (11-184c)","M",28.2490974702914,-15.4681119918823,143.4964447,-11.91147614,NaN,NaN,NaN,NaN,NaN,NaN,NaN,NaN,NaN,NaN,195405908.7,0.0757427239850712,0.021682559424407,75259.6669971224
"Nob Reef (11-185)","I",3.63555984252588,-1.17907381057739,143.26882935,-11.95176506,NaN,NaN,NaN,NaN,NaN,NaN,NaN,NaN,NaN,NaN,213977.7696,0.574789390454015,0.0799508786885814,2194.90090925738
"U/N Reef (11-186)","I",3.24219224748571,-1.19519519805908,143.27107239,-11.96063519,NaN,NaN,NaN,NaN,NaN,NaN,NaN,NaN,NaN,NaN,741940.1458,0.72370357347034,0.070469892399148,3968.201356479
"Harvey Reef (11-187)","I",2.53489291647063,-0.714596390724182,143.26773071,-11.96995258,NaN,NaN,NaN,NaN,NaN,NaN,NaN,NaN,NaN,NaN,590121.7901,0.72370357347034,0.070469892399148,5431.48540077333
"Clerke Reef (11-188)","I",4.50351243536419,-1.91405951976776,143.28601074,-11.96976376,NaN,NaN,NaN,NaN,NaN,NaN,NaN,NaN,NaN,NaN,840504.7956,0.72370357347034,0.070469892399148,4549.51154961894
"Perry Reef (11-189)","I",1.12845347984132,-0.695940136909485,143.25473022,-11.97135067,NaN,NaN,NaN,NaN,NaN,NaN,NaN,NaN,NaN,NaN,202969.358,0.591522010292984,0.0350704433633354,2377.13226962498
"Cape Grenville Reef (No 1) (11-190a)","I",0.925673506435646,-7.86137437820435,143.23403931,-11.95914268,NaN,NaN,NaN,NaN,NaN,NaN,NaN,NaN,NaN,NaN,1468824.935,0.385511803313581,0.0690209081638286,7131.27014731701
"Cape Grenville Reef (No 2) (11-190b)","I",0.330932680494173,-3.62942886352539,143.24432373,-11.97168732,NaN,NaN,NaN,NaN,NaN,NaN,NaN,NaN,NaN,NaN,54511.11257,0.591522010292984,0.0350704433633354,1928.47921802279
"Cape Grenville Reef (No 3) (11-190c)","I",0.562214821295266,-0.1099494099617,143.21980286,-11.98335934,NaN,NaN,NaN,NaN,NaN,NaN,NaN,NaN,NaN,NaN,499007.189,0.441488397686642,0.0501469571199539,3284.43309104915
"Hicks Reef (11-191)","I",2.91505505380474,-2.59737873077393,143.27005005,-11.98371029,NaN,NaN,NaN,NaN,NaN,NaN,NaN,NaN,NaN,NaN,1400961.485,0.591522010292984,0.0350704433633354,6852.30723347361
"Middle Reef (11-192)","I",1.62816450824772,-20.2431755065918,143.25653076,-11.98383236,NaN,NaN,NaN,NaN,NaN,NaN,NaN,NaN,NaN,NaN,111170.137,0.591522010292984,0.0350704433633354,1226.19501704406
"Twin Reefs (North) (11-193a)","I",3.37249146363587,-9.15909576416016,143.26808167,-11.99476337,NaN,NaN,NaN,NaN,NaN,NaN,NaN,NaN,NaN,NaN,52704.75788,0.591522010292984,0.0350704433633354,923.791197317476
"Twin Reefs (South) (11-193b)","I",3.57863034108137,-25.1933345794678,143.26725769,-11.99822807,NaN,NaN,NaN,NaN,NaN,NaN,NaN,NaN,NaN,NaN,36888.00913,0.591522010292984,0.0350704433633354,740.330625163778
"Gore Reef (11-194)","I",1.76104509110262,-1.30724942684174,143.24754333,-11.99023438,NaN,NaN,NaN,NaN,NaN,NaN,NaN,NaN,NaN,NaN,712598.0666,0.591522010292984,0.0350704433633354,4057.10563554967
"South Reef (11-195)","I",2.29364430846003,-5.88653659820557,143.24118042,-11.99827003,0.30726,4.2633,34.79817,1.31318,22.76416,0.07396,0.04487,0.36346,0.37674,"Habitat Protection",509560.7589,0.591522010292984,0.0350704433633354,2965.61809602425
"U/N Reef (11-196)","O",93.5157915696264,-17.8832187652588,143.96231079,-11.51206398,NaN,NaN,NaN,NaN,NaN,NaN,NaN,NaN,NaN,NaN,219608.2089,0.433140826299422,0,1696.07907580896
"U/N Reef (11-197)","O",85.1408141512121,-8.00337505340576,143.86936951,-11.51364994,NaN,NaN,NaN,NaN,NaN,NaN,NaN,NaN,NaN,NaN,1096846.043,0.310762076769153,0.165609064596129,4251.69039294923
"Siddons Reef (11-200)","M",66.972422138666,-16.452693939209,143.64221191,-11.51258564,NaN,NaN,NaN,NaN,NaN,NaN,NaN,NaN,NaN,NaN,7363493.344,0.10736350860446,0.00723888314374354,14611.646350148
"U/N Reef (11-201)","O",83.7797124605235,-9.10255718231201,143.86683655,-11.53081703,NaN,NaN,NaN,NaN,NaN,NaN,NaN,NaN,NaN,NaN,2078478.476,0.436696386672923,0.0169404035664008,5491.71900841258
"U/N Reef (11-202)","O",85.0575754836589,-4.38135766983032,143.87831116,-11.52675152,NaN,NaN,NaN,NaN,NaN,NaN,NaN,NaN,NaN,NaN,303015.8817,0.393861868399305,0.169721580697923,2258.55754792222
"U/N Reef (11-203)","O",82.2293900381984,-12.6506862640381,143.85595703,-11.53986168,NaN,NaN,NaN,NaN,NaN,NaN,NaN,NaN,NaN,NaN,1522415.27,0.348241173832255,0.0173640033318383,6348.4249558808
"U/N Reef (11-204)","O",82.3508958841308,-3.60043334960938,143.86502075,-11.55042171,NaN,NaN,NaN,NaN,NaN,NaN,NaN,NaN,NaN,NaN,305847.8496,0.868135376756066,0.0213920817369093,2690.73921220384
"U/N Reef (11-205)","O",87.8178493274148,-14.6866598129272,143.91210938,-11.53071117,NaN,NaN,NaN,NaN,NaN,NaN,NaN,NaN,NaN,NaN,3085546.846,0.493502387200809,0.00837891674834793,8512.57505323076
"U/N Reef (11-206)","O",95.0616472745847,-21.876070022583,143.9821167,-11.51644135,NaN,NaN,NaN,NaN,NaN,NaN,NaN,NaN,NaN,NaN,7218020.678,0.254372921679418,0.00490686420287112,17246.5686466172
"U/N Reef (11-207)","O",85.9596089077552,-21.4229354858398,143.90161133,-11.54532814,NaN,NaN,NaN,NaN,NaN,NaN,NaN,NaN,NaN,NaN,3661774.518,0.575625549033065,0.162603085366143,11559.5129026803
"U/N Reef (11-208a)","O",81.5284496749479,-6.25148963928223,143.86178589,-11.55881405,NaN,NaN,NaN,NaN,NaN,NaN,NaN,NaN,NaN,NaN,662716.9689,0.727286157482641,0.0246712956123504,4365.69155777756
"U/N Reef (11-208b)","O",81.4637440394241,-7.96327018737793,143.86483765,-11.56421375,NaN,NaN,NaN,NaN,NaN,NaN,NaN,NaN,NaN,NaN,116704.5788,0.73,0.0533333333333333,1341.16459551781
"U/N Reef (11-209)","O",83.5680492418719,-5.70028162002563,143.88244629,-11.5559597,NaN,NaN,NaN,NaN,NaN,NaN,NaN,NaN,NaN,NaN,235047.0457,0.83672621520565,0.00457000415454923,1887.21733687038
"U/N Reef (11-210a)","O",81.4760463731709,-4.16715955734253,143.8687439,-11.56971645,NaN,NaN,NaN,NaN,NaN,NaN,NaN,NaN,NaN,NaN,233593.9021,0.87123745819398,0.0614548494983278,1814.67595984362
"U/N Reef (11-210b)","O",81.9143323355125,-10.3048105239868,143.87513733,-11.57206917,NaN,NaN,NaN,NaN,NaN,NaN,NaN,NaN,NaN,NaN,507147.104,0.593882262408619,0.00384763370527126,3115.90740705924
"Pearson Reef (11-211)","M",68.4442246150474,-6.38738393783569,143.71586609,-11.56678677,NaN,NaN,NaN,NaN,NaN,NaN,NaN,NaN,NaN,NaN,3370359.247,0.570708533688662,0.0392213660853948,7192.91224163637
"Jukes Reef (11-212)","O",78.8769582448427,-3.58709764480591,143.85531616,-11.59234333,NaN,NaN,NaN,NaN,NaN,NaN,NaN,NaN,NaN,NaN,947876.6722,0.887095115681234,0.00298200514138817,4645.41631075417
"U/N Reef (11-213)","M",50.4160965356725,-21.6326599121094,143.51573181,-11.60236835,NaN,NaN,NaN,NaN,NaN,NaN,NaN,NaN,NaN,NaN,2399528.528,0.106165903950461,0.0179030943182993,7310.55042054636
"Bowles Reef (11-214)","M",61.7706245604545,-19.4840221405029,143.68450928,-11.62327385,NaN,NaN,NaN,NaN,NaN,NaN,NaN,NaN,NaN,NaN,33822091.42,0.143568598823336,0.0112934360149233,26276.5953640575
"U/N Reef (11-215)","O",78.9898606027028,-3.88053750991821,143.8795929,-11.63012218,NaN,NaN,NaN,NaN,NaN,NaN,NaN,NaN,NaN,NaN,216040.3535,0.933453237410072,0.0161870503597122,1767.07535925772
"U/N Reef (11-216)","M",50.3863064206976,-21.0002346038818,143.57757568,-11.65946579,NaN,NaN,NaN,NaN,NaN,NaN,NaN,NaN,NaN,NaN,68170013.81,0.0237830734035578,0.002835987986062,62345.1306057866
"U/N Reef (11-263)","M",92.3724969357964,-21.0604591369629,143.75422668,-11.30615902,NaN,NaN,NaN,NaN,NaN,NaN,NaN,NaN,NaN,NaN,1742751.306,0.0974880586629261,0.00550575551345495,5785.08309288325
"U/N Reef (11-264)","M",60.474943460565,-22.7537612915039,143.77384949,-11.80761051,NaN,NaN,NaN,NaN,NaN,NaN,NaN,NaN,NaN,NaN,314285.8398,0.714388950521167,0.0330505928016269,3331.63391707038
"U/N Reef (11-217)","M",45.8887219544513,-18.4432392120361,143.54988098,-11.68962383,NaN,NaN,NaN,NaN,NaN,NaN,NaN,NaN,NaN,NaN,41313853.84,0.0250436079113446,0.00207533868616158,35621.2897425722
"U/N Reef (11-218)","O",81.9184949878856,-183.457580566406,143.9140625,-11.63738728,NaN,NaN,NaN,NaN,NaN,NaN,NaN,NaN,NaN,NaN,425509.0023,0.658486946076207,0.0120839250929354,2548.67486217171
"U/N Reef (11-219)","O",79.3413889774393,-127.672134399414,143.90174866,-11.66510677,NaN,NaN,NaN,NaN,NaN,NaN,NaN,NaN,NaN,NaN,151882.3124,0.492019154522185,0.0120839250929354,1432.3744613491
"U/N Reef (11-220)","O",77.8469500335866,-160.910247802734,143.90249634,-11.69908905,NaN,NaN,NaN,NaN,NaN,NaN,NaN,NaN,NaN,NaN,132622.9646,0.265142232015297,0.0315789473684211,1382.78014399529
"U/N Reef (11-221)","O",75.9320887472046,-74.6718444824219,143.89541626,-11.72762108,NaN,NaN,NaN,NaN,NaN,NaN,NaN,NaN,NaN,NaN,133727.6679,0.265142232015297,0.0315789473684211,1476.8634825889
"Salamander Reef (11-222b)","M",52.5730908590749,-16.8439121246338,143.50505066,-11.76433372,NaN,NaN,NaN,NaN,NaN,NaN,NaN,NaN,NaN,NaN,290978.6376,0.123618090452261,0.110552763819095,1878.43549455543
"Raine Reef (11-243)","O",96.7144940448556,-3.56964659690857,144.0443573,-11.59504986,NaN,NaN,NaN,NaN,NaN,NaN,NaN,NaN,NaN,NaN,2245131.282,0.79953937076308,0.00195550147749001,7215.11737388494
"Great Detached Reef (No 1) (11-244a)","O",90.2704550876604,-14.2781887054443,144.01834106,-11.68136787,NaN,NaN,NaN,NaN,NaN,NaN,NaN,NaN,NaN,NaN,9860189.959,0.368956994562531,0.0246861097380129,24259.7774159257
"Great Detached Reef (No 2) (11-244b)","O",92.4425895246062,-8.22689628601074,144.07032776,-11.77790546,NaN,NaN,NaN,NaN,NaN,NaN,NaN,NaN,NaN,NaN,38843208.28,0.451249868263233,0.0118186699855968,61635.5324930797
"Great Detached Reef (No 3) (11-244c)","O",84.5994876304926,-12.2026834487915,143.99763489,-11.78417778,NaN,NaN,NaN,NaN,NaN,NaN,NaN,NaN,NaN,NaN,4045702.013,0.400433682688833,0.0354415130707144,16419.4460102613
"Great Detached Reef (No 4) (11-244d)","O",84.7052518686603,-27.8732852935791,143.97297668,-11.70529938,NaN,NaN,NaN,NaN,NaN,NaN,NaN,NaN,NaN,NaN,1127321.159,0.088791095003883,0.00543618949003365,5470.07694873939
"U/N Reef (11-245)","O",97.7451777028957,-12.4237375259399,144.02076721,-11.53217125,NaN,NaN,NaN,NaN,NaN,NaN,NaN,NaN,NaN,NaN,839404.8194,0.545549616546595,0,7562.67109454937
"Passage Reef (11-246)","I",1.14518543987974,-13.9418268203735,143.24736023,-11.96459198,NaN,NaN,NaN,NaN,NaN,NaN,NaN,NaN,NaN,NaN,50249.68693,0.574789390454015,0.0799508786885814,1026.66367119199
"U/N Reef (11-247)","I",29.6015367264351,-8.05661487579346,143.11152649,-11.50704288,NaN,NaN,NaN,NaN,NaN,NaN,NaN,NaN,NaN,NaN,106086.3454,0.117461675302077,0.0422376241393899,1259.30892401518
"U/N Reef (11-248)","M",28.274885992272,-6.08130073547363,143.11398315,-11.32721424,NaN,NaN,NaN,NaN,NaN,NaN,NaN,NaN,NaN,NaN,384448.2636,0.358697037935443,0.0928521832813984,2654.53315481298
"U/N Reef (11-249)","I",39.0270978071959,-15.04123878479,143.33036804,-11.620368,NaN,NaN,NaN,NaN,NaN,NaN,NaN,NaN,NaN,NaN,671923.8792,0.415942605497182,0.0394242206384725,3998.29263437078
"U/N Reef (11-250)","M",52.8696401736836,-16.7428092956543,143.35350037,-11.48830605,NaN,NaN,NaN,NaN,NaN,NaN,NaN,NaN,NaN,NaN,353479.9062,0.237923968192946,0.00392773501349232,2299.91669089704
"U/N Reef (11-251)","M",47.5640032110263,-8.79554557800293,143.36968994,-11.55218506,NaN,NaN,NaN,NaN,NaN,NaN,NaN,NaN,NaN,NaN,634558.376,0.535048528732091,0.00585425974426129,3569.64026079597
"U/N Reef (11-252)","M",59.863847143117,-12.5927286148071,143.41201782,-11.44952869,NaN,NaN,NaN,NaN,NaN,NaN,NaN,NaN,NaN,NaN,2110782.698,0.166427347260179,0.00592894529621567,6484.30260692486
"U/N Reef (11-253)","M",66.7606850251848,-17.1443290710449,143.44273376,-11.17924309,NaN,NaN,NaN,NaN,NaN,NaN,NaN,NaN,NaN,NaN,458341.6597,0.20715223022758,0.0226704630808787,2638.39993698847
"U/N Reef (11-254)","M",71.0854986816421,-19.3416633605957,143.45925903,-11.10819817,NaN,NaN,NaN,NaN,NaN,NaN,NaN,NaN,NaN,NaN,1234422.556,0.0829883891097503,0.00331705248611698,6930.10689545586
"U/N Reef (11-255)","M",57.8127308157567,-20.4930324554443,143.47775269,-11.49835205,NaN,NaN,NaN,NaN,NaN,NaN,NaN,NaN,NaN,NaN,775585.8612,0.162400943546207,0.018737966597909,4858.15779050407
"U/N Reef (11-256)","M",58.8241848884263,-22.990665435791,143.65112305,-11.62567711,NaN,NaN,NaN,NaN,NaN,NaN,NaN,NaN,NaN,NaN,295207.7089,0.246020068638519,0.01778359669546,2082.43313773237
"U/N Reef (11-257)","M",75.2970735824197,-23.1373901367188,143.65937805,-11.42841721,NaN,NaN,NaN,NaN,NaN,NaN,NaN,NaN,NaN,NaN,22777515.19,0.0892346273520328,0.00430497623136964,18228.9212900937
"U/N Reef (11-258)","M",66.5534189725924,-17.3984279632568,143.68553162,-11.55967712,NaN,NaN,NaN,NaN,NaN,NaN,NaN,NaN,NaN,NaN,681310.4977,0.273880213705486,0.0192512284146872,3150.18524507537
"U/N Reef (11-259)","M",68.3471191172428,-21.7472438812256,143.7056427,-11.55703545,NaN,NaN,NaN,NaN,NaN,NaN,NaN,NaN,NaN,NaN,171276.2874,0.273880213705486,0.0192512284146872,1898.50468623948
"U/N Reef (11-260)","M",55.7967568426689,-26.9345645904541,143.72416687,-11.79611969,NaN,NaN,NaN,NaN,NaN,NaN,NaN,NaN,NaN,NaN,68000.41209,0.300105218775706,0.0484576207199292,956.267195247912
"U/N Reef (11-261)","M",57.6172572717792,-24.5381908416748,143.7454834,-11.80560303,NaN,NaN,NaN,NaN,NaN,NaN,NaN,NaN,NaN,NaN,3650808.506,0.300105218775706,0.0484576207199292,12791.5703813035
"U/N Reef (11-262)","M",77.2095232235447,-25.7583427429199,143.75033569,-11.48752403,NaN,NaN,NaN,NaN,NaN,NaN,NaN,NaN,NaN,NaN,1590542.43,0.259087335339638,0.0160985010002099,5269.94196612298
"Devlin Reef (11-229a)","O",68.5210756411435,-11.5405693054199,143.85604858,-11.82583523,NaN,NaN,NaN,NaN,NaN,NaN,NaN,NaN,NaN,NaN,6979182.199,0.413017982799062,0.0266391153803194,13794.6159307736
"U/N Reef (11-229b)","O",66.6404126087543,-6.00113010406494,143.84274292,-11.84426117,NaN,NaN,NaN,NaN,NaN,NaN,NaN,NaN,NaN,NaN,2593217.181,0.43882649036475,0.0173171556290147,6272.40520194205
"U/N Reef (11-230)","O",64.3934630884895,-4.36077928543091,143.82388306,-11.85441113,NaN,NaN,NaN,NaN,NaN,NaN,NaN,NaN,NaN,NaN,305333.0553,0.75609756097561,0.0317715019255456,2779.14776688791
"U/N Reef (11-231)","O",64.8619913870341,-5.99486207962036,143.82946777,-11.86002541,NaN,NaN,NaN,NaN,NaN,NaN,NaN,NaN,NaN,NaN,340438.9312,0.619988545246277,0.0332187857961054,2419.69740618662
"Five Reefs (11-232)","O",65.5867630451172,-6.69115686416626,143.83822632,-11.87015057,NaN,NaN,NaN,NaN,NaN,NaN,NaN,NaN,NaN,NaN,3651813.693,0.520947857180979,0.0458184341143193,9178.86475887285
"U/N Reef (11-233)","M",39.7777454310151,-25.3116073608398,143.59017944,-11.85692501,NaN,NaN,NaN,NaN,NaN,NaN,NaN,NaN,NaN,NaN,17075522.3,0.0696592116568582,0.0442979769669882,28896.125856949
"U/N Reef (11-234)","M",49.8182917727285,-26.7341213226318,143.67663574,-11.82536602,NaN,NaN,NaN,NaN,NaN,NaN,NaN,NaN,NaN,NaN,64962733.49,0.296444157320371,0.0476609578007011,51593.7294359276
"U/N Reef (11-235)","O",63.8861797879768,-7.54881572723389,143.82466125,-11.88319683,NaN,NaN,NaN,NaN,NaN,NaN,NaN,NaN,NaN,NaN,221416.2493,0.676290463692038,0.0402449693788276,2380.51220309246
"U/N Reef (11-236)","O",64.6482749472293,-3.81681728363037,143.83390808,-11.89749241,NaN,NaN,NaN,NaN,NaN,NaN,NaN,NaN,NaN,NaN,3355329.995,0.520574767393809,0.0286878011643823,7435.74004948895
"Ashmore Banks (No 1) (11-237a)","M",42.9901991927296,-26.2581634521484,143.62936401,-11.88521671,NaN,NaN,NaN,NaN,NaN,NaN,NaN,NaN,NaN,NaN,50776602.16,0.0696592116568582,0.0442979769669882,40990.4477056838
"Ashmore Banks (No 2) (11-237b)","M",51.6615444593531,-26.6029891967773,143.70982361,-11.88003635,NaN,NaN,NaN,NaN,NaN,NaN,NaN,NaN,NaN,NaN,50916874.06,0.00961682053324246,0.000658607657462752,29885.4107477864
"Ashmore Banks (No 3) (11-237c)","M",48.5217100772813,-26.5883350372314,143.68823242,-11.92658424,NaN,NaN,NaN,NaN,NaN,NaN,NaN,NaN,NaN,NaN,46337315.46,0.35013108851123,0.0136345256787634,38404.6941506022
"U/N Reef (11-238)","O",66.3658331254614,-9.14625644683838,143.85302734,-11.92699146,NaN,NaN,NaN,NaN,NaN,NaN,NaN,NaN,NaN,NaN,5060929.22,0.386544754571704,0.0375360923965351,10721.1567412507
"Star Reef (11-239)","O",67.8290322118453,-4.70687007904053,143.86808777,-11.95340919,NaN,NaN,NaN,NaN,NaN,NaN,NaN,NaN,NaN,NaN,3718080.667,0.442274931201677,0.0226968942471498,8583.43894745588
"Yule Detached Reef (11-240)","O",80.9251675425842,-10.642144203186,143.98838806,-11.94892406,NaN,NaN,NaN,NaN,NaN,NaN,NaN,NaN,NaN,NaN,13089037.91,0.408216758535748,0.0213208274111759,16915.9227780771
"Job Reef (11-241)","O",69.5311423050729,-4.81732416152954,143.8841095,-11.97967243,NaN,NaN,NaN,NaN,NaN,NaN,NaN,NaN,NaN,NaN,3037794.781,0.516794456385743,0.0255365564146161,9061.90054240964
"U/N Reef (11-242)","O",71.7861359862534,-12.799654006958,143.90460205,-11.99356556,NaN,NaN,NaN,NaN,NaN,NaN,NaN,NaN,NaN,NaN,107628.246,0.325771324863884,0.0671506352087114,1203.42915770747
"Nomad Reef (12-007)","I",23.3796486870178,-2.39015960693359,143.37467957,-12.14226151,0.315028490566038,4.23149754716981,34.7822786792453,1.06432735849057,31.5046479245283,0.102076226415094,0.0179054716981132,0.14282358490566,0.558546603773585,"Habitat Protection",63850280.57,0.198278599430881,0.0387208265653815,52379.5620947806
"Tyrrel Reefs (12-008)","I",2.24130939264284,-3.39139485359192,143.10850525,-12.19167805,0.33,4.14,34.66,1.12,26.1,0.1,0.07195,0.43612,0.28424,"Marine National Park",3000722.698,0.346510960261177,0.027595070439046,7345.1288656699
"Pickard Reef (12-009)","I",4.69148780525557,-3.18000483512878,143.13264465,-12.23193836,0.29186,4.20478666666667,34.67855,1.10341666666667,64.5475733333333,0.0984366666666667,0.0651466666666667,0.45753,0.275223333333333,"Habitat Protection",3148137.497,0.346510960261177,0.0352354908327986,6637.59630388503
"Kay Reef (12-010)","I",16.4180646097979,-2.17768907546997,143.28630066,-12.23149204,0.306551428571429,4.21764857142857,34.7480671428571,1.06838,32.3871557142857,0.109617142857143,0.01383,0.147858571428571,0.568162857142857,"Habitat Protection",9478766.326,0.37066866498029,0.0410957092030411,12894.5911996939
"Beesley-Baird Reef (12-011)","I",11.7936484889004,-2.97997665405273,143.20640564,-12.24257278,0.319625,4.179405,34.71235,1.070295,41.75809,0.068045,0.01868,0.26761,0.51016,"Habitat Protection",1666301.467,0.346510960261177,0.0352354908327986,5051.22073229784
"U/N Reef (11-265)","M",77.8709267364146,-22.7101039886475,143.77719116,-11.50680161,NaN,NaN,NaN,NaN,NaN,NaN,NaN,NaN,NaN,NaN,321399.9848,0.160645314520755,0.0124896633450805,2067.33881632346
"U/N Reef (11-266)","M",60.6635849574366,-21.0182418823242,143.77746582,-11.81314087,NaN,NaN,NaN,NaN,NaN,NaN,NaN,NaN,NaN,NaN,127808.9877,0.714388950521167,0.0330505928016269,1363.82082941172
"U/N Reef (11-267)","M",61.2401593527442,-22.403736114502,143.78218079,-11.81055164,NaN,NaN,NaN,NaN,NaN,NaN,NaN,NaN,NaN,NaN,83392.52852,0.714388950521167,0.0330505928016269,1537.46503247946
"U/N Reef (11-268)","M",61.0427862439234,-23.36110496521,143.78488159,-11.82562923,NaN,NaN,NaN,NaN,NaN,NaN,NaN,NaN,NaN,NaN,126432.1998,0.714388950521167,0.0330505928016269,1615.40930148269
"U/N Reef (11-269)","M",86.5771631590768,-19.4393939971924,143.80137634,-11.4184618,NaN,NaN,NaN,NaN,NaN,NaN,NaN,NaN,NaN,NaN,62382.54955,0.0935935562625175,0.00450660382139348,918.154692194112
"U/N Reef (11-270)","M",90.37939996858,-23.2843799591064,143.80509949,-11.3738451,NaN,NaN,NaN,NaN,NaN,NaN,NaN,NaN,NaN,NaN,437697.8503,0.0974880586629261,0.00550575551345495,2938.22554822268
"U/N Reef (11-271)","M",106.197747894448,-20.7692813873291,143.8102417,-11.19155407,NaN,NaN,NaN,NaN,NaN,NaN,NaN,NaN,NaN,NaN,1096284.18,0.0958108985374422,0.0138025172850614,5140.57466427566
"U/N Reef (11-272)","O",64.8105849384365,-5.71624994277954,143.82575989,-11.84532642,NaN,NaN,NaN,NaN,NaN,NaN,NaN,NaN,NaN,NaN,31653.20931,0.767080745341615,0.0341614906832298,633.689419954336
"U/N Reef (11-273)","O",64.4859220089809,-10.3517265319824,143.83477783,-11.91727066,NaN,NaN,NaN,NaN,NaN,NaN,NaN,NaN,NaN,NaN,10762.32197,0.364485981308411,0,341.484243300945
"U/N Reef (11-274)","O",82.6617105733057,-16.5446643829346,143.85011292,-11.52565765,NaN,NaN,NaN,NaN,NaN,NaN,NaN,NaN,NaN,NaN,368883.3375,0.0989417989417989,0.00502645502645503,2620.90849206871
"U/N Reef (11-275)","M",101.065483192335,-22.5646724700928,143.85502625,-11.28789425,NaN,NaN,NaN,NaN,NaN,NaN,NaN,NaN,NaN,NaN,3664659.905,0.263201375797032,0.0179784256310069,7387.80033379987
"U/N Reef (11-276)","O",73.709714974851,-9.36014842987061,143.87446594,-11.73007488,NaN,NaN,NaN,NaN,NaN,NaN,NaN,NaN,NaN,NaN,28217.59279,0.456140350877193,0.0947368421052632,603.529810048786
"U/N Reef (11-277)","M",111.499247871548,-19.3271579742432,143.87625122,-11.18171787,NaN,NaN,NaN,NaN,NaN,NaN,NaN,NaN,NaN,NaN,1164581.604,0.374774135120574,0.0138454132953455,3970.63242783684
"U/N Reef (11-278)","O",75.7913683908623,-11.1766223907471,143.88478088,-11.70553684,NaN,NaN,NaN,NaN,NaN,NaN,NaN,NaN,NaN,NaN,16629.40613,0.288235294117647,0,426.137138547852
"U/N Reef (11-279)","O",74.7668127578842,-10.9466743469238,143.88734436,-11.73625851,NaN,NaN,NaN,NaN,NaN,NaN,NaN,NaN,NaN,NaN,32345.45191,0.0510510510510511,0,656.932840506684
"U/N Reef (11-280)","O",74.3174700127622,-7.78761434555054,143.88977051,-11.75453568,NaN,NaN,NaN,NaN,NaN,NaN,NaN,NaN,NaN,NaN,6257.560079,0.567164179104478,0,244.4842306695
"U/N Reef (11-281)","O",79.8618641668346,-17.7881774902344,143.88981628,-11.63206291,NaN,NaN,NaN,NaN,NaN,NaN,NaN,NaN,NaN,NaN,150261.1853,0.254368932038835,0.0200647249190939,1553.78523412594
"U/N Reef (11-282)","O",86.4797934418309,-6.3709659576416,143.89093018,-11.52201843,NaN,NaN,NaN,NaN,NaN,NaN,NaN,NaN,NaN,NaN,17472.8767,0.396648044692737,0.474860335195531,509.369361434378
"U/N Reef (11-283)","O",80.2238778802453,-5.06381559371948,143.89356995,-11.63201046,NaN,NaN,NaN,NaN,NaN,NaN,NaN,NaN,NaN,NaN,27513.22847,0.664489402121767,0.0120839250929354,590.41137320446
"U/N Reef (11-284)","O",83.5947517409242,-5.60935735702515,143.89526367,-11.57481194,NaN,NaN,NaN,NaN,NaN,NaN,NaN,NaN,NaN,NaN,46614.52612,0.926470588235294,0,805.528722224876
"U/N Reef (11-285)","O",82.3381589606595,-7.87827968597412,143.89628601,-11.59813881,NaN,NaN,NaN,NaN,NaN,NaN,NaN,NaN,NaN,NaN,268763.4761,0.805646036916395,0,1991.3361432529
"U/N Reef (11-286)","O",83.1076330509388,-8.1461763381958,143.90386963,-11.59711838,NaN,NaN,NaN,NaN,NaN,NaN,NaN,NaN,NaN,NaN,123447.8327,0.787638668779715,0,1275.52502997037
"U/N Reef (11-287)","O",89.9759273814732,-14.6456489562988,143.96366882,-11.57501984,NaN,NaN,NaN,NaN,NaN,NaN,NaN,NaN,NaN,NaN,73967.68061,0.491717472252852,0.00163562140095704,1234.57984998727
"U/N Reef (11-289)","O",104.138303306629,-10.0871028900146,143.98202515,-11.3779211,NaN,NaN,NaN,NaN,NaN,NaN,NaN,NaN,NaN,NaN,33657.4301,0.750733137829912,0,682.783336051945
"U/N Reef (11-290)","O",98.0030586904913,-24.4119129180908,143.98338318,-11.47064018,NaN,NaN,NaN,NaN,NaN,NaN,NaN,NaN,NaN,NaN,1997998.602,0.0542718968296615,0.0150945239607249,8471.61805758281
"U/N Reef (11-291)","O",108.205419089607,-6.74280738830566,143.98829651,-11.32894707,NaN,NaN,NaN,NaN,NaN,NaN,NaN,NaN,NaN,NaN,19946.58743,0.82843137254902,0,483.539535687244
"U/N Reef (11-292)","O",106.744554821945,-10.5972499847412,143.98873901,-11.34938812,NaN,NaN,NaN,NaN,NaN,NaN,NaN,NaN,NaN,NaN,127618.2119,0.548238897396631,0,1362.38387411718
"U/N Reef (11-293)","O",105.382845362018,-25.2848796844482,143.99067688,-11.37061596,NaN,NaN,NaN,NaN,NaN,NaN,NaN,NaN,NaN,NaN,738858.0335,0.236584721120804,0,3363.44786270827
"U/N Reef (11-294)","O",106.523091653175,-8.86658477783203,143.99145508,-11.35557175,NaN,NaN,NaN,NaN,NaN,NaN,NaN,NaN,NaN,NaN,133435.6598,0.399852724594993,0,1407.00566660023
"U/N Reef (11-295)","O",109.260726044485,-11.5120754241943,143.9959259,-11.32307911,NaN,NaN,NaN,NaN,NaN,NaN,NaN,NaN,NaN,NaN,39634.82861,0.544554455445545,0,1095.93258344871
"U/N Reef (11-296)","O",107.847306311189,-11.3848037719727,143.99804688,-11.34479809,NaN,NaN,NaN,NaN,NaN,NaN,NaN,NaN,NaN,NaN,690413.1752,0.588924989405283,0,3524.76045162424
"U/N Reef (11-297)","O",109.752391011239,-13.1835050582886,144.00178528,-11.32290173,NaN,NaN,NaN,NaN,NaN,NaN,NaN,NaN,NaN,NaN,179415.9571,0.497550353837779,0,1773.38798040685
"U/N Reef (11-298)","O",109.329197220892,-13.9791488647461,144.00413513,-11.33131409,NaN,NaN,NaN,NaN,NaN,NaN,NaN,NaN,NaN,NaN,648042.1965,0.472469452406094,0,3400.99351051524
"U/N Reef (11-299)","O",115.35970896023,-21.6146144866943,144.00514221,-11.25225353,NaN,NaN,NaN,NaN,NaN,NaN,NaN,NaN,NaN,NaN,922403.3649,0.0735325280779826,0.00275482093663912,6451.41420448275
"U/N Reef (11-300)","O",125.768323937294,-8.11655807495117,144.00549316,-11.12182331,NaN,NaN,NaN,NaN,NaN,NaN,NaN,NaN,NaN,NaN,402443.5009,0.602330662782229,0.0247632920611799,2797.2338619654
"U/N Reef (11-301)","O",110.095447089328,-4.84772062301636,144.01029968,-11.32775974,NaN,NaN,NaN,NaN,NaN,NaN,NaN,NaN,NaN,NaN,217108.4835,0.858754512635379,0,1803.26411116332
"U/N Reef (11-302)","O",109.032231134406,-10.9130067825317,144.01039124,-11.34258556,NaN,NaN,NaN,NaN,NaN,NaN,NaN,NaN,NaN,NaN,207355.0444,0.408384361752237,0,1872.34661081946
"Great Detached Reef (No 6) (11-244f)","O",86.8922307554371,-30.2953567504883,144.01324463,-11.76182079,NaN,NaN,NaN,NaN,NaN,NaN,NaN,NaN,NaN,NaN,368310.2524,0.293329650441502,0.0171190057735811,3201.92236674625
"U/N Reef (11-304)","O",111.642544997868,-10.5754518508911,144.01356506,-11.31029129,NaN,NaN,NaN,NaN,NaN,NaN,NaN,NaN,NaN,NaN,63819.50526,0.388973966309342,0,929.492125663525
"U/N Reef (11-305)","O",115.814071021935,-19.6688041687012,144.01531982,-11.25672531,NaN,NaN,NaN,NaN,NaN,NaN,NaN,NaN,NaN,NaN,61538.26112,0.211168782408221,0.0243231805639695,888.964790854473
"U/N Reef (11-306)","O",112.352983302098,-28.1511821746826,144.01565552,-11.30299282,NaN,NaN,NaN,NaN,NaN,NaN,NaN,NaN,NaN,NaN,241127.1094,0.481310071715249,0.0040160642570281,1975.25596694636
"U/N Reef (11-307)","O",110.294638413768,-7.34656810760498,144.01635742,-11.3319273,NaN,NaN,NaN,NaN,NaN,NaN,NaN,NaN,NaN,NaN,451659.1654,0.796404591726229,0,2649.64338594503
"U/N Reef (11-308)","O",113.77426075222,-7.59837007522583,144.01760864,-11.28602219,NaN,NaN,NaN,NaN,NaN,NaN,NaN,NaN,NaN,NaN,48655.16761,0.748995983935743,0.0120481927710843,812.468354149253
"U/N Reef (11-309)","O",112.129539349209,-10.9730768203735,144.01947021,-11.3102417,NaN,NaN,NaN,NaN,NaN,NaN,NaN,NaN,NaN,NaN,221015.5381,0.305960264900662,0,2057.17223109777
"Great Detached Reef (No 7) (11-244g)","O",87.4984407820928,-29.7545204162598,144.02200317,-11.77238941,NaN,NaN,NaN,NaN,NaN,NaN,NaN,NaN,NaN,NaN,1229577.328,0.369538242812269,0.0198150255280353,7088.95343954064
"Great Detached Reef (No 8) (11-244h)","O",88.1541980824937,-29.1586723327637,144.02709961,-11.7682209,NaN,NaN,NaN,NaN,NaN,NaN,NaN,NaN,NaN,NaN,71434.15678,0.293329650441502,0.0171190057735811,1033.25320378128
"U/N Reef (11-312)","O",115.406151542556,-13.0918970108032,144.04360962,-11.29255295,NaN,NaN,NaN,NaN,NaN,NaN,NaN,NaN,NaN,NaN,18283.87583,0.374331550802139,0.171122994652406,548.721585198336
"U/N Reef (11-313)","O",117.495866969158,-15.0190181732178,144.05271912,-11.27426243,NaN,NaN,NaN,NaN,NaN,NaN,NaN,NaN,NaN,NaN,41881.84812,0.453488372093023,0.00465116279069767,819.739462234523
"U/N Reef (11-314)","O",132.593735230464,-16.4664497375488,144.06343079,-11.09085655,NaN,NaN,NaN,NaN,NaN,NaN,NaN,NaN,NaN,NaN,118154.4826,0.0247320692497939,0,1596.4877199273
"U/N Reef (11-315)","M",51.7221549263681,-12.6245384216309,143.2620697,-11.05757904,NaN,NaN,NaN,NaN,NaN,NaN,NaN,NaN,NaN,NaN,632183.5979,0.408226380083501,0.216174423998763,2987.42938200725
"U/N Reef (11-316)","M",82.3796339160097,-20.1407127380371,143.53959656,-11.0134201,NaN,NaN,NaN,NaN,NaN,NaN,NaN,NaN,NaN,NaN,344727.525,0.135352731915077,0.00752388566580335,2249.82400929543
"U/N Reef (11-317)","M",95.0754279990417,-15.2285003662109,143.66897583,-11.04191494,NaN,NaN,NaN,NaN,NaN,NaN,NaN,NaN,NaN,NaN,1404389.022,0.25263524608312,0.0278709357893296,4889.66980676829
"U/N Reef (11-318)","M",96.9283953461467,-18.1141967773438,143.68516541,-11.03679371,NaN,NaN,NaN,NaN,NaN,NaN,NaN,NaN,NaN,NaN,73574.20805,0.368091983256504,0.0309486772830672,1035.59585836537
"U/N Reef (11-319)","M",99.0025797218863,-21.3057308197021,143.69241333,-11.00459862,NaN,NaN,NaN,NaN,NaN,NaN,NaN,NaN,NaN,NaN,87402.77028,0.309142629802653,0.0362344369056358,1169.58054007258
"U/N Reef (11-320)","M",100.244039295278,-17.6265316009521,143.7099762,-11.01724529,NaN,NaN,NaN,NaN,NaN,NaN,NaN,NaN,NaN,NaN,417305.1902,0.366639252409256,0.0362344369056358,2470.28060339335
"U/N Reef (11-321)","M",102.816035776963,-23.3952655792236,143.75195313,-11.0630846,NaN,NaN,NaN,NaN,NaN,NaN,NaN,NaN,NaN,NaN,14984705.08,0.346510960261177,0.0363867294077759,24346.8684553166
"U/N Reef (11-322)","M",108.026389780647,-20.4712753295898,143.79893494,-11.05340862,NaN,NaN,NaN,NaN,NaN,NaN,NaN,NaN,NaN,NaN,2814711.55,0.346510960261177,0.0392435684913121,6794.47353130415
"U/N Reef (11-323)","M",108.448136790295,-24.687328338623,143.80924988,-11.07327938,NaN,NaN,NaN,NaN,NaN,NaN,NaN,NaN,NaN,NaN,1505942.111,0.346510960261177,0.039486204575179,4983.28379675845
"U/N Reef (11-324)","O",133.304429263793,-12.6121444702148,144.0606842,-11.07956886,NaN,NaN,NaN,NaN,NaN,NaN,NaN,NaN,NaN,NaN,307400.5648,0.16613621896881,0,3874.78006342918
"U/N Reef (11-800)","I",2.49455381335455,-1.8627370595932,142.83375549,-11.48412514,NaN,NaN,NaN,NaN,NaN,NaN,NaN,NaN,NaN,NaN,1529449.982,0.346510960261177,0.0803861600827373,6320.40532532754
"Haggerston Reef (12-001)","I",8.59425918893031,-1.94150054454803,143.30062866,-12.02940845,0.330985,4.23705,34.80114,1.295495,33.41404,0.06976,0.03226,0.22387,0.50998,"Habitat Protection",3814483.13,0.404116068004602,0.0157995653841237,8257.05504175281
"Bannan Reef (12-002)","I",11.8356166437117,-11.3253889083862,143.2943573,-12.0694294,NaN,NaN,NaN,NaN,NaN,NaN,NaN,NaN,NaN,NaN,69715.82565,0.485273492286115,0,996.814829448849
"Mason Reef (12-003a)","M",28.9398553761186,-17.481725692749,143.47735596,-12.10138035,0.302385688622755,4.31692691616766,34.8231546107784,1.09795431137725,15.7233444011976,0.0711287724550898,0.0197883832335329,0.135611676646707,0.467495299401198,"Habitat Protection",403180543.7,0.117046292903147,0.0379327299150373,123065.144208823
"U/N Reef (12-003b)","I",19.3258558229119,-5.43928098678589,143.35162354,-12.11358452,0.31788,4.24791,34.79333,1.09871,34.8446,0.09659,0.0208,0.14772,0.5546,"Habitat Protection",162920.1298,0.333133971291866,0.0669856459330144,1927.65608858575
"U/N Reef (12-003c)","M",29.6134806527684,-2.73499703407288,143.44680786,-12.15334797,NaN,NaN,NaN,NaN,NaN,NaN,NaN,NaN,NaN,NaN,69809.10048,0.675141242937853,0.139830508474576,1057.40473355925
"U/N Reef (12-003d)","M",42.2216324099974,-44.7269973754883,143.58761597,-12.18626881,NaN,NaN,NaN,NaN,NaN,NaN,NaN,NaN,NaN,NaN,69601.6984,0.064893073507505,0.0140133946091313,1084.67935680983
"Moody Reef (12-004)","I",13.3014771304107,-1.61711490154266,143.26463318,-12.09915161,0.335216666666667,4.20363333333333,34.7750666666667,1.15178,41.4272666666667,0.154396666666667,0.0299933333333333,0.19157,0.527323333333333,"Habitat Protection",6585452.411,0.407507843860861,0.027595070439046,10422.6383250647
"Young Reef (12-005)","I",10.0320823601821,-10.008243560791,143.21852112,-12.12665844,NaN,NaN,NaN,NaN,NaN,NaN,NaN,NaN,NaN,NaN,189006.5131,0.407507843860861,0.027595070439046,1845.37385075106
"Laurel Reef (12-006)","I",16.4242647463795,-1.7155693769455,143.27642822,-12.13950443,0.30587,4.29339,34.798155,1.143095,43.964475,0.149355,0.02636,0.17253,0.54482,"Habitat Protection",2273306.903,0.338895354336287,0.0352354908327986,6700.0921891806
"Fison Reefs (12-027c)","M",28.4634938963513,-23.7243728637695,143.54585266,-12.37409687,0.3293403125,4.2782790625,34.8180553125,0.9927490625,22.736654375,0.0563815625,0.010880625,0.1087015625,0.3469959375,"Habitat Protection",38776608.63,0.0899731378505259,0.00397911279592298,34469.7230337556
"U/N Reef (12-028)","O",72.1081029987521,-12.901141166687,143.90751648,-11.9950552,NaN,NaN,NaN,NaN,NaN,NaN,NaN,NaN,NaN,NaN,121289.1321,0.222489959839357,0.116465863453815,1336.58221452483
"U/N Reef (12-029)","O",72.4503517573715,-11.2403869628906,143.91061401,-11.99639893,NaN,NaN,NaN,NaN,NaN,NaN,NaN,NaN,NaN,NaN,125631.3708,0.446858029480217,0.0411171450737005,1371.91475683133
"U/N Reef (12-030)","O",49.5938211431878,-24.4924430847168,143.6791687,-12.11102962,0.314110785714286,4.35900626785714,34.8737768214286,0.994777535714286,6.23939707142857,0.109632178571429,0.0127471428571429,0.0368274642857143,0.134526071428571,"Habitat Protection",858137863.9,0.614153657336835,0.0167318391009408,272575.661184186
"U/N Reef (12-031)","O",73.8404911615279,-5.32067537307739,143.92311096,-12.00428104,0.36694,4.511555,35.03646,0.677265,4.980645,0.100135,0.01229,0.013345,0.063585,"Marine National Park",2087925.141,0.536588778508465,0.0121729396949769,7133.43115690352
"U/N Reef (12-032)","O",77.473010274321,-8.76970672607422,143.95555115,-12.02207088,0.39128,4.39554,35.11008,0.5887,6.54007,0.09451,0.01232,0.00977,0.04372,"Marine National Park",2674436.38,0.241203467618562,0.0106723974648503,6805.5658237488
"U/N Reef (12-033)","O",65.9219580777815,-3.63419461250305,143.84797668,-12.03384209,NaN,NaN,NaN,NaN,NaN,NaN,NaN,NaN,NaN,NaN,725203.8319,0.717563397289682,0.0154300281765732,3089.32877531109
"U/N Reef (12-034)","O",68.5558859449359,-5.39326953887939,143.87185669,-12.03843594,0.42155,4.4482025,35.111795,0.621205,5.0253675,0.1030125,0.01368,0.02319,0.08222,"Marine National Park",3751037.402,0.524397840531561,0.0341050664451827,10362.2115578688
"U/N Reef (12-035)","O",71.3279177288087,-8.6851634979248,143.89657593,-12.04671574,NaN,NaN,NaN,NaN,NaN,NaN,NaN,NaN,NaN,NaN,289439.1114,0.506724949562878,0.082044384667115,2686.28662634669
"U/N Reef (12-036)","O",64.3541716780674,-3.63810729980469,143.83262634,-12.04166603,0.338976666666667,4.44829,34.9981533333333,0.740923333333333,6.34791333333333,0.117426666666667,0.01387,0.02466,0.08414,"Habitat Protection",2004592.561,0.833098488897527,0.00981487779991254,6201.58654150236
"Wishbone Reef (12-037)","O",78.9157239684366,-7.18319368362427,143.96459961,-12.065135,0.372314,4.461804,35.06487,0.622978,6.898626,0.065142,0.01095,0.01413,0.04447,"Marine National Park",15722658.92,0.487951844535135,0.0105711649337057,29740.2124422063
"U/N Reef (12-038a)","O",72.7851486555104,-4.43543481826782,143.90919495,-12.05406475,NaN,NaN,NaN,NaN,NaN,NaN,NaN,NaN,NaN,NaN,2199297.724,0.481212336051046,0.0258330379298121,6871.82886563672
"U/N Reef (12-038b)","O",75.3955849991269,-18.8508548736572,143.93292236,-12.05772018,NaN,NaN,NaN,NaN,NaN,NaN,NaN,NaN,NaN,NaN,108168.8121,0.537225577445292,0.0250678409886439,1597.14572489124
"U/N Reef (12-039)","O",62.8636750954132,-4.58082675933838,143.81755066,-12.0514822,0.39,4.38,34.93,0.74,6.65,0.08,0.01437,0.0263,0.08246,"Habitat Protection",684227.5208,0.722064259311914,0.00398066533977822,3309.14726893659
"U/N Reef (12-040)","O",62.5579939000474,-3.87116861343384,143.81138611,-12.07230663,0.375,4.38,34.915,0.775,6.94,0.08,0.01437,0.0263,0.08246,"Habitat Protection",4515154.702,0.571255908315887,0.0220792955345002,10485.2463853246
"U/N Reef (12-041)","M",34.3400282684486,-23.535041809082,143.54904175,-12.05761147,NaN,NaN,NaN,NaN,NaN,NaN,NaN,NaN,NaN,NaN,614722.259,0.0245758680830823,0,3858.72936813418
"U/N Reef (12-042)","O",62.2306386641488,-4.75098180770874,143.80371094,-12.09514523,NaN,NaN,NaN,NaN,NaN,NaN,NaN,NaN,NaN,NaN,1256352.166,0.757913474189304,0.0227536568377061,5322.79995459233
"Martha Ridgway Reef (North) (12-043a)","O",63.330731667281,-4.95535564422607,143.8079834,-12.12002373,0.33656,4.38022666666667,35.0423566666667,0.711776666666667,7.41625333333333,0.0920733333333333,0.01176,0.01967,0.06813,"Habitat Protection",3089122.523,0.640728006813235,0.00785414629530328,7787.19594688
"Martha Ridgway Reef (South) (12-043b)","O",64.3831824413123,-5.569739818573,143.81086731,-12.14468956,0.51,4.455,35.09,0.705,5.35,0.1,0.01148,0.01477,0.06693,"Habitat Protection",2619784.097,0.7482156133829,0.00973977695167286,7654.28017640166
"Piper Reef (12-012)","I",11.9423344123844,-3.31361651420593,143.23829651,-12.25040245,0.34,4.12,34.71,1.01,34.39,0.15,0.01868,0.26761,0.51016,"Habitat Protection",5109063.319,0.37066866498029,0.0410957092030411,9144.93848424829
"Inset Reef (12-013)","I",14.2765928301321,-3.32210302352905,143.27497864,-12.24727631,0.299205,4.26646,34.769285,1.090395,31.78625,0.11758,0.01193,0.20165,0.5535,"Habitat Protection",2609391.984,0.37066866498029,0.0410957092030411,7114.38762129973
"Hazel Reef (12-014)","I",13.7060100949532,-3.87741279602051,143.29975891,-12.27168751,0.26,4.24,34.74,0.98,30.47,0.17,0.01129,0.17424,0.56451,"Habitat Protection",1937804.58,0.296863853640401,0.0255245085874741,5667.13848331414
"Ada Reef (12-015)","I",4.77837636353147,-10.4022331237793,143.12567139,-12.28651428,NaN,NaN,NaN,NaN,NaN,NaN,NaN,NaN,NaN,NaN,142290.7473,0.346510960261177,0.0281887670145806,1374.49258717966
"Gallon Reef (12-016a)","I",20.3931668852278,-12.1966457366943,143.43336487,-12.31373787,0.301769674418605,4.28712413953488,34.7888065116279,1.07604069767442,17.8336437209302,0.0619613953488372,0.0115100465116279,0.17572176744186,0.515567395348837,"Habitat Protection",261905815.7,0.111719537272197,0.0202720440863134,90323.2157476175
"Forbes Islands Reef (12-016b)","I",19.6532577680265,-3.62870001792908,143.40895081,-12.29255772,0.32,4.21,34.74,1.06,15.45,0.06,0.01101,0.18902,0.54797,"Conservation Park",1579857.252,0.580593424218124,0.0175806551107273,7761.39631099355
"U/N Reef (12-016c)","M",31.8264093236593,-16.7728023529053,143.51319885,-12.24527168,0.309287790697674,4.30595779069767,34.8165643023256,1.06435662790698,10.0010529069767,0.0654026744186047,0.0106036046511628,0.135805813953488,0.477230813953488,"Habitat Protection",109476834.7,0.0530570595362856,0.00410745391235652,61245.7251770842
"Lion Reef (12-017)","I",4.40377716567545,-7.40840864181519,143.18287659,-12.30539131,NaN,NaN,NaN,NaN,NaN,NaN,NaN,NaN,NaN,NaN,161024.7652,0.346510960261177,0.0255245085874741,1564.61687738533
"Daniell Reef (12-018)","I",4.14406172735348,-4.54974269866943,143.19723511,-12.3118763,NaN,NaN,NaN,NaN,NaN,NaN,NaN,NaN,NaN,NaN,343860.1272,0.346510960261177,0.0255245085874741,2335.24112043793
"North Pint Patch (12-019)","I",11.6620043729884,-27.1837368011475,143.34402466,-12.33054447,NaN,NaN,NaN,NaN,NaN,NaN,NaN,NaN,NaN,NaN,121679.7913,0.306778894545901,0.0136808306201725,1343.74535154755
"South Pint Patch (12-020)","I",11.3115118318393,-26.9469375610352,143.35838318,-12.35092163,NaN,NaN,NaN,NaN,NaN,NaN,NaN,NaN,NaN,NaN,156096.4027,0.306778894545901,0.0136808306201725,1543.89641435472
"Andrew Reef (12-021)","I",3.00433421004076,-7.56438732147217,143.24212646,-12.35507584,NaN,NaN,NaN,NaN,NaN,NaN,NaN,NaN,NaN,NaN,445544.6555,0.580593424218124,0.0136808306201725,2927.14560499099
"U/N Reef (12-022)","I",0.0383181191540377,-2.46620607376099,143.21583557,-12.36351585,NaN,NaN,NaN,NaN,NaN,NaN,NaN,NaN,NaN,NaN,6999268.575,0.346510960261177,0.0136808306201725,19521.7642535777
"Kangaroo Shoals (12-023)","I",1.85708485774788,-7.19151544570923,143.27355957,-12.38898468,NaN,NaN,NaN,NaN,NaN,NaN,NaN,NaN,NaN,NaN,4337874.019,0.34615648074516,0.0136808306201725,11039.8666442924
"U/N Reef (12-024)","M",22.8277770481198,-13.404673576355,143.48176575,-12.38488674,0.299208571428571,4.28284857142857,34.8002842857143,1.00371857142857,23.5856057142857,0.0571,0.0142,0.168118571428571,0.438674285714286,"Habitat Protection",6288196.352,0.228023722147381,0.00318979266347687,12980.5230175112
"U/N Reef (12-025)","I",1.48597163938519,-5.44765281677246,143.2840271,-12.43306541,NaN,NaN,NaN,NaN,NaN,NaN,NaN,NaN,NaN,NaN,219929.3276,0.346510960261177,0.0244978046253556,1892.81527345942
"Kemp Rocks Reef (12-026)","I",9.75078221949465,-20.1006183624268,143.36100769,-12.43950653,0.30562,4.27526,34.77665,1.06814,26.58859,0.11822,0.01496,0.25131,0.48025,"General Use",280906.0964,0.23289398951585,0.0154796316478677,1932.67400758368
"Quoin Reef (12-027)","M",21.2243144985454,-11.6262550354004,143.49861145,-12.4230938,0.307620384615385,4.30602653846154,34.8125373076923,1.04029192307692,34.3079780769231,0.0597915384615385,0.0140788461538462,0.160115384615385,0.420106538461538,"Habitat Protection",31250694.17,0.18504607699327,0.00760838760109999,22362.9823496999
"Eel Reef (12-027a)","I",15.1149559296324,-13.6034164428711,143.47608948,-12.473526,0.32722,4.26809378378378,34.8056364864865,0.98987018018018,41.7986994594595,0.113931081081081,0.0143451351351351,0.172558648648649,0.437187927927928,"Habitat Protection",144050867.8,0.2856121694069,0.0356407146790262,72432.1418136101
"Dolphin Reef (12-096)","I",12.2727983633938,-15.5663433074951,143.52960205,-12.55867386,0.3,4.31,34.825,0.86,72.905,0.14,0.013865,0.129235,0.409775,"Habitat Protection",2142463.371,0.0836248012718601,0.00704065409947763,9925.42278520753
"U/N Reef (12-097)","O",38.1479693257249,-8.60945510864258,143.78552246,-12.57677174,NaN,NaN,NaN,NaN,NaN,NaN,NaN,NaN,NaN,NaN,1051166.826,0.432032550397633,0.0245052709450712,4197.57815204707
"Second Small Reef (12-098)","O",39.0408197259043,-5.76066875457764,143.79449463,-12.58212376,0.46,4.48,35.07,0.73,37.15,0.02,0.00957,0.01104,0.03256,"Habitat Protection",1441899.118,0.50074173971679,0.0320971004720162,4621.17377910124
"Southern Small Detached Reef (12-099)","O",45.5587885933834,-3.91417336463928,143.86631775,-12.58349609,0.37303,4.37369,35.15005,0.5703,23.95588,0.04273,0.00939,0.00907,0.01815,"Marine National Park",3365322.285,0.743373563550269,0.0189986718253739,8468.74401479307
"U/N Reef (12-100)","M",30.0842709006788,-24.9244709014893,143.71421814,-12.61429596,0.343511764705882,4.38937387543253,34.9437055363322,0.750583287197232,17.6435702768166,0.0566524567474048,0.00715903114186851,0.0387822491349481,0.175303494809689,"Marine National Park",342934752.5,0.489153930038141,0.0265757904723625,131754.351867822
"U/N Reef (12-101)","O",39.8500298930341,-6.92004680633545,143.81077576,-12.59930325,0.354728333333333,4.43825666666667,35.004555,0.725135,29.8194166666667,0.028915,0.00932833333333333,0.01299,0.0434166666666667,"Habitat Protection",5278751.37,0.450885045403474,0.0579285701129101,11622.503549098
"U/N Reef (12-044)","O",61.9805177659377,-12.2387676239014,143.78450012,-12.17187595,NaN,NaN,NaN,NaN,NaN,NaN,NaN,NaN,NaN,NaN,33020.32037,0.511834319526627,0,665.47896165901
"U/N Reef (12-045)","O",62.6855921320886,-8.70959854125977,143.78967285,-12.15825176,0.39,4.31,34.9,0.75,5.09,0.1,0.01178,0.01716,0.06655,"Habitat Protection",628432.5434,0.572713178294574,0.0274418604651163,4334.23827683576
"U/N Reef (12-046)","O",63.484058076776,-5.73006057739258,143.80516052,-12.17167664,NaN,NaN,NaN,NaN,NaN,NaN,NaN,NaN,NaN,NaN,558104.0774,0.78506629448709,0.0132588974180042,2769.5550461273
"U/N Reef (12-047)","O",60.5749435317208,-25.208740234375,143.79078674,-12.19427586,NaN,NaN,NaN,NaN,NaN,NaN,NaN,NaN,NaN,NaN,200281.3075,0.434219385020614,0.0225346124728268,1750.00988724339
"U/N Reef (12-048)","O",59.8443346666685,-12.4010410308838,143.78059387,-12.19409657,NaN,NaN,NaN,NaN,NaN,NaN,NaN,NaN,NaN,NaN,803799.8607,0.556255298534577,0.025917403415284,3283.49790628826
"U/N Reef (12-049)","O",61.1893719066384,-23.2613945007324,143.81027222,-12.20488834,0.33,4.465,34.98,0.865,4.55,0.1,0.01202,0.01623,0.06897,"Habitat Protection",851966.665,0.0497250229147571,0.000229147571035747,5232.97883488522
"U/N Reef (12-050)","O",61.6916399380308,-35.1807289123535,143.82194519,-12.2100687,NaN,NaN,NaN,NaN,NaN,NaN,NaN,NaN,NaN,NaN,84817.66684,0.453228732929192,0.0210370598614476,1127.83401176027
"U/N Reef (12-051)","O",59.6949738952095,-6.52828550338745,143.79431152,-12.20841408,0.33315,4.411,34.94155,0.88722,6.57337,0.10432,0.01201,0.01702,0.06735,"Habitat Protection",697483.0633,0.696677833612507,0.0414572864321608,3127.87813327256
"William Reef (East) (12-052a)","O",63.2720043882111,-10.9927558898926,143.85296631,-12.22222042,NaN,NaN,NaN,NaN,NaN,NaN,NaN,NaN,NaN,NaN,78419.41184,0.568773234200744,0.0272614622057001,1007.08590915265
"William Reef (West) (12-052b)","O",63.1119884503193,-15.4828329086304,143.84992981,-12.22099686,NaN,NaN,NaN,NaN,NaN,NaN,NaN,NaN,NaN,NaN,59198.68822,0.230132450331126,0.0397350993377483,929.353459914118
"Henry Reef (12-053)","O",60.5125775918511,-9.95826148986816,143.81919861,-12.22263622,NaN,NaN,NaN,NaN,NaN,NaN,NaN,NaN,NaN,NaN,181764.7748,0.613283342260311,0.0214247455811462,1622.9734141429
"Lloyds Reef (12-054)","O",63.6740512000244,-16.4639663696289,143.8742218,-12.24046326,NaN,NaN,NaN,NaN,NaN,NaN,NaN,NaN,NaN,NaN,42754.05499,0.381489841986456,0.00677200902934537,716.332682086329
"U/N Reef (12-055a)","O",65.5776585343299,-17.8132743835449,143.89958191,-12.24290276,NaN,NaN,NaN,NaN,NaN,NaN,NaN,NaN,NaN,NaN,94448.53021,0.327852004110997,0,1122.04421469461
"U/N Reef (12-055b)","O",64.5186960793825,-15.9660921096802,143.89024353,-12.24686527,NaN,NaN,NaN,NaN,NaN,NaN,NaN,NaN,NaN,NaN,62736.25402,0.358695652173913,0.0636645962732919,904.274785334605
"Mantis Reef (12-056)","O",62.3532133021186,-6.45741176605225,143.89825439,-12.28798294,0.362002777777778,4.474645,35.1741372222222,0.536678333333333,7.59423333333333,0.0947888888888889,0.0104327777777778,0.0127205555555556,0.0362994444444444,"Marine National Park",28077242.72,0.558644927837624,0.0150112992000444,50041.7814267032
"U/N Reef (12-057)","O",39.9175259077363,-26.8099746704102,143.64306641,-12.31495285,0.329052142857143,4.34709571428571,34.861915,1.01658,7.61660857142857,0.06312,0.008425,0.0320371428571429,0.137355714285714,"Habitat Protection",16669240.32,0.263085444790763,0.0260025721192747,18815.0863026648
"Ferguson Reef (12-058)","O",52.6678753249396,-8.46678733825684,143.82704163,-12.34038258,0.342206,4.451698,34.97644,0.769566,4.004686,0.116558,0.01114,0.0167,0.04087,"Habitat Protection",7151373.103,0.532532709517722,0.0267252400511384,13560.7187390528
"U/N Reef (12-059)","O",47.9738928299942,-7.69432020187378,143.79122925,-12.3640871,0.369272,4.388666,34.9571,0.83682,6.266982,0.071604,0.010072,0.017728,0.052058,"Habitat Protection",6653553.114,0.577941262505119,0.016497981629907,12087.2605880207
"U/N Reef (12-060)","M",31.997411388156,-20.1922397613525,143.61051941,-12.3814621,0.326573684210526,4.31003421052632,34.8508663157895,0.942213684210526,15.8334178947368,0.0688573684210526,0.00746947368421053,0.0543884210526316,0.221751578947368,"Habitat Protection",21926732.51,0.238681618623146,0.0226659189357598,20887.2760175262
"Lagoon Reef (12-061)","O",43.6491966423701,-16.9470539093018,143.75706482,-12.38443565,0.342715,4.38601714285714,34.9077,0.940327142857143,5.491645,0.067275,0.008525,0.0215342857142857,0.0766978571428571,"Habitat Protection",17466048.29,0.258257555496122,0.0176183471516448,20415.9981046186
"U/N Reef (12-062)","O",40.9825578730302,-3.95417833328247,143.74711609,-12.41181946,0.374055,4.369045,34.956055,0.84289,10.06544,0.079855,0.00815,0.022325,0.081075,"Habitat Protection",3735273.692,0.463913767965007,0.00739429285565507,7851.22783404239
"U/N Reef (12-063)","O",42.7201524737857,-9.02278900146484,143.76644897,-12.41186237,0.36283,4.37199,34.99308,0.78926,10.16485,0.07554,0.00892,0.01773,0.05178,"Habitat Protection",701323.0322,0.433370861988749,0.013836873879069,3668.26603419442
"U/N Reef (12-064)","M",32.1095667122563,-20.6815948486328,143.63339233,-12.40263271,NaN,NaN,NaN,NaN,NaN,NaN,NaN,NaN,NaN,NaN,431764.1116,0.331637515613725,0.0225945540206115,3020.15307693959
"U/N Reef (12-065)","M",25.5049256657029,-11.541392326355,143.56796265,-12.42260838,NaN,NaN,NaN,NaN,NaN,NaN,NaN,NaN,NaN,NaN,75881.39443,0.441025641025641,0.0564102564102564,1033.01023865659
"U/N Reef (12-066)","M",30.9836104122859,-19.2309627532959,143.63214111,-12.41675472,0.357572,4.323702,34.895224,0.898586,15.452114,0.0719,0.00583,0.04438,0.18741,"Habitat Protection",3924941.846,0.181503322001944,0.0202982399379961,8200.57904725129
"Northern Small Detached Reef (12-067)","O",50.0376717975061,-6.2510347366333,143.84637451,-12.41513443,NaN,NaN,NaN,NaN,NaN,NaN,NaN,NaN,NaN,NaN,151942.3493,0.829206349206349,0.0342857142857143,1618.83991953755
"U/N Reef (12-068)","O",39.8338679572141,-3.97860765457153,143.75128174,-12.43705273,0.36,4.28,34.8466666666667,0.906666666666667,5.91333333333333,0.0533333333333333,0.00850666666666667,0.0213033333333333,0.0643833333333333,"Habitat Protection",4350608.724,0.50637339026975,0.0363565918463226,8836.31733330078
"U/N Reef (12-069)","O",39.3983699606948,-6.73483943939209,143.76272583,-12.4656105,0.335,4.385,34.865,1,8.57,0.06,0.01125,0.01075,0.02989,"Habitat Protection",5201813.892,0.530264215860431,0.0167729389106004,9470.3606386189
"U/N Reef (12-070)","O",38.1607724134354,-11.6906147003174,143.75871277,-12.483531,NaN,NaN,NaN,NaN,NaN,NaN,NaN,NaN,NaN,NaN,294316.2224,0.524942186983812,0.0849025437727123,2277.65318230403
"U/N Reef (12-071)","O",39.1948071488159,-6.25511264801025,143.77137756,-12.48882198,NaN,NaN,NaN,NaN,NaN,NaN,NaN,NaN,NaN,NaN,2603146.179,0.580653526485074,0.0406539596215656,6349.92849821892
"Middle Reef (12-072)","I",6.38998115238409,-5.93664693832397,143.39012146,-12.51870823,0.3,4.22,34.71,1.1,33.65,0.12,0.02117,0.25769,0.47293,"Habitat Protection",1118584.563,0.184761015890677,0.0167632521265346,4271.96964868299
"Pigeon Reef (12-073)","I",1.77453314679541,-5.4711480140686,143.29045105,-12.5129776,0.32172,4.21956,34.74488,0.98734,25.54188,0.19412,0.02448,0.3563,0.40686,"Buffer",443423.7429,0.346510960261177,0.0154796316478677,2192.11179315549
"U/N Reef (12-075)","I",0.334050947832096,-2.71873307228088,143.32258606,-12.55555058,NaN,NaN,NaN,NaN,NaN,NaN,NaN,NaN,NaN,NaN,4746944.172,0.2856121694069,0.0167632521265346,14822.2762402441
"Rocky Island Reef (12-076)","I",0.505720909286709,-2.25276803970337,143.39006042,-12.58631897,NaN,NaN,NaN,NaN,NaN,NaN,NaN,NaN,NaN,NaN,3654316.664,0.141040470425344,0.0142271229261679,19036.4764525295
"U/N Reef (12-077)","I",1.0927254630423,-3.8978283405304,143.43490601,-12.6125288,0.334545,4.2225,34.78117,0.90839,43.586005,0.086785,0.02172,0.1907,0.43938,"Habitat Protection",845922.3897,0.0822568194813715,0.00446494690177832,5482.30519776756
"Restoration Island Reef (12-078)","I",1.0559524468195,-8.38556098937988,143.44673157,-12.62329578,NaN,NaN,NaN,NaN,NaN,NaN,NaN,NaN,NaN,NaN,842272.5432,0.0822568194813715,0.00446494690177832,7154.74787974484
"U/N Reef (12-080)","I",2.95493041007693,-2.37353014945984,143.4180603,-12.64875221,NaN,NaN,NaN,NaN,NaN,NaN,NaN,NaN,NaN,NaN,2801536.975,0.168476036295952,0.00888393062717424,9171.88999489867
"Edward Shoal (12-081)","I",4.26862128952418,-8.01071453094482,143.4499054,-12.65841198,0.31597,4.30525,34.80787,0.91735,55.111,0.1237,0.03126,0.28928,0.41433,"Habitat Protection",268837.832,0.177021508063659,0.00865510812930081,2893.53571488342
"U/N Reef (12-082)","I",2.45107582403885,-5.84299468994141,143.42227173,-12.66237068,NaN,NaN,NaN,NaN,NaN,NaN,NaN,NaN,NaN,NaN,116651.6144,0.168476036295952,0.00888393062717424,1339.39252449734
"U/N Reef (12-083)","I",1.28457138154275,-4.5316162109375,143.39558411,-12.71177101,NaN,NaN,NaN,NaN,NaN,NaN,NaN,NaN,NaN,NaN,311368.9745,0.0538844405972733,0.00865510812930081,2638.65145088563
"Lloyd Island Reef (12-084)","I",1.83804897020853,-2.91405510902405,143.39788818,-12.75452995,NaN,NaN,NaN,NaN,NaN,NaN,NaN,NaN,NaN,NaN,2052523.924,0.0538844405972733,0.00930133745486499,7631.67042923655
"Hazelgrove Reefs (12-085)","I",10.6840936336699,-6.69474220275879,143.48176575,-12.75479412,NaN,NaN,NaN,NaN,NaN,NaN,NaN,NaN,NaN,NaN,845184.6937,0.0914900395688908,0.00535930748131121,4378.49260441233
"May Reef (12-086)","I",8.22213475256411,-1.80247414112091,143.46621704,-12.77821445,NaN,NaN,NaN,NaN,NaN,NaN,NaN,NaN,NaN,NaN,253793.3369,0.0914900395688908,0.00535930748131121,2033.45837640329
"U/N Reef (12-087)","I",0.507302330683736,-1.37815022468567,143.36885071,-12.77748299,NaN,NaN,NaN,NaN,NaN,NaN,NaN,NaN,NaN,NaN,2717247.694,0.346510960261177,0.00930133745486499,11963.6751173265
"Sunter Reef (12-088)","I",4.908994593694,-2.16897416114807,143.4127655,-12.77997589,NaN,NaN,NaN,NaN,NaN,NaN,NaN,NaN,NaN,NaN,296599.1606,0.0538844405972733,0.00535930748131121,1948.4224286049
"Exit Reef (12-089)","I",7.56264932785132,-4.00718259811401,143.48699951,-12.78309822,0.32234,4.343,34.81944,0.85522,60.83503,0.21741,0.02712,0.37083,0.3401,"Habitat Protection",714953.5212,0.0914900395688908,0.00535930748131121,3147.17682736336
"Waight Bank (12-091)","I",4.32862584087568,-8.48122978210449,143.44172668,-12.81111717,0.32,4.31,34.73,0.91,77.48,0.08,0.05701,0.70304,0.04375,"Marine National Park",412003.2399,0.0914900395688908,0.00535930748131121,2441.64820956759
"U/N Reef (12-092)","O",37.997451768405,-11.2607164382935,143.77087402,-12.51905155,0.33,4.36,34.85,0.91,17.98,0.06,0.01017,0.01117,0.02849,"Habitat Protection",407439.3995,0.497612225405922,0.0176695319961796,2377.6094389064
"Bunker Reef (12-093)","M",21.4532071979717,-30.2936477661133,143.60488892,-12.52017689,0.329743333333333,4.35635866666667,34.894438,0.893166666666667,42.0050226666667,0.0491746666666667,0.00693666666666667,0.068794,0.289478666666667,"Habitat Protection",17515028.99,0.0135111871296641,0.000505350607809055,17118.981965517
"Long Sandy Reef (12-094)","O",39.9123949134755,-4.99641847610474,143.79371643,-12.53452587,0.350406666666667,4.41008666666667,34.98478,0.72741,25.99983,0.0472366666666667,0.0094,0.0111533333333333,0.0265366666666667,"Habitat Protection",7690618.079,0.573017967338967,0.0203603093925213,18554.5773909081
"U/N Reef (12-095)","O",37.503193841191,-13.4168567657471,143.77828979,-12.56860256,0.33,4.42,34.94,0.8,46.25,0.02,0.00924,0.01492,0.04163,"Habitat Protection",311240.7279,0.5346875,0.023125,2274.95742048775
"Sunk Reef (12-122)","O",11.3578734551749,-15.3234596252441,143.64582825,-12.84803772,0.32822,4.407195,34.973245,0.65033,31.01626,0.06342,0.0112,0.15441,0.35251,"Habitat Protection",2165776.682,0.0551343591584047,0.00776097976761922,6688.12203659324
"U/N Reef (12-123)","O",27.5094104757833,-24.3058376312256,143.79393005,-12.86832905,0.34317,4.42841,35.03087,0.66671,14.86041,0.04,0.00702,0.01998,0.08853,"Habitat Protection",781907.9758,0.427552777312199,0.0237380127503662,4576.69084942119
"U/N Reef (12-124)","I",7.11350794245701,-4.11253881454468,143.59828186,-12.87885857,0.32598,4.39007,34.96182,0.68938,42.06602,0.12945,0.01395,0.25354,0.36072,"Habitat Protection",187175.3705,0.235005522742354,0.0417116895749643,2207.16676264803
"Rocky Island Reef (12-125)","I",2.62384215240788,-6.41248559951782,143.55001831,-12.88636208,0.38,4.34,34.84,0.67,54.32,0.16,0.03244,0.36424,0.36619,"Marine National Park",925148.0937,0.235005522742354,0.0417116895749643,4202.24180995539
"Frederick Patches (12-126)","I",9.88735216672397,-22.7532634735107,143.62652588,-12.87858677,0.33688,4.385225,34.989615,0.687675,39.64629,0.13707,0.0112,0.15441,0.35251,"Habitat Protection",3198309.4,0.235005522742354,0.0417116895749643,8164.85162154421
"U/N Reef (12-127)","O",30.6575494214858,-5.82454013824463,143.81987,-12.89378929,0.3743675,4.4432825,35.02496375,0.62387,12.12547,0.0283475,0.0075625,0.0074075,0.0344075,"Habitat Protection",10433557.12,0.456712112046903,0.0212181843562421,18914.5109086695
"Chapman Reef (12-129)","I",7.6230894408003,-3.3075647354126,143.60002136,-12.88673019,0.35,4.4,34.89,0.7,46.94,0.16,0.02229,0.26843,0.38245,"Habitat Protection",1050654.609,0.235005522742354,0.0417116895749643,3975.83428333806
"U/N Reef (12-130)","O",26.4522378766825,-24.6864147186279,143.76846313,-12.9338789,0.331863055555556,4.42728416666667,35.0220861111111,0.683643611111111,16.2444152777778,0.0644022222222222,0.00751888888888889,0.0272094444444444,0.162333333333333,"Habitat Protection",45214445.34,0.524504570072283,0.0154696377713388,48637.0621262293
"U/N Reef (12-131)","I",4.38575986521179,-4.06465339660645,143.51725769,-12.92143154,NaN,NaN,NaN,NaN,NaN,NaN,NaN,NaN,NaN,NaN,17781474.96,0.235005522742354,0.0417116895749643,21030.2222189402
"Allen Reef (12-132)","I",5.12076282902898,-4.94851064682007,143.5383606,-12.92708874,NaN,NaN,NaN,NaN,NaN,NaN,NaN,NaN,NaN,NaN,1681267.771,0.235005522742354,0.0417116895749643,6667.65149145797
"U/N Reef (12-133)","I",14.7179770019982,-6.69789695739746,143.65361023,-12.92910957,NaN,NaN,NaN,NaN,NaN,NaN,NaN,NaN,NaN,NaN,276105.7946,0.552160168598525,0.10958904109589,2006.87923477591
"U/N Reef (12-134)","O",32.1352476703398,-4.98505926132202,143.8240509,-12.93371105,0.380996666666667,4.42418166666667,35.0585233333333,0.618648333333333,16.15617,0.053965,0.007695,0.00835,0.05029,"Habitat Protection",6256987.925,0.480612339857927,0.010484846604833,11781.2062666013
"U/N Reef (12-135)","O",31.9094256681593,-7.7034387588501,143.81663513,-12.9485178,0.34,4.46,35.05,0.64,11.43,0.13,0.00731,0.00942,0.0618,"Habitat Protection",303313.9852,0.63618925831202,0.0147058823529412,2353.81661250648
"Hammond Reef (12-136)","I",5.11877586837809,-7.24913883209229,143.54750061,-12.94077492,NaN,NaN,NaN,NaN,NaN,NaN,NaN,NaN,NaN,NaN,286807.1453,0.34543311366331,0.0481951541761604,2101.40275367749
"U/N Reef (12-137)","O",33.8055665632192,-4.76262331008911,143.82859802,-12.96533298,0.354026666666667,4.43017,35.0829566666667,0.60986,17.50281,0.0894766666666667,0.00731,0.00942,0.0618,"Habitat Protection",4912152.963,0.447223221186009,0.0380017494003067,8827.44493065576
"U/N Reef (12-138)","I",5.14046546844131,-9.01849460601807,143.55097961,-12.96508121,NaN,NaN,NaN,NaN,NaN,NaN,NaN,NaN,NaN,NaN,178452.1336,0.511633014587436,0.0474296545450596,1669.01103153593
"U/N Reef (12-139)","O",19.6352249596816,-5.69916152954102,143.69265747,-12.95187187,NaN,NaN,NaN,NaN,NaN,NaN,NaN,NaN,NaN,NaN,171001.1218,0.662870159453303,0.076879271070615,1948.73266891026
"U/N Reef (12-141)","O",34.5108479186873,-12.9232873916626,143.8293457,-12.98416328,NaN,NaN,NaN,NaN,NaN,NaN,NaN,NaN,NaN,NaN,754629.5434,0.224868065388081,0.0888145192431458,4523.8993946324
"Curd Reef (12-102)","I",12.9985564158584,-17.1392974853516,143.54925537,-12.58115005,0.328573684210526,4.34411842105263,34.8733673684211,0.84469,52.0201768421053,0.0779021052631579,0.01093,0.105636842105263,0.370242631578947,"Habitat Protection",23373171.25,0.109261216574981,0.00635418660585734,24287.0456734592
"U/N Reef (12-103)","O",38.6501298288447,-21.3907775878906,143.81242371,-12.61740971,NaN,NaN,NaN,NaN,NaN,NaN,NaN,NaN,NaN,NaN,235277.6147,0.0702189178025609,0.00702189178025609,1925.23910416287
"Log Reef (North) (12-104)","O",39.466210192759,-5.35587930679321,143.83570862,-12.63453674,0.381862,4.426498,35.07746,0.632956,22.738578,0.030632,0.00812,0.02274,0.0977,"Habitat Protection",5150932.67,0.620729982080543,0.0467414882580402,13136.2383834793
"Burke Reef (12-105)","I",13.7631772118856,-12.9282646179199,143.56344604,-12.63278866,0.348507272727273,4.34408363636364,34.8804627272727,0.80293,48.4119327272727,0.05533,0.00943272727272727,0.0870345454545455,0.358797272727273,"Habitat Protection",16203437.34,0.367918867018723,0.0196111377820451,18006.2055001534
"Tannadice Shoal (12-106)","I",10.4688566636516,-21.158203125,143.52445984,-12.66204357,NaN,NaN,NaN,NaN,NaN,NaN,NaN,NaN,NaN,NaN,449298.586,0.0538844405972733,0,2567.14278091426
"Log Reef (South) (12-107)","O",37.3226817886301,-6.63858413696289,143.84440613,-12.68454933,0.378307,4.442732,35.090274,0.592168,18.034063,0.016889,0.006002,0.011788,0.040507,"Habitat Protection",11068144.79,0.51727802025063,0.0097828282384762,17560.3427145869
"U/N Reef (12-108)","O",33.7888838841975,-9.06348705291748,143.81358337,-12.69575787,NaN,NaN,NaN,NaN,NaN,NaN,NaN,NaN,NaN,NaN,635976.6014,0.62196425843898,0.0180235222239194,3608.58425333569
"U/N Reef (12-109)","O",34.8877950641832,-10.2323303222656,143.82250977,-12.69107914,NaN,NaN,NaN,NaN,NaN,NaN,NaN,NaN,NaN,NaN,193570.2877,0.495513459621137,0.0244267198404786,1810.49631197881
"U/N Reef (12-110)","O",32.9922461964997,-6.39576578140259,143.81051636,-12.70535374,NaN,NaN,NaN,NaN,NaN,NaN,NaN,NaN,NaN,NaN,1585400.412,0.739386142253262,0.00943454021932243,5168.8749284922
"First Small Reef (12-111)","O",31.9329002000786,-6.60048532485962,143.8079071,-12.72177219,0.354685,4.452205,35.05371,0.6533,14.29235,0.026545,0.00484,0.00861,0.0253,"Habitat Protection",3207852.399,0.557817144937208,0.0491415397682461,6839.35383940026
"Ape Reef (12-112)","I",18.3693250571573,-18.3575458526611,143.61979675,-12.69607735,0.344033333333333,4.39449066666667,34.945361,0.683166,33.36758,0.0654183333333333,0.008831,0.0913606666666667,0.339247333333333,"Habitat Protection",36155397.78,0.181555648418421,0.00930133745486499,28788.9548297024
"U/N Reef (12-113)","O",29.3214515081619,-10.6090297698975,143.79234314,-12.74603176,NaN,NaN,NaN,NaN,NaN,NaN,NaN,NaN,NaN,NaN,293339.2145,0.578057673185283,0.0245276764998343,2273.63312212056
"U/N Reef (12-114)","O",31.0455006445734,-5.39259767532349,143.81338501,-12.75754356,0.388711428571429,4.43072714285714,35.0181171428571,0.614594285714286,11.9255571428571,0.0200785714285714,0.00443285714285714,0.00836714285714286,0.0233357142857143,"Habitat Protection",10679516.86,0.614034768528205,0.0161379824792817,17357.7550407992
"Zenith Reef (12-115)","I",11.3721766398053,-16.1465511322021,143.61302185,-12.76817226,0.339697142857143,4.40323571428571,34.9482714285714,0.646078571428571,39.3886628571429,0.127584285714286,0.01311,0.159698571428571,0.340792857142857,"Habitat Protection",6926461.36,0.122863637639267,0.00829287458254988,11321.6885932809
"U/N Reef (12-116)","O",28.8294505598811,-6.13791131973267,143.80245972,-12.79762459,0.36159,4.43942,35.05064,0.64714,12.93761,0.02935,0.00489,0.0077,0.02746,"Habitat Protection",2606853.445,0.418646280067127,0.0355771023680776,7335.2343783973
"Bligh Reef (12-118)","O",31.972407777533,-7.29629802703857,143.83557129,-12.83273792,0.368325,4.43895166666667,35.0651816666667,0.611550833333333,12.5388683333333,0.0248025,0.00539666666666667,0.0071525,0.025235,"Habitat Protection",16299080.46,0.407299939822566,0.014418751526779,26220.1404755212
"Wye Reef (12-119)","I",8.85706955277998,-18.6715793609619,143.61532593,-12.81010723,0.33102,4.40053,34.957205,0.648905,31.9966,0.122955,0.01211,0.18177,0.308385,"General Use",3207288.816,0.0977220404701321,0.00778504786138374,8024.60419127458
"Lansdown Reef (12-120)","I",3.00613129980784,-3.15057992935181,143.54605103,-12.81497765,NaN,NaN,NaN,NaN,NaN,NaN,NaN,NaN,NaN,NaN,496344.1338,0.0919066790892679,0.00794630073718428,2774.55610509197
"U/N Reef (12-121)","O",22.093764458035,-22.9618263244629,143.74467468,-12.83938408,0.339264150943396,4.42481358490566,35.0022243396226,0.669312830188679,10.6645956603774,0.0323458490566038,0.00759301886792453,0.0571516981132075,0.182390188679245,"Habitat Protection",62075167.95,0.427552777312199,0.0237380127503662,46670.4326783255
"Throne Shoals (13-036)","M",22.9634983906819,-10.7147531509399,143.73945618,-13.23858547,0.279997941176471,4.42683382352941,35.011545,0.628556764705882,35.368725,0.0978379411764706,0.00888294117647059,0.0960455882352941,0.407850294117647,"Habitat Protection",39868592.3,0.311942360644891,0.0187444661743386,35862.0875561825
"U/N Reef (13-037)","O",40.9457207025129,-13.6187181472778,143.93484497,-13.25001907,NaN,NaN,NaN,NaN,NaN,NaN,NaN,NaN,NaN,NaN,347818.7538,0.147550111358575,0.0893652561247216,2755.4790838433
"U/N Reef (13-038)","M",17.6910164564184,-19.2256889343262,143.69070435,-13.25749207,NaN,NaN,NaN,NaN,NaN,NaN,NaN,NaN,NaN,NaN,465584.3574,0.11685065611331,0,2984.81826944981
"U/N Reef (13-040)","O",40.9820238475221,-4.63747644424438,143.94644165,-13.27411175,0.345376666666667,4.43925666666667,35.1600833333333,0.510753333333333,20.5443166666667,0.0414733333333333,0.00739,0.02158,0.08018,"Marine National Park",4417884.015,0.532484914975315,0.00886450905101481,8995.57006411499
"Celebration Reef (13-041)","M",16.4776208999001,-5.15640878677368,143.69355774,-13.27611446,0.26917375,4.42127875,34.975355,0.71093,53.10297375,0.0714475,0.0191225,0.19800875,0.47916625,"Habitat Protection",9527394.652,0.431505246125195,0.0341532418102439,12258.0034303125
"U/N Reef (12-142)","O",23.0419707280539,-26.9088459014893,143.72393799,-12.99467945,NaN,NaN,NaN,NaN,NaN,NaN,NaN,NaN,NaN,NaN,404602.9654,0.0220517737296261,0,2352.73261630995
"Cat Reef (12-143)","O",36.6426155877382,-5.00823163986206,143.84963989,-12.9975729,0.3968525,4.4263275,35.05186,0.587375,13.511185,0.0585025,0.00784,0.00855,0.04169,"Marine National Park",7571621.72,0.549236743953551,0.0128555132592507,12631.3681853516
"U/N Reef (12-144)","I",3.17098926131894,-5.76926422119141,143.53410339,-12.98553848,NaN,NaN,NaN,NaN,NaN,NaN,NaN,NaN,NaN,NaN,732336.7983,0.511633014587436,0.0474296545450596,3242.69616570303
"Sherrard Reef (12-145)","M",11.2793489733887,-3.14009952545166,143.61448669,-12.98971653,NaN,NaN,NaN,NaN,NaN,NaN,NaN,NaN,NaN,NaN,1181678.519,0.511633014587436,0.0474296545450596,4228.00353678964
"U/N Reef (12-146)","O",19.1980776126051,-17.5972995758057,143.68843079,-12.99503136,0.35136,4.401938,34.983426,0.647372,52.959686,0.06509,0.006444,0.050774,0.359154,"Habitat Protection",5032155.93,0.0228434720534043,0.0078910304643939,11981.4751062624
"U/N Reef (12-148)","O",15.8676188936578,-6.01260328292847,143.6544342,-12.97354221,NaN,NaN,NaN,NaN,NaN,NaN,NaN,NaN,NaN,NaN,46778.87637,0.412624600035077,0.064786447543633,821.259765456012
"U/N Reef (12-149)","O",38.1000577218949,-9.0578088760376,143.76841736,-12.50892353,NaN,NaN,NaN,NaN,NaN,NaN,NaN,NaN,NaN,NaN,163986.8878,0.686754176610978,0.0202863961813842,1461.29397484593
"U/N Reef (12-150)","O",64.3005676687412,-12.1949663162231,143.80715942,-12.16355133,NaN,NaN,NaN,NaN,NaN,NaN,NaN,NaN,NaN,NaN,87370.06668,0.701998362054855,0.0168135116115978,1159.94319277197
"U/N Reef (12-151)","O",70.1256335120129,-10.9083490371704,143.8870697,-12.03110409,NaN,NaN,NaN,NaN,NaN,NaN,NaN,NaN,NaN,NaN,10286.16401,0.283018867924528,0.216981132075472,352.625982005323
"U/N Reef (12-152)","O",71.2429963605093,-10.0624656677246,143.89718628,-12.03328896,NaN,NaN,NaN,NaN,NaN,NaN,NaN,NaN,NaN,NaN,9768.291108,0.425742574257426,0.217821782178218,360.263737059986
"U/N Reef (12-038c)","O",74.6670671831338,-6.6871452331543,143.92573547,-12.06112289,NaN,NaN,NaN,NaN,NaN,NaN,NaN,NaN,NaN,NaN,94423.74425,0.617131062951496,0.022703818369453,1531.40999459336
"U/N Reef (12-154)","O",74.9526365450514,-13.0651998519897,143.93013,-12.04652214,NaN,NaN,NaN,NaN,NaN,NaN,NaN,NaN,NaN,NaN,43989.77639,0.513333333333333,0.0266666666666667,762.282777950836
"U/N Reef (13-001)","O",30.3253628980843,-21.6177520751953,143.79154968,-13.02382946,0.333093529411765,4.43300882352941,35.03647,0.645924117647059,18.8982229411765,0.108633529411765,0.00722647058823529,0.02532,0.174837058823529,"Habitat Protection",18120713.98,0.496527681025148,0.0389349996519405,18683.6913571324
"Derry Reef (13-002)","O",37.6128274794705,-6.80362176895142,143.85891724,-13.02247143,0.3533,4.43479,35.09143,0.5601,16.60172,0.0646,0.00784,0.00855,0.04169,"Habitat Protection",1243057.172,0.715478233733812,0.0151349664534249,4974.91937336284
"Wasp Reef (13-004)","I",3.53257314009262,-6.58386421203613,143.53987122,-13.0296793,NaN,NaN,NaN,NaN,NaN,NaN,NaN,NaN,NaN,NaN,801161.1538,0.454832924995364,0.0168612523271811,3790.48603879858
"Ham Reef (13-005)","O",38.9095747316782,-6.06926774978638,143.87171936,-13.03850269,0.34886,4.43262,35.15294,0.50139,16.58461,0.06441,0.00893,0.01429,0.06877,"Habitat Protection",2889653.428,0.548662454630999,0.0129049603441323,7007.42282590037
"Osborne Reef (13-006)","M",12.3206308873868,-4.46500158309937,143.62623596,-13.04178429,0.343793333333333,4.36752,34.9923233333333,0.615743333333333,55.94527,0.0923033333333333,0.02126,0.22589,0.38792,"Marine National Park",5728451.881,0.429004813233001,0.0272354416649719,10034.2182159723
"U/N Reef (13-007)","I",1.20086893808598,-2.66693019866943,143.51351929,-13.03212833,NaN,NaN,NaN,NaN,NaN,NaN,NaN,NaN,NaN,NaN,3869445.522,0.454832924995364,0.0168612523271811,16244.2487656021
"MacNamara Patch (13-008)","M",14.1412020673663,-13.449182510376,143.64311218,-13.05144787,NaN,NaN,NaN,NaN,NaN,NaN,NaN,NaN,NaN,NaN,53397.77134,0.553734061930783,0.00546448087431694,853.026593906758
"Wilsen Shoal (13-009)","O",38.3387314307499,-17.1997699737549,143.86651611,-13.05327892,NaN,NaN,NaN,NaN,NaN,NaN,NaN,NaN,NaN,NaN,105381.1956,0.168044077134986,0.0477502295684114,1350.23876104455
"U/N Reef (13-010a)","O",39.7719769136047,-30.7277488708496,143.8795166,-13.06145287,0.35921,4.43977,35.1198,0.55824,15.47878,0.06832,0.00893,0.01429,0.06877,"Habitat Protection",115930.5218,0.320479966981121,0.0278759882434907,1310.47244989241
"U/N Reef (13-010b)","O",40.1185275512043,-35.6442756652832,143.88249207,-13.06604958,NaN,NaN,NaN,NaN,NaN,NaN,NaN,NaN,NaN,NaN,95614.74784,0.320479966981121,0.0278759882434907,1217.75030950672
"U/N Reef (13-011)","O",33.2539474275634,-21.5080165863037,143.81900024,-13.06639957,0.335522,4.436664,35.059114,0.62222,11.498316,0.047106,0.00703,0.02602,0.15535,"Habitat Protection",5712337.122,0.477394921833266,0.0252633854553229,14343.5472248282
"Stork Reef (13-012)","I",4.97107857236241,-2.07783102989197,143.55630493,-13.06491184,0.26,4.43,34.95,0.63,58.55,0.08344,0.04742,0.45313,0.28099,"Habitat Protection",1778113.956,0.454832924995364,0.0168612523271811,6131.99721652241
"U/N Reef (13-013)","I",1.94345169805316,-5.51155996322632,143.5241394,-13.07648087,NaN,NaN,NaN,NaN,NaN,NaN,NaN,NaN,NaN,NaN,418566.6252,0.454832924995364,0.0168612523271811,2597.22115001696
"U/N Reef (13-014)","M",20.1583783360506,-16.7868900299072,143.69717407,-13.07054424,0.339518888888889,4.39846962962963,35.0058081481481,0.652227777777778,52.5166488888889,0.157972962962963,0.00773777777777778,0.0660833333333333,0.349451851851852,"Habitat Protection",31659723.05,0.081129137083226,0.00913254607659199,29967.0132206122
"Franklin Reef (13-015)","O",41.8539666558054,-19.6264305114746,143.8979187,-13.0757618,0.34612,4.46399,35.070535,0.578265,11.983555,0.069045,0.01016,0.019385,0.07997,"Habitat Protection",1985600.598,0.244733369177379,0.0229727748179285,6458.65879186667
"U/N Reef (13-016a)","O",43.8498148966238,-17.9401340484619,143.91610718,-13.07932472,NaN,NaN,NaN,NaN,NaN,NaN,NaN,NaN,NaN,NaN,170177.3212,0.252835897081005,0.0446690777167183,1501.08781043841
"U/N Reef (13-016b)","O",44.4774429372165,-18.0663299560547,143.9216156,-13.08295822,NaN,NaN,NaN,NaN,NaN,NaN,NaN,NaN,NaN,NaN,57028.80757,0.178906290911617,0.0886367251164782,914.273240843136
"U/N Reef (13-017a)","O",46.2100391919414,-18.677677154541,143.93818665,-13.07644463,NaN,NaN,NaN,NaN,NaN,NaN,NaN,NaN,NaN,NaN,51057.20465,0.0229445506692161,0.154875717017208,845.104176056979
"U/N Reef (13-017b)","O",45.240032990549,-14.0286312103271,143.92900085,-13.07925606,0.34,4.49,35.05,0.59,9.37,0.07,0.0104,0.02811,0.11269,"Habitat Protection",198590.5456,0.47535383113714,0.0795510004880429,1706.99476270511
"U/N Reef (13-017c)","O",45.8172763704491,-16.9155216217041,143.93434143,-13.07928085,NaN,NaN,NaN,NaN,NaN,NaN,NaN,NaN,NaN,NaN,181529.8768,0.0384204909284952,0.0314834578441836,1646.47407943343
"U/N Reef (13-019)","I",0.927725823094938,-2.59441256523132,143.50831604,-13.11062717,NaN,NaN,NaN,NaN,NaN,NaN,NaN,NaN,NaN,NaN,6021423.692,0.425403561750935,0.0187140196792684,17740.3661321024
"Sykes Reef (13-020)","I",5.97041847738163,-10.9560537338257,143.55810547,-13.10892296,NaN,NaN,NaN,NaN,NaN,NaN,NaN,NaN,NaN,NaN,144953.3271,0.36807884104811,0.0228538042019142,1505.38958332648
"Colclough Reef (13-021)","M",23.3620001868885,-16.7675476074219,143.72366333,-13.10724926,0.335141875,4.40662375,35.0267925,0.635448125,41.825808125,0.131619375,0.006650625,0.05756125,0.333551875,"Habitat Protection",20801708.71,0.082709467370061,0.0106675249196554,22556.1987216876
"New Reef (13-022)","M",16.6572005700767,-10.3169393539429,143.65786743,-13.11120987,0.319624705882353,4.39,35.0092594117647,0.650395294117647,50.0499829411765,0.143397647058824,0.0116235294117647,0.150182352941176,0.422636470588235,"Habitat Protection",22008430.89,0.381759899822308,0.0178838344422545,20508.6900176491
"Dart Shoal (13-023)","M",25.0381381887291,-35.9583053588867,143.74864197,-13.13865376,0.37315,4.41139,35.06405,0.61422,29.42219,0.09504,0.00393,0.03146,0.33246,"Habitat Protection",133399.706,0.173526949888546,0.015287557794718,1401.55835487325
"Glennie Reef (13-024)","M",13.4402440931356,-12.2784471511841,143.64208984,-13.15210152,0.27593,4.39383,35.04227,0.5367,42.10269,0.10181,0.01598,0.2031,0.43537,"Habitat Protection",653850.5316,0.293471810089021,0.0234421364985163,3003.91691963057
"Waterwitch Reef (13-025)","M",10.7295082947408,-11.4936361312866,143.61578369,-13.15098572,NaN,NaN,NaN,NaN,NaN,NaN,NaN,NaN,NaN,NaN,298977.7346,0.281021292581166,0.0195029293745293,2187.56149691756
"Gertrude Reef (13-026)","M",15.232678091174,-13.5874090194702,143.6608429,-13.16221333,0.28406,4.40136,35.04485,0.55181,41.98767,0.11191,0.01598,0.2031,0.43537,"Habitat Protection",485912.784,0.167832167832168,0.0171828171828172,2524.42037360083
"Jubilee Reef (13-027)","M",26.0753461369424,-11.9184703826904,143.76197815,-13.16965389,0.306363333333333,4.43158333333333,35.0194333333333,0.64129,20.9456766666667,0.0969966666666667,0.00593666666666667,0.0535366666666667,0.346186666666667,"Habitat Protection",2498207.994,0.243356480583466,0.0244015983240874,10083.3953205018
"Tijou Reef (13-028)","O",47.5449875803618,-7.06762313842773,143.95910645,-13.15960598,0.364478620689655,4.4382224137931,35.0904634482759,0.539919655172414,12.5474851724138,0.0236568965517241,0.0075948275862069,0.0163296551724138,0.051781724137931,"Marine National Park",44090094.78,0.459034708446411,0.0124279198244125,59637.2443606839
"U/N Reef (13-029)","I",1.0311788136437,-2.65677094459534,143.52243042,-13.17112064,NaN,NaN,NaN,NaN,NaN,NaN,NaN,NaN,NaN,NaN,4582195.812,0.281021292581166,0.0195029293745293,14353.4353751891
"U/N Reef (13-030)","I",3.20856555345787,-4.52246713638306,143.55076599,-13.1765604,NaN,NaN,NaN,NaN,NaN,NaN,NaN,NaN,NaN,NaN,5076773.32,0.281021292581166,0.0195029293745293,10023.3427740178
"Night Reef (13-031)","I",5.69911377793852,-3.48015904426575,143.57391357,-13.18373013,NaN,NaN,NaN,NaN,NaN,NaN,NaN,NaN,NaN,NaN,864906.1428,0.281021292581166,0.0195029293745293,6988.23990952785
"Diamond Reign Reefs (13-032)","M",18.9363132510841,-13.4892606735229,143.6945343,-13.20453548,0.278377368421053,4.41997052631579,35.0071884210526,0.631732105263158,40.7724163157895,0.128078947368421,0.00832315789473684,0.103712631578947,0.446900526315789,"Habitat Protection",21412837.26,0.194514901712112,0.0107935501404113,23750.1469621779
"U/N Reef (13-033)","O",37.7836691276328,-24.1735858917236,143.87649536,-13.19607353,0.3247586,4.4479108,35.0811163,0.5819342,13.7102475,0.0658108,0.0067709,0.0294636,0.186846,"Habitat Protection",117803692.9,0.379689911593434,0.0368858950000496,82772.733269492
"Binstead Reef (13-034)","I",6.77879486916507,-3.15803027153015,143.57070923,-13.21789646,0.24,4.45,34.97,0.7,39.42,0.05,0.02336,0.20199,0.483,"Habitat Protection",584777.186,0.2186062932111,0.0171395012739149,2644.05063662248
"U/N Reef (13-035)","M",31.2624737007671,-22.4153366088867,143.81007385,-13.1864481,0.3,4.445,35.055,0.555,4.99,0.1,0.00676,0.03626,0.26506,"Habitat Protection",2971641.802,0.24993791431349,0.0179798715462791,7981.45839266359
"Hedley Reef (17-014)","M",48.9367150019609,-22.0463733673096,146.48373413,-17.22857094,0.152837333333333,4.53856766666667,34.9445953333333,0.860392333333333,64.84487,0.066064,0.0119643333333333,0.015772,0.062717,"Marine National Park",39815712.71,0.278645493175774,0.0074363364005992,26824.5647529157
"Jackson Patches (17-015)","M",29.0238900214864,-12.5703449249268,146.30291748,-17.27947807,0.141755,4.542,34.959985,0.785471666666667,46.3826616666667,0.019745,0.01295,0.03839,0.14898,"Habitat Protection",7161935.307,0.0954267242521396,0,10429.9299114841
"Virginia Chadwick Reef (18-016)","M",79.3574987139334,-28.5284423828125,146.83854675,-18.00399208,NaN,NaN,NaN,NaN,NaN,NaN,NaN,NaN,NaN,NaN,6858599.189,0.150724757495591,0.00334821428571429,14591.5595265882
"Reg Ward Reef (18-017)","M",73.2190538828465,-14.1586484909058,146.7850647,-18.03201485,0.19988,4.569195,35.178455,0.59231,31.244325,0.09814,0.01234,0.00704,0.05999,"Marine National Park",3141819.953,0.396179876673184,0.0201233268160626,8657.58319964838
"Otter Reef (18-018)","M",49.4380530267957,-13.2876405715942,146.55886841,-18.05222702,0.184264583333333,4.59516375,35.1917484166667,0.7033765,19.8345840833333,0.033401,0.01929475,0.0167905833333333,0.12958375,"Habitat Protection",151479148.1,0.0965314093258883,0.0090577732475049,47898.3784769041
"Undine Reef (West) (16-020a)","M",23.0275755272912,-10.6274070739746,145.68716431,-16.12334633,0.1485508,4.5043048,34.9920352,1.2315832,57.0773476,0.1029124,0.0134704,0.0444732,0.2426224,"Habitat Protection",34946657.95,0.169140999817153,0.0165221789746484,30273.4957635716
"Undine Reef (East) (16-020b)","M",32.1882754059649,-20.1872253417969,145.77542114,-16.11724091,0.114715,4.503835,35.033789375,1.167555625,67.103900625,0.1139125,0.009095625,0.01516125,0.105874375,"Habitat Protection",19062893.01,0.0811969021121507,0.00588738867278434,17487.3434920609
"U/N Reef (16-022a)","M",19.8772546520862,-18.7385063171387,145.64532471,-16.17426491,NaN,NaN,NaN,NaN,NaN,NaN,NaN,NaN,NaN,NaN,245442.2734,0.140077821011673,0,1864.16162145968
"U/N Reef (16-022b)","M",18.7032222756571,-8.71667575836182,145.63711548,-16.18397331,NaN,NaN,NaN,NaN,NaN,NaN,NaN,NaN,NaN,NaN,208949.9504,0.582648401826484,0,1655.59434825255
"Rudder Reef (16-023)","M",24.2273581008609,-12.2666416168213,145.69342041,-16.19220161,0.145094705882353,4.50310529411765,34.9862732352941,1.17018970588235,60.7103479411765,0.0549241176470588,0.0194891176470588,0.0544191176470588,0.280988235294118,"Habitat Protection",48878669.85,0.221086675038425,0.0495665369239452,32133.7330165122
"Chinaman Reef (16-024)","M",33.9181321435375,-10.4493074417114,145.79154968,-16.21309662,0.130675714285714,4.50268571428571,35.0009014285714,1.13685285714286,58.6069085714286,0.0581057142857143,0.00871428571428571,0.0149814285714286,0.142127142857143,"Habitat Protection",7354203.597,0.373178863792634,0.0168783487500162,11805.9488582815
"Moore Reef (16-071)","M",27.4318302376656,-18.5167388916016,146.21296692,-16.87431526,0.136233823529412,4.49865911764706,34.9658747058823,1.04034852941176,50.0220626470588,0.0902158823529412,0.00990941176470588,0.026855,0.151589117647059,"Marine National Park",43003292.95,0.146192841755101,0.0262207988109404,26126.8453280533
"North West Reef (16-072)","O",46.0787544047487,-29.0924701690674,146.38887024,-16.87688828,0.130528888888889,4.58528666666667,35.04498,0.492644444444444,28.4149844444444,0.0516111111111111,0.00760777777777778,0.00985444444444444,0.0500311111111111,"Preservation",10815173.63,0.0351063829787234,0,13038.3378993424
"Elford Reef (16-073)","M",31.0542231516764,-17.1429023742676,146.24856567,-16.9116478,0.140409615384615,4.50539846153846,34.9706280769231,0.993637307692308,44.9748303846154,0.0777638461538462,0.0126965384615385,0.0272846153846154,0.139943846153846,"Conservation Park",39652741.47,0.198853038345537,0.022325474344405,36272.7726973111
"Briggs Reef (16-074)","M",26.849021375297,-7.4288444519043,146.20672607,-16.93803215,0.14364,4.51493,34.99196,0.88574,44.64475,0.0926,0.01677,0.05093,0.20524,"Marine National Park",1206495.97,0.554732445425171,0.0617069903065647,4526.75608704598
"Channel Reef (16-075)","O",52.1108788719295,-31.7748603820801,146.44483948,-16.94465446,0.179778888888889,4.55609444444444,35.0514833333333,0.62107,32.66829,0.0472588888888889,0.00651666666666667,0.01042,0.0472333333333333,"Habitat Protection",13217203.79,0.127919270964447,0.00253177303230168,14952.747759586
"U/N Reef (16-076)","O",56.5809038188493,-74.2855224609375,146.48439026,-16.96920013,0.14,4.56,34.98,0.79,36.57,0.1,0.00452,0.00717,0.01972,"Habitat Protection",711489.5604,0.221940979993516,0.0151940678455356,3073.97390144653
"McCulloch Reef (No 1) (17-016a)","M",42.6525729691675,-14.8191566467285,146.44169617,-17.28788376,0.142917619047619,4.53849476190476,34.9007176190476,0.976899047619048,62.8552814285714,0.0872833333333333,0.0122471428571429,0.0192285714285714,0.100332857142857,"Habitat Protection",26236407.7,0.227079177364969,0.0163355535336648,23032.4419543138
"McCulloch Reef (No 2) (17-016b)","M",45.4932193676673,-18.8198471069336,146.46572876,-17.27497292,NaN,NaN,NaN,NaN,NaN,NaN,NaN,NaN,NaN,NaN,54176.07347,0.227272727272727,0,902.464588963744
"Gibson Reef (17-017)","M",33.8281679037854,-9.65511608123779,146.35955811,-17.30199242,0.140919,4.54498575,34.9530105,0.817815,50.8030715,0.08551825,0.0134395,0.031418,0.154724,"Habitat Protection",46196046.21,0.168250519107894,0.0490066606009945,33034.9482899486
"Howie Reef (17-018a)","M",34.4944019849881,-12.240592956543,146.38508606,-17.39389038,0.152120333333333,4.5591485,34.9507105,0.784182166666667,45.908731,0.0699158333333333,0.0107565,0.0391976666666667,0.18373,"Habitat Protection",86424955.66,0.195495825688476,0.0604507027416141,38618.0532829811
"Barnett Patches (18-019)","M",76.2359218329178,-23.7916107177734,146.85308838,-18.06010437,0.22947,4.55852216216216,35.1636618918919,0.672094864864865,27.8662108108108,0.0850427027027027,0.0141421621621622,0.0080072972972973,0.0452348648648649,"Marine National Park",48177595.93,0.117704163782097,0.00471467767019614,29322.8475777883
"Duncan Reef (18-020)","M",69.1934359637661,-22.2313575744629,146.78665161,-18.08373451,0.249072222222222,4.54159055555556,35.2469522222222,0.505546666666667,31.5084627777778,0.0744188888888889,0.0162322222222222,0.00671444444444444,0.0775983333333333,"Marine National Park",22326183.47,0.0965415977285326,0.00363062418808157,20056.1802991893
"U/N Reef (18-021)","M",64.5194953190254,-27.1344528198242,146.74819946,-18.1065979,0.26777,4.537985,35.19451,0.660075,34.40999,0.07178,0.01768,0.00634,0.09415,"Marine National Park",1769445.975,0.06864,0.01392,5711.42983221141
"U/N Reef (18-022)","M",65.0799769904061,-14.7912092208862,NaN,NaN,NaN,NaN,NaN,NaN,NaN,NaN,NaN,NaN,NaN,NaN,NaN,0.271092071643764,0.0261609060978555,12116.8941400175
"Opal Reef (16-025)","O",44.2070460862655,-13.8063287734985,145.8896637,-16.22089005,0.1124635,4.4979285,35.0759585,0.770233,37.832008,0.0988065,0.0058885,0.0099105,0.0836025,"Marine National Park",28536925.1,0.26603005844822,0.0328395838307772,23869.4854182443
"Tongue Reef (16-026)","M",34.3140424371521,-13.3107805252075,145.79255676,-16.3209343,0.13784432160804,4.51202226130653,34.977124321608,1.14413899497487,52.9094653768844,0.119116231155779,0.0123173869346734,0.0451134673366834,0.219034271356784,"Habitat Protection",260078755,0.189256994969168,0.0675182695933227,81804.4474968885
"U/N Reef (16-027)","M",32.357749923997,-11.0721654891968,145.76490784,-16.35203362,0.150512,4.512908,34.94063,1.299842,66.001392,0.073642,0.01183,0.059152,0.283222,"Habitat Protection",5450558.451,0.356415193418519,0.0358305618764222,9263.02584066969
"Low Islands Reef (16-028)","I",14.8818568112894,-4.95769262313843,145.56443787,-16.38615227,0.20877,4.61176,34.87316,1.385635,56.85818,0.02806,0.026615,0.193765,0.465995,"Marine National Park",2343205.016,0.350314398380049,0.0276634522608806,6758.1020847954
"U/N Reef (16-077)","O",52.9386072080645,-36.2087745666504,146.44882202,-16.97599411,0.178813333333333,4.56190166666667,35.0987933333333,0.495231666666667,29.4033083333333,0.062195,0.00694666666666667,0.0118366666666667,0.0489433333333333,"Habitat Protection",7107603.989,0.221940979993516,0.0151940678455356,10285.7935738616
"U/N Reef (16-078)","O",56.8791804835187,-76.19189453125,146.48483276,-16.98526192,NaN,NaN,NaN,NaN,NaN,NaN,NaN,NaN,NaN,NaN,664362.9755,0.317888674514044,0.0226304042461348,3007.02498460195
"Outer Shoal (16-079)","O",60.202062076135,-35.1010665893555,146.51507568,-16.99359322,0.267865,4.53236,35.186215,0.4077,43.848845,0.081825,0.00502,0.00549,0.01095,"Habitat Protection",2376374.185,0.317888674514044,0.0226304042461348,8173.02501655744
"Korea Reef (16-080)","I",4.94696366261106,-10.1292524337769,145.55314636,-16.55483627,NaN,NaN,NaN,NaN,NaN,NaN,NaN,NaN,NaN,NaN,2089369.341,0.350314398380049,0.0276634522608806,5910.48624675309
"Yule Reef (16-081)","I",2.47834800777108,-6.69675159454346,145.53016663,-16.56002045,NaN,NaN,NaN,NaN,NaN,NaN,NaN,NaN,NaN,NaN,111318.2606,0.346510960261177,0.0276634522608806,1294.99629066542
"Garioch Reef (16-082)","I",1.16002630208138,-4.24583530426025,145.5319519,-16.59369659,NaN,NaN,NaN,NaN,NaN,NaN,NaN,NaN,NaN,NaN,204872.2482,0.346510960261177,0.0203604238404225,2031.4160087312
"U/N Reef (16-083)","I",0.77211819754803,-0.955205738544464,145.47216797,-16.08251381,NaN,NaN,NaN,NaN,NaN,NaN,NaN,NaN,NaN,NaN,48191.94098,0.113543873823145,0.00787523162445953,883.037682517216
"U/N Reef (16-084)","I",1.03430909349403,-0.47852611541748,145.47041321,-16.08415604,NaN,NaN,NaN,NaN,NaN,NaN,NaN,NaN,NaN,NaN,11632.81064,0.113543873823145,0.00787523162445953,382.855349093296
"Arthur Patches (17-018b)","M",29.8643270809377,-13.9910707473755,146.33929443,-17.38754654,0.152173333333333,4.55314333333333,35.00232,0.63779,36.6352433333333,0.0305666666666667,0.0122466666666667,0.0460133333333333,0.195476666666667,"Habitat Protection",4194948.619,0.0656993694487762,0.0210183741270595,9505.79282880442
"U/N Reef (17-020a)","M",40.6327179476357,-16.5756340026855,146.47888184,-17.44583511,NaN,NaN,NaN,NaN,NaN,NaN,NaN,NaN,NaN,NaN,522381.2388,0.148611867174741,0,3176.08521590081
"U/N Reef (17-020b)","M",39.6632354843659,-19.9340152740479,146.46034241,-17.42903519,0.19846,4.55046,35.14178,0.46733,52.13477,0.045,0.0119,0.02741,0.15296,"Habitat Protection",126006.9144,0.38587565169888,0,1525.67345483604
"U/N Reef (17-021a)","M",37.9286844603748,-11.5937471389771,146.45480347,-17.45402145,NaN,NaN,NaN,NaN,NaN,NaN,NaN,NaN,NaN,NaN,406788.1644,0.425139925373134,0,3575.32587767384
"U/N Reef (17-021b)","M",38.99016973301,-39.6762275695801,146.46295166,-17.44804764,NaN,NaN,NaN,NaN,NaN,NaN,NaN,NaN,NaN,NaN,18030.84756,0.38587565169888,0,503.464649868293
"Cayley Reef (17-023)","M",37.2058363271799,-6.5681414604187,146.45716858,-17.47678375,0.14,4.59,34.85,0.925,50.735,0.06,0.014485,0.03324,0.220235,"Habitat Protection",9261997.47,0.38587565169888,0,12862.8746322412
"U/N Reef (18-023)","O",80.2747797662931,-20.4412612915039,146.96673584,-18.13350868,0.315943333333333,4.49841333333333,35.2822466666667,0.428996666666667,21.7476366666667,0.0859466666666667,0.01393,0.00702666666666667,0.0256133333333333,"Habitat Protection",4305295.033,0.232669357669358,0.00068006318006318,8246.36304771693
"Britomart Reef (18-024)","M",53.6770753291026,-12.6442155838013,146.72647095,-18.22864151,0.23106224137931,4.55772068965517,35.2456184482759,0.605326379310345,23.6896431896552,0.0462055172413793,0.0186306896551724,0.0116527586206897,0.114783793103448,"Habitat Protection",142659571.1,0.196844235230595,0.0438513140638379,57204.4919539608
"U/N Reef (18-025)","M",66.6836635570632,-11.1112031936646,146.89807129,-18.26096916,0.1891825,4.5839225,35.16879,0.66563,24.1819825,0.05125,0.01146,0.0105,0.06781,"Marine National Park",4787176.638,0.430357283697452,0.00885322186292294,9536.7214213916
"Batt Reef (16-029)","M",32.4689805545396,-5.73450088500977,145.76745605,-16.41407585,0.144462428571429,4.53199271428571,34.9500464285714,0.994322,59.3127538571429,0.0476832857142857,0.0114008571428571,0.0659727142857143,0.315487571428571,"Habitat Protection",140901620.4,0.191663345204881,0.0471597949062197,50347.6318304109
"Norman Reef (16-030)","O",49.2402163811956,-12.4732370376587,145.99674988,-16.42810822,0.09,4.515,34.975,1.02,9.105,0.1,0.00564,0.01547,0.10565,"Marine National Park",5284001.446,0.516149987368725,0.00564798440939767,8404.85182754371
"Satellite Reef (16-031)","M",23.6178503764899,-12.0797729492188,145.68730164,-16.44052315,0.11794,4.51377,35.02589,0.93483,54.59355,0.03214,0.01536,0.10426,0.3887,"Habitat Protection",894445.4325,0.350314398380049,0,5053.99773392156
"Saxon Reef (16-032)","M",45.0672575613299,-15.845495223999,145.99028015,-16.46511841,0.149,4.49690333333333,35.0038633333333,0.919073333333333,29.72189,0.100316666666667,0.00600333333333333,0.01661,0.128743333333333,"Marine National Park",2869354.33,0.350826528579964,0.00448117904799841,7678.89241159381
"Linden Bank (16-033)","O",56.2742823998585,-31.8439769744873,146.00245667,-16.30648041,0.10446,4.51819666666667,35.0371733333333,0.767813333333333,33.5675933333333,0.18382,0.0057,0.00998,0.05262,"Habitat Protection",3396171.258,0.354226983148742,0.00344206926412382,7488.79417083731
"Spur Reef (16-034)","O",52.8888559760529,-15.9871969223022,146.0460968,-16.40460777,0.147903333333333,4.52095,35.04602,0.734886666666667,26.55818,0.0992866666666667,0.00427,0.00959,0.06504,"Habitat Protection",2419680.405,0.195704433497537,0.000197044334975369,5969.99949334096
"U/N Reef (16-085)","I",1.43015473565078,-0.50285929441452,145.46887207,-16.08757019,NaN,NaN,NaN,NaN,NaN,NaN,NaN,NaN,NaN,NaN,116503.7,0.113543873823145,0.00787523162445953,1574.87872701642
"U/N Reef (16-086)","I",0.627373228599079,6.69175052642822,145.45835876,-16.20626259,NaN,NaN,NaN,NaN,NaN,NaN,NaN,NaN,NaN,NaN,120568.434,0.582648401826484,0.0165221789746484,4961.46790347114
"U/N Reef (16-087)","I",1.47305329453104,-2.46703433990479,145.47631836,-16.24609375,NaN,NaN,NaN,NaN,NaN,NaN,NaN,NaN,NaN,NaN,1155455.924,0.361363111419079,0.0165221789746484,20887.5993751064
"U/N Reef (16-088)","I",1.74493054286151,-3.9625039100647,145.42318726,-16.35323715,NaN,NaN,NaN,NaN,NaN,NaN,NaN,NaN,NaN,NaN,251357.1669,0.346510960261177,0,2224.27185566801
"Peart Reef (17-024)","M",30.481058396862,-8.78578186035156,146.39112854,-17.48226547,0.163903333333333,4.56655,35.0050366666667,0.67586,37.2244673333333,0.0364666666666667,0.0131913333333333,0.042904,0.215578666666667,"Habitat Protection",16621028.28,0.217208299588214,0.0346538606317086,16287.4168114813
"U/N Reef (17-025)","O",56.5200688215719,-26.5363426208496,146.49345398,-17.10015869,0.24700875,4.537945,35.13157,0.51794875,52.15023,0.05659,0.00780125,0.011195,0.03565625,"Habitat Protection",10255777.81,0.331173687957613,0.0266176158113465,17209.792095524
"U/N Reef (17-026)","O",61.411163324236,-32.8113861083984,146.57058716,-17.1390152,0.24828,4.52449,35.17249,0.47152,54.35604,0.07032,0.00715,0.00685,0.0141,"Habitat Protection",909911.1166,0.37048701276399,0.0217864799020342,4202.21459188115
"Raaf Shoals (17-027)","O",56.2207323256958,-27.368185043335,146.54182434,-17.19096756,0.168925,4.552395,34.99388875,0.79528125,59.0548475,0.07100125,0.00881,0.0105825,0.02646875,"Marine National Park",9347105.357,0.278645493175774,0.0074363364005992,11572.2995663156
"Publican Shoals (North) (17-028)","O",53.9665368903883,-14.7049627304077,146.5458374,-17.26599693,NaN,NaN,NaN,NaN,NaN,NaN,NaN,NaN,NaN,NaN,1041636.438,0.285714285714286,0,5991.09536732059
"Mustard Patches (North) (17-029a)","O",60.5572688397904,-35.8071060180664,146.60868835,-17.26187134,0.288193333333333,4.53288,35.1565766666667,0.50025,65.86216,0.04298,0.00706,0.00591333333333333,0.0132,"Habitat Protection",2065357.434,0.194339756599288,0,7181.42978358316
"Mustard Patches (South) (17-029b)","O",60.1735316621688,-27.6250019073486,146.6104126,-17.28635788,0.212525,4.544245,35.092545,0.61693,64.097845,0.04299,0.00698,0.00666,0.01241,"Habitat Protection",2193284.235,0.194339756599288,0,5506.18828478267
"Walker Reef (18-026)","M",49.0584101239,-11.4928169250488,146.74464417,-18.32501411,0.218725789473684,4.57659473684211,35.2441163157895,0.668265263157895,21.6389673684211,0.0328636842105263,0.0204552631578947,0.0176168421052632,0.116881052631579,"Habitat Protection",27887488.96,0.139221106122684,0.015711854601063,20875.2490264952
"Trunk Reef (18-027)","M",55.9422630778524,-13.2031888961792,146.83181763,-18.35411644,0.224654230769231,4.56473644230769,35.2398523076923,0.628432692307692,24.0997005769231,0.0464343269230769,0.0176917307692308,0.0163774038461538,0.0739235576923077,"Conservation Park",121503180.5,0.140057325008889,0.0235689320810438,44222.5218769113
"U/N Reef (18-028)","M",47.8190731155218,-49.9106788635254,146.76261902,-18.38663483,0.381895,4.485265,35.350925,0.493805,22.2133,0.03836,0.02461,0.02141,0.08346,"Conservation Park",1644916.576,0.174065509520431,0.0257627152494002,5363.3616802055
"Bramble Reef (18-029)","M",41.3979369921681,-9.96639156341553,146.7061615,-18.4081955,0.1867256,4.5932726,35.2822072,0.661813,16.5614762,0.0237008,0.0232708,0.0237622,0.0975852,"Habitat Protection",62941234.48,0.24291809742972,0.0380073590660938,30732.6565937168
"Kelso Reef (18-030)","M",69.5488760677466,-19.2543601989746,146.99006653,-18.43645859,0.34149,4.49464666666667,35.2963525,0.492423333333333,15.6395441666667,0.0466441666666667,0.0145183333333333,0.0124441666666667,0.0409983333333333,"Marine National Park",12846085.25,0.152605076559449,0.0110471688418456,15506.4748890386
"Little Kelso Reef (18-031)","M",69.3323201243796,-13.0198459625244,146.99305725,-18.46914101,0.26305,4.5399625,35.22651,0.620315,17.590745,0.03761,0.018555,0.012685,0.04005,"Marine National Park",4695704.891,0.25310153772032,0.0078291243425543,8040.45318228723
"Onyx Reef (16-035)","O",49.7717530176321,-23.1740951538086,146.06616211,-16.43915176,0.1,4.54,34.93,1.02,22.56,0.11,0.00437,0.01353,0.07465,"Habitat Protection",865407.364,0.255363146426462,0.00194834291479101,3581.33708135832
"Nicholas Reef (16-036)","O",45.4518775872312,-22.437614440918,146.10127258,-16.49350739,0.07,4.54,35,0.66,23.76,0.11,0.00388,0.01481,0.07229,"Habitat Protection",1424038.811,0.0542350184131235,0,4751.95324434233
"Wentworth Reef (16-037)","I",4.39295541115711,-4.05899238586426,145.5234375,-16.51718712,NaN,NaN,NaN,NaN,NaN,NaN,NaN,NaN,NaN,NaN,1048943.957,0.350314398380049,0.0276634522608806,4429.48673662342
"Egmont Reef (16-038)","I",5.30433793231924,-5.78478002548218,145.5365448,-16.5225029,NaN,NaN,NaN,NaN,NaN,NaN,NaN,NaN,NaN,NaN,106729.9844,0.350314398380049,0.0276634522608806,1306.42604798214
"Alexandra Reefs (No 1) (16-039a)","I",1.26705757386967,-2.58288359642029,145.49737549,-16.53168678,0.20794,4.641655,34.868435,1.213055,55.94024,0.083285,0.04025,0.53653,0.26409,"Conservation Park",5380257.316,0.346510960261177,0.0276634522608806,16884.0286037444
"Alexandra Reefs (No 2) (16-039b)","I",0.520984248648265,-1.20627319812775,145.50724792,-16.55913925,0.26,4.78,34.8,1.16866,67.05,0,0.04296,0.57341,0.22332,"Conservation Park",4116727.323,0.346510960261177,0.0276634522608806,16700.3782242749
"Pixie Reef (16-040)","M",29.4471500993104,-8.47217750549316,145.86245728,-16.54697227,0.15,4.5,34.92,0.73254,34.57,0.02,0.00861,0.02734,0.22312,"Habitat Protection",608856.8263,0.704051306116064,0.0139214766150477,2985.80084133592
"Jorgensen Patch (16-041)","M",35.9306641077501,-18.3252086639404,145.95326233,-16.543293,NaN,NaN,NaN,NaN,NaN,NaN,NaN,NaN,NaN,NaN,556578.7865,0.270099213137188,0,2839.07834561533
"U/N Reef (16-089)","I",0.376386013594812,-0.535231173038483,145.53175354,-16.60761452,NaN,NaN,NaN,NaN,NaN,NaN,NaN,NaN,NaN,NaN,177950.3334,0.346510960261177,0.0203604238404225,1772.22487206368
"U/N Reef (16-090)","I",0.0699079058308214,0.742143988609314,145.53900146,-16.61586761,NaN,NaN,NaN,NaN,NaN,NaN,NaN,NaN,NaN,NaN,22713.67341,0.346510960261177,0.0203604238404225,1181.63599603109
"U/N Reef (16-091)","I",0.0768681008041743,-1.53494679927826,145.58450317,-16.68771362,NaN,NaN,NaN,NaN,NaN,NaN,NaN,NaN,NaN,NaN,24493.78947,0.346510960261177,0.0203604238404225,1156.74997119134
"U/N Reef (16-092)","I",0.202745917447637,-1.89636301994324,145.60694885,-16.6950264,NaN,NaN,NaN,NaN,NaN,NaN,NaN,NaN,NaN,NaN,256783.4445,0.346510960261177,0.0311584680211406,8266.29872142054
"U/N Reef (16-093)","I",0.384394614106532,-2.32119679450989,145.6289978,-16.7054882,NaN,NaN,NaN,NaN,NaN,NaN,NaN,NaN,NaN,NaN,29559.01029,0.346510960261177,0.0311584680211406,1472.24571501635
"U/N Reef (16-094)","I",0.0413246479071307,-1.15194773674011,145.69358826,-16.77615166,NaN,NaN,NaN,NaN,NaN,NaN,NaN,NaN,NaN,NaN,8895.177427,0.346510960261177,0.0466526706936306,557.319558584843
"U/N Reef (16-095)","M",0.0625328981041626,NaN,145.91546631,-16.86530304,NaN,NaN,NaN,NaN,NaN,NaN,NaN,NaN,NaN,NaN,571.7045376,0.237910848549946,0.0487803734151733,101.365830346314
"Publican Shoals (South) (17-030)","O",52.7648433577165,-16.3463249206543,146.54396057,-17.3102417,0.15,4.55,34.87,1.04,74.87,0.06,0.01077,0.01748,0.07664,"Habitat Protection",2281620.537,0.194339756599288,0,9325.58301048112
"U/N Reef (17-031)","O",50.6225601681083,-15.6471452713013,146.53456116,-17.3541832,0.1778,4.55783,34.99567,0.730775,66.37451,0.037925,0.00724,0.01805,0.11304,"Habitat Protection",2441476.872,0.0700322568108507,0,7067.65996537465
"Wardle Reef (17-032)","O",48.7715302917168,-10.9796810150146,146.55096436,-17.42048264,0.187854285714286,4.56245714285714,35.0112757142857,0.674814285714286,57.2681814285714,0.0443471428571429,0.00810857142857143,0.0136657142857143,0.06156,"Habitat Protection",12201072.07,0.433736811846419,0.0208135867116242,31528.452865431
"U/N Reef (17-033)","M",43.7249596986138,-10.0807113647461,146.50921631,-17.44282341,NaN,NaN,NaN,NaN,NaN,NaN,NaN,NaN,NaN,NaN,218578.5435,0.583875162548765,0,1759.23425595809
"Feather Reef (17-034)","M",27.1014879626022,-7.13850879669189,146.37722778,-17.5328598,0.151731111111111,4.58535666666667,34.9947544444444,0.718597777777778,30.8433055555556,0.0296711111111111,0.0156111111111111,0.0475811111111111,0.228812222222222,"Marine National Park",17677142.54,0.278559102175774,0.0305596492672174,16350.0449352325
"Nathan Reef (17-035)","M",41.4781293887316,-14.6524572372437,146.51774597,-17.52473259,0.174143513513514,4.57244756756757,34.9825921621622,0.687319459459459,43.85459,0.0623745945945946,0.0114340540540541,0.0190864864864865,0.133488648648649,"Marine National Park",45877589.09,0.170318558440941,0.0121279852588481,28241.5299634122
"U/N Reef (15-059b)","I",0.475634476793286,-2.17965269088745,145.36730957,-15.77482986,NaN,NaN,NaN,NaN,NaN,NaN,NaN,NaN,NaN,NaN,485902.7044,0.454857375958441,0.0536873780589694,3564.17733876551
"U/N Reef (15-059c)","I",0.878225101033462,-1.42760741710663,145.36042786,-15.78462887,NaN,NaN,NaN,NaN,NaN,NaN,NaN,NaN,NaN,NaN,221511.9741,0.552962433185274,0.0536873780589694,2226.365100814
"U/N Reef (15-059d)","I",0.33347838704851,-1.55599343776703,145.35699463,-15.79674625,NaN,NaN,NaN,NaN,NaN,NaN,NaN,NaN,NaN,NaN,500885.0791,0.552962433185274,0.0536873780589694,3758.04093834015
"U/N Island (15-059e)","I",0.229583193345685,0.506968975067139,145.36286926,-15.77929115,NaN,NaN,NaN,NaN,NaN,NaN,NaN,NaN,NaN,NaN,886.0438119,0.454857375958441,0.0536873780589694,50
"Ottaway Patch (15-060)","I",7.45150589448079,-21.1787548065186,145.42945862,-15.7069149,NaN,NaN,NaN,NaN,NaN,NaN,NaN,NaN,NaN,NaN,18771.99789,0.417064416228471,0.041992817206264,520.838321964875
"Stonor Patch (15-061)","I",8.39645121069204,-21.4161911010742,145.43852234,-15.70634937,NaN,NaN,NaN,NaN,NaN,NaN,NaN,NaN,NaN,NaN,22416.42415,0.417064416228471,0.041992817206264,559.362941581335
"Delius Patch (15-062)","I",4.88166213838371,-20.788293838501,145.40498352,-15.70987797,NaN,NaN,NaN,NaN,NaN,NaN,NaN,NaN,NaN,NaN,24492.40433,0.417064416228471,0.041992817206264,596.55282821933
"Gubbins Reef (15-063)","I",3.98446092831925,-12.9104261398315,145.395401,-15.70949268,NaN,NaN,NaN,NaN,NaN,NaN,NaN,NaN,NaN,NaN,379393.4731,0.417064416228471,0.041992817206264,3344.77363681535
"Breaking Patches (16-042)","M",32.134354940651,-18.7095794677734,145.98020935,-16.58157539,0.12228,4.50477,35.00027,0.87189,25.9162,0.07661,0.00703,0.02627,0.20322,"Marine National Park",1731469.207,0.137714663143989,0.02240202553941,6642.97943724215
"Oyster Reef (16-043a)","M",25.0478967653638,-11.0181169509888,145.93276978,-16.63996506,0.123845714285714,4.51517714285714,34.9485085714286,1.076595,19.5046035714286,0.0308707142857143,0.00779571428571429,0.0592814285714286,0.260167142857143,"Conservation Park",17708772.93,0.229368703575213,0.04648260801747,16060.0344568039
"U/N Reef (16-043b)","M",27.637658914442,-15.6953372955322,145.94850159,-16.61779404,0.14,4.5,34.9,1.5,12.02,0.09,0.00863,0.06435,0.25271,"Conservation Park",1255998.103,0.143425716805756,0.0342999523844849,4612.528371392
"U/N Reef (16-044a)","M",24.9187448196593,-22.1174488067627,145.9728241,-16.64641571,0.12311,4.50589,34.9777,0.97512,25.25307,0.06505,0.00863,0.06435,0.25271,"Conservation Park",1201708.243,0.0631937836980653,0.0340152235965747,4504.74670247477
"Vlasoff Reef (16-044b)","M",24.5111522298863,-13.3331470489502,145.99284363,-16.65520287,0.11132,4.51024333333333,34.9424655555556,1.06682555555556,22.6734066666667,0.0667077777777778,0.00953555555555556,0.0800366666666667,0.241314444444444,"Conservation Park",9685979.495,0.095363991075904,0.0682477124632667,13106.2972291539
"Unity Reef (No 1) (16-045a)","I",0.312422847773041,-1.22298014163971,145.5710144,-16.6575222,NaN,NaN,NaN,NaN,NaN,NaN,NaN,NaN,NaN,NaN,90243.53801,0.346510960261177,0.0203604238404225,2035.4481684339
"Unity Reef (No 2) (16-045b)","I",1.30708373755278,-4.09809064865112,145.58137512,-16.65455818,NaN,NaN,NaN,NaN,NaN,NaN,NaN,NaN,NaN,NaN,85380.55004,0.346510960261177,0.0203604238404225,1691.69229617584
"U/N Reef (16-096)","M",0.123127359951953,-2.86013913154602,145.91693115,-16.86454391,NaN,NaN,NaN,NaN,NaN,NaN,NaN,NaN,NaN,NaN,3300.301271,0.237910848549946,0.0487803734151733,576.929872904329
"U/N Reef (16-097)","M",0.279388283062509,1.96700036525726,145.91851807,-16.86402893,NaN,NaN,NaN,NaN,NaN,NaN,NaN,NaN,NaN,NaN,921.4140939,0.237910848549946,0.0487803734151733,50
"U/N Reef (16-098)","M",0.0590474869760458,1.20959043502808,145.92149353,-16.86506271,NaN,NaN,NaN,NaN,NaN,NaN,NaN,NaN,NaN,NaN,12138.97012,0.237910848549946,0.0487803734151733,1198.27297275188
"U/N Reef (16-099)","M",0.05716304721579,-2.2688422203064,145.92559814,-16.86551666,NaN,NaN,NaN,NaN,NaN,NaN,NaN,NaN,NaN,NaN,8867.200895,0.237910848549946,0.0487803734151733,363.663614810884
"Hall-Thompson Reef (17-037)","M",33.5113294163366,-10.2539577484131,146.45721436,-17.60943413,0.157097666666667,4.59646766666667,34.9642746666667,0.748174333333333,39.8706966666667,0.0253906666666667,0.017135,0.0331403333333333,0.237319666666667,"Habitat Protection",36234946.15,0.193329081565975,0.0570250871699435,27851.1395675272
"Surprise Shoal (17-038)","M",29.465904480741,-17.6757755279541,146.4188385,-17.60771561,0.14,4.58,34.95,0.62,33.13,0.02,0.01756,0.03953,0.2541,"Habitat Protection",1147794.543,0.24486595311851,0.0908387287242317,4352.46805577028
"U/N Reef (17-039)","I",1.52006044530845,-1.23199498653412,146.14398193,-17.64087868,NaN,NaN,NaN,NaN,NaN,NaN,NaN,NaN,NaN,NaN,571044.0406,0.346510960261177,0.0735087442159204,3204.44285703943
"Lindquist Reef (17-040)","I",3.45747294035802,-4.29861116409302,146.15814209,-17.65419388,NaN,NaN,NaN,NaN,NaN,NaN,NaN,NaN,NaN,NaN,494395.4865,0.346510960261177,0.0735087442159204,2607.87317662083
"Goudge Bank (17-041)","M",25.7900059520506,-21.9064273834229,146.38218689,-17.66228104,0.16151,4.56507,35.16757,0.51732,29.7776,0.05038,0.01788,0.04562,0.23705,"Habitat Protection",1174082.073,0.24486595311851,0.0908387287242317,5254.86317900287
"Hope Islands Reef (West) (15-064)","I",8.07089056743881,-6.82518482208252,145.43962097,-15.73865223,0.198593333333333,4.49082333333333,34.9120833333333,1.15441,53.7646933333333,0.14896,0.02136,0.1877,0.46146,"Conservation Park",3317667.664,0.456098017135091,0.0536873780589694,8879.35083796746
"Hope Islands Reef (East) (15-065)","I",10.1142752593467,-6.85812950134277,145.45783997,-15.73295879,0.2076,4.52059333333333,34.87784,1.23484,55.7961333333333,0.137666666666667,0.02136,0.1877,0.46146,"Conservation Park",4846308.67,0.456098017135091,0.0536873780589694,8378.10981250891
"U/N Reef (15-066)","I",0.454050050280665,1.70083582401276,145.40048218,-15.94005394,0.26,4.58,34.79,1.4,62.44,0.06071,0.019,0.38154,0.37381,"Conservation Park",1650693.698,0.346510960261177,0.0136770112081388,16361.4610820182
"U/N Reef (15-067)","I",0.655455424357887,0.51723450422287,145.36825562,-15.91904354,NaN,NaN,NaN,NaN,NaN,NaN,NaN,NaN,NaN,NaN,1876909.735,0.346510960261177,0.0316583084102152,9124.0536121341
"Upolu Reef (16-046)","M",21.2741637457833,-14.7108163833618,145.93695068,-16.67423248,0.127274615384615,4.51670307692308,34.9471161538462,1.08017615384615,20.6990869230769,0.0260815384615385,0.0100607692307692,0.116670769230769,0.304732307692308,"Conservation Park",14686240.78,0.188990825688073,0.0795539274483742,15983.2259117407
"Double Island Reef (16-047)","I",1.66493603766778,-1.40348935127258,145.684021,-16.72931671,NaN,NaN,NaN,NaN,NaN,NaN,NaN,NaN,NaN,NaN,961585.9744,0.346510960261177,0.0466526706936306,4647.73802793778
"U/N Reef (16-100)","M",0.0826788343407994,3.73881340026855,145.93011475,-16.8683548,NaN,NaN,NaN,NaN,NaN,NaN,NaN,NaN,NaN,NaN,13834.42469,0.237910848549946,0.0487803734151733,1194.49364196275
"U/N Reef (16-102)","M",0.0930021151072278,1.41033935546875,145.93223572,-16.87058449,NaN,NaN,NaN,NaN,NaN,NaN,NaN,NaN,NaN,NaN,2551.75647,0.237910848549946,0.0487803734151733,101.169123832898
"U/N Reef (16-103)","M",0.105632505471178,3.54557847976685,145.93392944,-16.87251663,NaN,NaN,NaN,NaN,NaN,NaN,NaN,NaN,NaN,NaN,8563.058376,0.237910848549946,0.0487803734151733,779.340831663371
"U/N Reef (16-104)","M",0.0799672573699658,6.09144115447998,145.9347229,-16.87400627,NaN,NaN,NaN,NaN,NaN,NaN,NaN,NaN,NaN,NaN,825.9089194,0.237910848549946,0.0487803734151733,101.259953775092
"Adelaide Reef (17-042)","M",35.062286609748,-9.11291885375977,146.47129822,-17.65380287,0.189166,4.58695966666667,35.0351076666667,0.689716666666667,39.9400563333333,0.044102,0.017577,0.030534,0.202924666666667,"Habitat Protection",40803871.29,0.270205788632075,0.0866438141566426,38077.2043617672
"Jessie-Kent Reef (17-043a)","I",6.43248606757995,-5.59937810897827,146.17663574,-17.67463112,NaN,NaN,NaN,NaN,NaN,NaN,NaN,NaN,NaN,NaN,776362.5123,0.346510960261177,0.0897051620792367,3582.6697620973
"Bresnahan Reef (17-043b)","I",5.29505175794713,-5.25976324081421,146.16903687,-17.66718864,NaN,NaN,NaN,NaN,NaN,NaN,NaN,NaN,NaN,NaN,135076.4161,0.346510960261177,0.0822480865664918,1368.33756602234
"Hutchison Reef (17-043c)","I",5.95109829771098,-0.95665979385376,146.16906738,-17.67407036,NaN,NaN,NaN,NaN,NaN,NaN,NaN,NaN,NaN,NaN,216889.6655,0.346510960261177,0.0897051620792367,1866.28573297055
"Ellison Reef (17-044)","M",28.7089649548789,-9.67251491546631,146.39360046,-17.72225189,0.159058947368421,4.60404789473684,35.05809,0.688852631578947,29.0184352631579,0.0602973684210526,0.0187789473684211,0.0428078947368421,0.208811578947368,"Habitat Protection",25111964.56,0.27106298915748,0.128847284846109,19034.5225178864
"Lake Reef (15-068)","I",2.74250154883218,-9.44453430175781,145.39460754,-15.91630745,NaN,NaN,NaN,NaN,NaN,NaN,NaN,NaN,NaN,NaN,80222.75184,0.470762150052578,0.0316583084102152,1274.4211902482
"U/N Reef (15-069)","I",0.622980120488175,-0.366978913545609,145.43632507,-15.99325752,0.25,4.58,34.8,1.42,64.49,0,0.01559,0.27915,0.37096,"Marine National Park",1357542.302,0.248214856851998,0.0136770112081388,11271.0929591455
"Vicki Harriott Reef (15-070)","M",32.3783123932019,-6.93495655059814,145.61799622,-15.50250721,0.157463333333333,4.49408444444444,35.0154722222222,1.07445444444444,48.3839344444444,0.0344622222222222,0.00800444444444444,0.0151177777777778,0.196638888888889,"Habitat Protection",12300970.02,0.212813101532884,0.0557262072305824,17494.7648502408
"U/N Reef (15-071a)","M",23.642939174523,-5.96616554260254,145.53417969,-15.51265526,0.19,4.5,34.85,1.19,46.47,0.04,0.00946,0.03066,0.29821,"Habitat Protection",1252792.04,0.511162320153358,0.0675516454265667,4754.56432163304
"U/N Reef (15-071b)","M",25.0894111427479,-9.39363956451416,145.54612732,-15.50568676,NaN,NaN,NaN,NaN,NaN,NaN,NaN,NaN,NaN,NaN,1721242.374,0.511162320153358,0.0675516454265667,6135.56249615836
"U/N Reef (15-071c)","M",27.4108943815699,-4.54448747634888,145.57022095,-15.51049137,0.18,4.48,34.95,1.09,47.93,0.03,0.00716,0.0177,0.23055,"Habitat Protection",1377047.78,0.698656830677152,0.051638944950936,5097.97500846546
"U/N Reef (15-072)","O",48.9615052110432,-13.528904914856,145.77909851,-15.51498699,NaN,NaN,NaN,NaN,NaN,NaN,NaN,NaN,NaN,NaN,438764.5348,0.541184181778458,0.00546209307406598,2702.90326737922
"U/N Reef (15-073)","O",48.9153176481864,-14.2108011245728,145.78114319,-15.52941322,0.09946,4.50594,35.17563,0.65951,29.65184,0.10882,0.0075,0.0101,0.07463,"Marine National Park",778787.7905,0.568880688806888,0.0120541205412054,3508.94509086153
"U/N Reef (15-074)","M",33.9913173255858,-13.2506103515625,145.6408844,-15.5353241,NaN,NaN,NaN,NaN,NaN,NaN,NaN,NaN,NaN,NaN,350124.98,0.279146141215107,0.145046524356869,2601.5110185233
"Haycock Reef (16-048)","I",1.76521882627484,-2.1675751209259,145.68785095,-16.73412514,NaN,NaN,NaN,NaN,NaN,NaN,NaN,NaN,NaN,NaN,864391.8464,0.346510960261177,0.0466526706936306,4352.10412325582
"U/N Reef (16-105)","M",0.078031467632845,-2.94226384162903,145.93614197,-16.87537575,NaN,NaN,NaN,NaN,NaN,NaN,NaN,NaN,NaN,NaN,4739.42422,0.237910848549946,0.0487803734151733,370.002788273687
"U/N Reef (16-106)","M",0.0991885776398464,-0.26865217089653,145.93930054,-16.8783989,NaN,NaN,NaN,NaN,NaN,NaN,NaN,NaN,NaN,NaN,11707.36755,0.237910848549946,0.0487803734151733,1363.47527378152
"U/N Reef (16-107)","M",0.0682385226930018,-1.38189661502838,145.94337463,-16.88157845,NaN,NaN,NaN,NaN,NaN,NaN,NaN,NaN,NaN,NaN,1994.798124,0.237910848549946,0.0487803734151733,103.160758485107
"U/N Reef (16-108)","M",0.209564491366418,-2.69588994979858,145.95120239,-16.89015961,NaN,NaN,NaN,NaN,NaN,NaN,NaN,NaN,NaN,NaN,25886.07042,0.237910848549946,0.0338828164892361,1189.11884251593
"U/N Reef (17-045)","I",4.16262786765317,-3.05095648765564,146.1065979,-17.72477722,NaN,NaN,NaN,NaN,NaN,NaN,NaN,NaN,NaN,NaN,209633.5608,0.346510960261177,0.0897051620792367,2542.62335780445
"Sisters-Stephens Reef (17-046)","I",5.67710511632701,-4.76024007797241,146.15362549,-17.7495575,0.153696666666667,4.65107333333333,35.0888866666667,0.776353333333333,36.99148,0.0474066666666667,0.03785,0.47727,0.33049,"Marine National Park",3402349.438,0.346510960261177,0.0995780710748031,7928.41019356028
"Eddy Reef (17-047)","M",34.3533146650886,-9.08527660369873,146.43510437,-17.77425957,0.17543,4.58052111111111,35.1332044444444,0.590111111111111,34.3375655555556,0.0292544444444444,0.0146233333333333,0.0367788888888889,0.169136666666667,"Habitat Protection",11101571.06,0.284322333705576,0.0832431142216577,13948.6590357746
"King Reefs (17-048)","I",1.44169325553999,-3.51495003700256,146.1231842,-17.77316666,0.158522727272727,4.69609727272727,35.0972218181818,0.86573,41.5157381818182,0.0134318181818182,0.0504936363636364,0.515462727272727,0.287560909090909,"Habitat Protection",16470380.12,0.346510960261177,0.0995780710748031,20350.9008973095
"U/N Reef (17-049)","I",1.2745966474643,-3.08627700805664,146.10464478,-17.81072426,0.17,4.78,35.1,0.99,0,0,0.06062,0.52488,0.2709,"Marine National Park",1095200.358,0.346510960261177,0.0777242582142241,4666.58263796658
"U/N Reef (17-050)","I",0.258278429434355,-3.17032408714294,146.10282898,-17.83411789,NaN,NaN,NaN,NaN,NaN,NaN,NaN,NaN,NaN,NaN,429595.1779,0.346510960261177,0.0777242582142241,2856.9779008736
"Ribbon No 2 Reef (No 1) (15-075a)","O",50.0822826979696,-8.47929096221924,145.79620361,-15.55718899,0.11794,4.49719,35.1119485714286,0.927845714285714,22.65484,0.119038571428571,0.00762571428571429,0.00818142857142857,0.0477171428571429,"Marine National Park",11966234.46,0.472262224782386,0.0190252176139273,15736.3670616054
"Ribbon No 2 Reef (No 2) (15-075b)","O",48.7608640101992,-16.8968734741211,145.7809906,-15.53843307,0.08,4.49,35.12,0.96,14.93,0.14,0.0081,0.00925,0.08038,"Buffer",106220.4778,0.23021582733813,0.118705035971223,1200.51234539122
"Ribbon No 2 Reef (No 3) (15-075c)","O",47.6370199027149,-20.7316608428955,145.77827454,-15.57324219,NaN,NaN,NaN,NaN,NaN,NaN,NaN,NaN,NaN,NaN,130017.2995,0.137931034482759,0.0770359501100514,1302.1119455947
"U/N Reef (15-076)","M",28.509391942171,-20.3031253814697,145.59341431,-15.56106091,0.15,4.48,35,1.01,52.69,0.07,0.01144,0.03108,0.2561,"Habitat Protection",766833.6139,0.1468671679198,0.0508771929824561,3534.55171699461
"U/N Reef (15-077)","M",34.510451171425,-11.8650188446045,145.64950562,-15.55839443,0.117855,4.4934725,35.1414375,0.7814475,46.847455,0.05759,0.01081,0.0193075,0.183505,"Habitat Protection",6254870.722,0.354240269174887,0.030006882312457,12780.3147415736
"Osterlund Reef (15-078)","M",22.1131844517787,-8.5149450302124,145.53218079,-15.55632114,0.169894318181818,4.49175840909091,34.9513588636364,1.04548704545455,45.1472770454545,0.0541602272727273,0.0160679545454545,0.0640870454545455,0.370557954545455,"Habitat Protection",57142825.27,0.379922104388164,0.046303310228324,41354.523511817
"U/N Reef (15-079)","O",45.7582817570295,-15.694712638855,145.76783752,-15.59501457,0.08965,4.493645,35.15967,0.786365,25.8321,0.11737,0.00681,0.00951,0.07171,"Habitat Protection",1685340.195,0.350090888434447,0,4782.43093208771
"Green Island Reef (16-049)","M",13.4435478313878,-16.1767082214355,145.99865723,-16.76707268,0.134599285714286,4.50872428571429,34.9613178571429,0.949484285714286,30.9886775,0.0407735714285714,0.018765,0.187920357142857,0.287626428571429,"Marine National Park",35435415.46,0.237910848549946,0.0220945220193341,28143.7259855687
"Rocky Island Reef (16-051b)","M",1.22273198698864,-0.862556338310242,145.89447021,-16.88667107,NaN,NaN,NaN,NaN,NaN,NaN,NaN,NaN,NaN,NaN,105604.4738,0.237910848549946,0.0487803734151733,2897.60070795766
"U/N Reef (16-109)","M",0.120670119411502,-2.28526711463928,145.95452881,-16.89111137,NaN,NaN,NaN,NaN,NaN,NaN,NaN,NaN,NaN,NaN,6100.21302,0.237910848549946,0.0338828164892361,367.537463494599
"U/N Reef (16-110)","M",0.0391095947826914,-0.132174536585808,145.95599365,-16.89401436,NaN,NaN,NaN,NaN,NaN,NaN,NaN,NaN,NaN,NaN,22869.63398,0.237910848549946,0.0338828164892361,989.195293806563
"U/N Reef (16-111)","M",0.197854507607187,1.63846337795258,145.93399048,-16.93640327,NaN,NaN,NaN,NaN,NaN,NaN,NaN,NaN,NaN,NaN,67586.80356,0.237910848549946,0.00736484067311137,3954.6555326159
"U/N Reef (16-112)","M",0.428961708945429,-0.610093116760254,145.92599487,-16.95465088,NaN,NaN,NaN,NaN,NaN,NaN,NaN,NaN,NaN,NaN,211262.3082,0.346510960261177,0.00736484067311137,7899.69420109729
"U/N Reef (16-113)","M",0.321330474180041,-0.291464537382126,145.9080658,-16.97270775,NaN,NaN,NaN,NaN,NaN,NaN,NaN,NaN,NaN,NaN,22932.93061,0.346510960261177,0.00736484067311137,1421.35277990416
"Beaver Reef (17-051)","M",38.5335674418311,-12.9514722824097,146.4835968,-17.84960938,0.180194,4.58263733333333,35.1632326666667,0.587692,32.890334,0.0251233333333333,0.016622,0.029172,0.15271,"Marine National Park",18876963.18,0.16605877814407,0.0210823755749056,17799.4810412078
"U/N Reef (17-052)","I",0.293312216021538,-3.8521785736084,146.11682129,-17.85595131,0.16116,4.61281,35.20863,0.65542,42.56305,0.04078,0.09411,0.53836,0.22451,"Habitat Protection",2183532.171,0.346510960261177,0.0777242582142241,8540.19780624241
"Stingaree Reefs (17-053)","I",5.64277240551147,-0.630049467086792,146.15113831,-17.95157051,0.16003,4.62042,35.25702,0.65439,40.0555,0.05625,0.10684,0.55704,0.19825,"Conservation Park",1767083.343,0.346510960261177,0.0777242582142241,10880.8042512691
"U/N Reef (17-054)","I",4.11539217121207,-7.47056341171265,146.13896179,-17.96398163,NaN,NaN,NaN,NaN,NaN,NaN,NaN,NaN,NaN,NaN,344102.131,0.346510960261177,0.0777242582142241,2973.2857390279
"Thorpe (Timana) Reef (17-055)","I",3.95343788778166,-3.01192140579224,146.13597107,-17.97660637,NaN,NaN,NaN,NaN,NaN,NaN,NaN,NaN,NaN,NaN,710799.2266,0.346510960261177,0.0777242582142241,3370.71774832364
"Ribbon No 1 Reef (15-080)","O",49.2047438731565,-8.89143657684326,145.80508423,-15.60583305,0.13,4.50333333333333,35.0333333333333,1.15,25.26,0.13,0.00621,0.00642,0.02075,"Habitat Protection",3483791.342,0.633539518900344,0.00745017182130584,7993.48095018894
"Rosser Reef (15-081)","M",19.9097212602243,-8.98638725280762,145.51507568,-15.60728073,0.18430375,4.494175,34.94300625,1.09158375,45.313825,0.05245,0.01753,0.09910625,0.44456125,"Habitat Protection",9599238.615,0.341478496768531,0.018860209048113,17087.7829799941
"Emily Reef (15-082)","M",31.2453575478878,-11.9066486358643,145.62632751,-15.60594273,0.13869037037037,4.49168185185185,35.0805085185185,0.953634444444444,55.9321837037037,0.0619525925925926,0.0123196296296296,0.0327351851851852,0.250062222222222,"Habitat Protection",35300245.39,0.294912826966682,0.0694454992242848,24918.3233927072
"Gill Patches (15-083)","M",18.9291001214786,-20.1596298217773,145.50814819,-15.62998772,0.2,4.47,34.89,1.14,48.89,0.05,0.01633,0.10668,0.44939,"Habitat Protection",243841.0004,0.417064416228471,0.041992817206264,2055.23926455377
"Irene Reef (15-084)","M",38.6994415118648,-12.1396923065186,145.71505737,-15.64757061,0.115195555555556,4.48670555555556,35.1678377777778,0.718326666666667,53.6190055555556,0.0575322222222222,0.00764333333333333,0.0152133333333333,0.132775555555556,"Habitat Protection",12013249.45,0.371726539034553,0.0300198379502378,13437.8863860689
"Lena Reef (15-085)","O",48.4602583091762,-14.9177856445312,145.80799866,-15.64650345,0.1063475,4.4914625,35.1313675,0.8096925,34.24384,0.1181975,0.00552,0.00725,0.01963,"Habitat Protection",8373044,0.365560673425303,0.00819494130959048,12202.6921361355
"Rocky Island Reef (16-051a)","M",1.56681341916515,-1.29977202415466,145.89472961,-16.88350105,NaN,NaN,NaN,NaN,NaN,NaN,NaN,NaN,NaN,NaN,1957.198333,0.237910848549946,0.0487803734151733,425.382147227349
"U/N Reef (16-052)","M",0.106477885833264,0.573343694210052,145.95626831,-16.89982986,NaN,NaN,NaN,NaN,NaN,NaN,NaN,NaN,NaN,NaN,78846.21167,0.237910848549946,0.0222623975990486,2968.7250171354
"U/N Reef (16-053)","M",0.127595019794195,-2.83315539360046,145.94859314,-16.9084053,NaN,NaN,NaN,NaN,NaN,NaN,NaN,NaN,NaN,NaN,144530.2745,0.237910848549946,0.0338828164892361,3977.45169570629
"Fitzroy Island Reef (No 1) (16-054a)","M",4.52095386160845,-6.56979274749756,145.99356079,-16.92498398,NaN,NaN,NaN,NaN,NaN,NaN,NaN,NaN,NaN,NaN,163781.061,0.125655371726366,0.00736484067311137,4713.43128402958
"U/N Reef (16-800)","M",33.1646615418611,-37.0146598815918,146.07539368,-16.60452271,NaN,NaN,NaN,NaN,NaN,NaN,NaN,NaN,NaN,NaN,375811.0381,0.254542795321862,0.0013410218586563,2249.73928554401
"U/N Reef (16-801)","M",0.172298110685778,-2.47089767456055,145.89982605,-16.99464607,NaN,NaN,NaN,NaN,NaN,NaN,NaN,NaN,NaN,NaN,173066.8431,0.346510960261177,0.024249108295362,3737.93816333369
"Sudbury Reef (No 1) (17-001a)","M",28.3803242806142,-7.736412525177,146.2049408,-16.99837875,0.128989315068493,4.50950534246575,34.9490094520548,1.13750232876712,39.2744861643836,0.107777808219178,0.0169424657534247,0.0530746575342466,0.183714794520548,"Habitat Protection",89676168.6,0.223037381691768,0.0594143146336552,67504.7107752125
"U/N Reef (17-056)","I",0.334035190230843,-2.36553335189819,146.09968567,-17.96943283,NaN,NaN,NaN,NaN,NaN,NaN,NaN,NaN,NaN,NaN,1425315.033,0.346510960261177,0.0777242582142241,8202.03924290678
"Gilbey Reef (17-057)","O",46.5762028683382,-9.712965965271,146.57826233,-17.58052826,0.174622,4.58151,35.068654,0.643216,46.270968,0.041484,0.009682,0.01267,0.079916,"Habitat Protection",7706577.333,0.411526782311503,0.0446146469799978,11312.7866796786
"Armistice Reef (17-058)","O",60.9861385850564,-12.6687021255493,146.71542358,-17.66964531,0.17,4.6,35.08,0.82,37.17,0.08,0.00704,0.00735,0.03231,"Habitat Protection",1467012.555,0.263895164934478,0.000129107223549158,4597.39864982317
"Potter Reef (No 1) (17-059a)","M",43.3877132998677,-11.1221446990967,146.54440308,-17.69752693,0.1749525,4.60311833333333,35.0703666666667,0.7201425,36.3340383333333,0.0494091666666667,0.0164683333333333,0.0168533333333333,0.142845,"Habitat Protection",20678255.56,0.245474237615691,0.035945063449975,20460.851441022
"Potter Reef (No 2) (17-059b)","M",45.0670420413616,-20.3370933532715,146.55450439,-17.72473907,NaN,NaN,NaN,NaN,NaN,NaN,NaN,NaN,NaN,NaN,1036547.286,0.0211852798831157,0,3708.14791385688
"Potter Reef (No 3) (17-059c)","M",46.21535792776,-13.770453453064,146.57209778,-17.69412804,0.245355,4.547505,35.187035,0.535985,37.695595,0.05484,0.01638,0.01515,0.13862,"Habitat Protection",1910974.123,0.220171227792349,0,5696.75882733883
"Cairns Reef (15-086)","M",16.7369696414819,-8.99018669128418,145.50866699,-15.67227173,0.178532702702703,4.4898327027027,34.9541682432432,1.092575,51.9897101351351,0.0974006756756757,0.015027027027027,0.105550945945946,0.422861216216216,"Habitat Protection",90002612.77,0.356752318731608,0.049525831217822,44425.8360420845
"Pearl Reef (15-087)","O",46.6448744813209,-14.6573343276978,145.80036926,-15.71876621,0.11329,4.48043,35.14727,0.70007,52.2815,0.09857,0.00477,0.00726,0.01696,"Habitat Protection",1809538.745,0.388730309757903,0.00306586319906967,5665.55487408541
"Ruby Reef (15-088)","O",44.3726053422256,-12.7092237472534,145.78079224,-15.74977016,0.134113076923077,4.49649,35.05652,1.01612923076923,56.6796607692308,0.107906923076923,0.00637461538461538,0.00921923076923077,0.0616523076923077,"Habitat Protection",16825393.43,0.296398860463662,0.0310017570695038,17465.1566826525
"Endeavour Reef (15-089)","M",23.0872969103566,-8.11503124237061,145.58180237,-15.77656364,0.141780666666667,4.48073266666667,35.0470726666667,0.983124,62.9092226666667,0.0253113333333333,0.008018,0.04879,0.261325333333333,"Marine National Park",20421282.07,0.45857929948839,0.0539438916062293,24250.7620955946
"Andersen Reef (15-090)","O",45.1920632720347,-12.7953653335571,145.80323792,-15.78924942,0.11484,4.4871725,35.1671525,0.646105,50.952635,0.090495,0.0067425,0.006285,0.0263,"Habitat Protection",5161927.698,0.403342040423127,0.0030567442894459,9505.66477815544
"U/N Reef (15-091a)","O",41.4096932810446,-30.5306529998779,145.77516174,-15.81139946,NaN,NaN,NaN,NaN,NaN,NaN,NaN,NaN,NaN,NaN,270850.6274,0.119039208760155,0,1879.85691799104
"U/N Reef (15-091b)","O",40.6901399032444,-17.1502819061279,145.772995,-15.82229519,NaN,NaN,NaN,NaN,NaN,NaN,NaN,NaN,NaN,NaN,564013.3614,0.387758562224483,0.0115293319769413,3410.64700219824
"Rachel Carson Reef (15-092)","O",44.7322991207747,-10.1795988082886,145.81944275,-15.82970524,0.112,4.506,35.022,1.084,45.408,0.12,0.00816,0.00653,0.01486,"Habitat Protection",6466316.886,0.494807231411072,0.0147350356540521,10456.7194718013
"Fitzroy Island Reef (No 2) (16-054b)","M",4.33617401584254,-7.83209848403931,145.98471069,-16.93302727,NaN,NaN,NaN,NaN,NaN,NaN,NaN,NaN,NaN,NaN,24890.27506,0.125655371726366,0.00736484067311137,910.604513803073
"U/N Reef (16-054c)","M",4.33992070278071,-11.3737211227417,145.98286438,-16.93463326,NaN,NaN,NaN,NaN,NaN,NaN,NaN,NaN,NaN,NaN,6133.129479,0.125655371726366,0.00736484067311137,321.127578538025
"U/N Reef (16-054d)","M",4.35028588218422,-3.93290376663208,145.98622131,-16.93177223,NaN,NaN,NaN,NaN,NaN,NaN,NaN,NaN,NaN,NaN,441.3975041,0.125655371726366,0.00736484067311137,50
"U/N Reef (16-054e)","M",4.43858582417207,-2.96963858604431,145.98747253,-16.93165779,NaN,NaN,NaN,NaN,NaN,NaN,NaN,NaN,NaN,NaN,2948.640622,0.125655371726366,0.00736484067311137,159.168725892662
"U/N Reef (16-054f)","M",5.30282879805284,-1.70691061019897,145.98852539,-16.9413929,NaN,NaN,NaN,NaN,NaN,NaN,NaN,NaN,NaN,NaN,173154.3604,0.125655371726366,0.00736484067311137,4442.2628986155
"Sudbury Reef (No 2) (17-001b)","M",25.8584674830011,-25.0026473999023,146.19506836,-16.95053864,0.105,4.495,34.905,1.505,47.435,0.16,0.01677,0.05093,0.20524,"Habitat Protection",974281.4246,0.029948297727051,0,4183.9140845869
"Sudbury Reef (No 3) (17-001c)","M",28.1835919250802,-17.2842597961426,146.21685791,-16.95290756,NaN,NaN,NaN,NaN,NaN,NaN,NaN,NaN,NaN,NaN,139465.7514,0.274777853725222,0,1590.99347649353
"Sudbury Reef (No 4) (17-001d)","M",28.9870125115112,-16.8368949890137,146.21102905,-16.99845695,0.14,4.48,34.92,1.15,35.53,0.16,0.01721,0.05207,0.18651,"Habitat Protection",204770.7275,0.123026926648097,0.0287836583101207,1725.99454574068
"Stagg Patches (North) (17-002a)","M",21.8633191551179,-14.0427188873291,146.12869263,-17.01241112,0.1287,4.51954,35.00933,0.78326,30.51184,0.03914,0.01719,0.075,0.25057,"Habitat Protection",361540.8781,0.0133998949027851,0,2531.49211988623
"Stagg Patches (South) (17-002b)","M",22.5909413212142,-13.4099893569946,146.1312561,-17.02049446,0.11,4.53,34.91,1.52,24.85,0.01,0.01719,0.075,0.25057,"Habitat Protection",204435.3105,0.19502781702558,0.0366890391668023,1847.67606526976
"Hervey Shoals (North) (17-003a)","O",54.1165905586646,-35.5835113525391,146.4559021,-16.99902725,0.182425,4.56595375,35.11898125,0.445465,38.9226475,0.08660625,0.006805,0.01122375,0.04552625,"Marine National Park",9032089.049,0.317888674514044,0.0226304042461348,12355.0474903309
"Hervey Shoals (South) (17-003b)","O",55.6253256142756,-29.9918251037598,146.46136475,-17.03743553,0.1822325,4.55949,35.08234125,0.56729625,50.37282125,0.08310375,0.006345,0.0150725,0.04643,"Marine National Park",6978778.663,0.317888674514044,0.0226304042461348,10122.0787091506
"Scott Reef (17-004)","M",26.3725831388966,-7.15251111984253,146.18499756,-17.07360649,0.129178571428571,4.52296285714286,34.9570528571429,1.11161,31.482205,0.0239764285714286,0.0177564285714286,0.0583564285714286,0.197705,"Marine National Park",19407515.24,0.348646174482188,0.0506528028667518,16658.655256825
"U/N Reef (17-060)","M",40.1307224357208,-9.67264270782471,146.50198364,-17.73851967,0.20873,4.55702,35.18819,0.54072,36.608215,0.04524,0.01775,0.02006,0.14991,"Habitat Protection",2440668.22,0.242853264031651,0.0788953104999806,7072.24468969538
"U/N Reef (17-061)","M",41.2018027003518,-7.21925735473633,146.50843811,-17.75042915,0.183344,4.584776,35.1091,0.653042,38.19967,0.04561,0.01775,0.02006,0.14991,"Habitat Protection",5275638.797,0.461291364582586,0.0889383389562845,10579.4380080676
"Noreaster Reef (17-062)","O",56.506242241793,-21.0459327697754,146.65055847,-17.77948189,0.237099444444444,4.55605083333333,35.1755647222222,0.605864722222222,30.4558605555556,0.0601938888888889,0.01633,0.0116652777777778,0.100335833333333,"Habitat Protection",44793290.81,0.111174019959945,0.00718287602355983,28950.615505225
"Farquharson Reef (No 1) (17-063a)","M",42.6727705935076,-10.8571901321411,146.51689148,-17.79090881,0.196765714285714,4.588415,35.1411342857143,0.653609285714286,36.0071207142857,0.0441371428571429,0.0180214285714286,0.0243192857142857,0.156155,"Habitat Protection",22929653.99,0.199869590158184,0.0410337043410795,22700.9560468355
"Farquharson Reef (No 2) (17-063b)","M",44.8224643651131,-20.3340377807617,146.54241943,-17.75642776,NaN,NaN,NaN,NaN,NaN,NaN,NaN,NaN,NaN,NaN,487276.3547,0.0149427517950708,0,3650.06665646214
"Pickersgill Reef (15-093)","M",19.3422280670497,-5.42706203460693,145.57443237,-15.87277699,0.156622,4.48506,34.992605,1.106957,50.48174,0.025392,0.009162,0.063082,0.277474,"Conservation Park",18820498.55,0.470762150052578,0.0410310336244164,18232.4060405118
"Escape Reef (15-094)","O",40.137676219081,-16.0487251281738,145.79629517,-15.87716198,0.110098095238095,4.4930080952381,35.084379047619,0.925902380952381,38.7097223809524,0.0969904761904762,0.00693,0.00843190476190476,0.0409619047619048,"Habitat Protection",26941243.21,0.333868334131903,0.00875478921033113,22162.0929816833
"Evening Reef (15-095)","M",25.4814749269397,-9.60955810546875,145.65682983,-15.90518665,0.140597142857143,4.47735142857143,35.02823,1.08795714285714,41.6795642857143,0.0354942857142857,0.00692714285714286,0.0228514285714286,0.184994285714286,"Habitat Protection",9103503.29,0.406120647994453,0.0362238144264913,11848.1673084673
"Agincourt Reefs (No 4) (15-096)","O",39.381837376748,-9.63215923309326,145.82078552,-15.94987965,0.112356666666667,4.49608777777778,35.0274944444444,1.04637777777778,28.2550055555556,0.0757833333333333,0.00663666666666667,0.00916333333333333,0.0395133333333333,"Marine National Park",12899854.3,0.38588095855402,0.0271047075817623,14289.4924148334
"U/N Reef (16-054g)","M",5.77415901570938,1.60196363925934,146.00166321,-16.93380928,NaN,NaN,NaN,NaN,NaN,NaN,NaN,NaN,NaN,NaN,46331.45281,0.125655371726366,0.00736484067311137,2952.54154984055
"Little Fitzroy Island Reef (16-055)","M",5.59968633565845,-9.07477474212646,146.00578308,-16.92298126,NaN,NaN,NaN,NaN,NaN,NaN,NaN,NaN,NaN,NaN,104679.1258,0.125655371726366,0.00736484067311137,2077.45308044353
"Stevens Reef (17-005)","M",48.2438740735414,-8.19817543029785,146.41052246,-17.09885216,0.18986,4.54161333333333,35.03317,0.802403333333333,61.73548,0.0569066666666667,0.00886,0.0222933333333333,0.08078,"Marine National Park",2392739.09,0.502797286037377,0.043050430504305,6191.88271109877
"Maori Reef (17-006)","M",42.1616910070125,-18.0562381744385,146.34466553,-17.09428787,0.156067096774194,4.53880225806452,35.005785483871,0.846506451612903,62.5806222580645,0.049588064516129,0.00957290322580645,0.0308061290322581,0.115797741935484,"Habitat Protection",33672425.03,0.167774311295154,0.0144934077279369,26718.3024218469
"U/N Reef (17-007)","M",48.3745712209807,-25.1822071075439,146.42131042,-17.12123299,0.16,4.54,34.93,1.16,71.44,0.06,0.01437,0.01727,0.08504,"Marine National Park",565810.7288,0.331173687957613,0.0266176158113465,3172.63210969539
"Noggin Reef (17-008)","O",52.7068792226793,-15.7491474151611,146.46858215,-17.12631226,0.19197,4.54052166666667,35.0123183333333,0.86281,47.393635,0.0526333333333333,0.00921,0.0138066666666667,0.0481733333333333,"Habitat Protection",12425179.69,0.322949466540308,0.0223090092017976,15425.4591896755
"Taylor Reef (17-064)","M",45.5772208345613,-9.64430236816406,146.54951477,-17.83285522,0.224922727272727,4.56644272727273,35.1710318181818,0.61216,32.6015227272727,0.0350554545454545,0.0187272727272727,0.0191563636363636,0.145875454545455,"Marine National Park",17939722.88,0.287331951498658,0.0429054392599273,18231.1873885839
"U/N Reef (17-065)","O",64.3321689993137,-21.2887420654297,NaN,NaN,NaN,NaN,NaN,NaN,NaN,NaN,NaN,NaN,NaN,NaN,NaN,0.208484663512895,0.021130271122641,18060.8183947803
"Yamacutta Reef (17-066)","M",49.5315056638762,-16.9474983215332,146.58634949,-17.88853264,0.24506875,4.56090041666667,35.1655945833333,0.658018541666667,33.6508158333333,0.0274010416666667,0.0154033333333333,0.0127654166666667,0.130518125,"Habitat Protection",62553682.39,0.113173857300096,0.0229568078183775,34512.7697870123
"U/N Reef (17-067)","M",52.41247684359,-17.6275501251221,146.60035706,-17.96941948,0.2854175,4.53792,35.2184675,0.607085,30.64699,0.042,0.014645,0.014055,0.124785,"Habitat Protection",7171181.355,0.21157421447502,0,11810.4014949654
"Morning Reef (15-098)","M",23.0724290053159,-19.5345821380615,145.6651001,-15.97551823,0.119507272727273,4.48241818181818,35.0964354545455,1.04372272727273,41.2912109090909,0.0503554545454546,0.00744272727272727,0.0234136363636364,0.172324545454545,"Habitat Protection",14000875.46,0.120974511208926,0.00765004947623435,18510.693613203
"Agincourt Reefs (No 3) (15-099a)","O",39.1893985112592,-9.94672393798828,145.83221436,-15.98979378,0.0950985714285714,4.49915285714286,35.0654514285714,0.938425714285714,26.0311057142857,0.0623714285714286,0.00663857142857143,0.00826714285714286,0.0427128571428571,"Marine National Park",7780433.28,0.446094325718497,0.023421763694424,11988.4900213992
"Agincourt Reefs (No 2a) (15-099b)","O",40.5039285990424,-9.48931884765625,145.85093689,-16.01783371,0.09044,4.49636,35.1216,0.73218,35.8647,0.05533,0.00593,0.00457,0.02957,"Marine National Park",1410392.365,0.595470572280987,0.0140358014646054,5023.48428932635
"Agincourt Reefs (No 1) (15-099c)","O",41.805989522373,-8.15945243835449,145.86737061,-16.05204773,0.102525,4.48754,35.050035,0.91261,41.8226,0.07768,0.005625,0.00584,0.04074,"Marine National Park",2152661.195,0.495815857106941,0.0074515538738899,7036.0831495081
"Agincourt Reefs (No 5) (15-099d)","O",38.5662974208508,-15.3749799728394,145.83525085,-16.03521538,0.08804,4.49905333333333,35.0960166666667,0.83828,37.5966366666667,0.0697166666666667,0.00645,0.00705,0.04027,"Marine National Park",2925741.419,0.313635175748073,0.00568404547236378,7713.9341134086
"Agincourt Reefs (No 2b) (15-099e)","O",41.0911505487731,-12.0647687911987,145.85839844,-16.03013229,NaN,NaN,NaN,NaN,NaN,NaN,NaN,NaN,NaN,NaN,1087280.462,0.578341823291762,0.00263481468470051,3920.22338507124
"U/N Reef (15-800)","M",41.2276683617393,-13.9598789215088,145.69282532,-15.4465971,NaN,NaN,NaN,NaN,NaN,NaN,NaN,NaN,NaN,NaN,95349.37083,0.365191146881288,0,1164.47935014889
"U/N Reef (15-801)","M",35.9523567951785,-20.1694355010986,145.65563965,-15.51785564,NaN,NaN,NaN,NaN,NaN,NaN,NaN,NaN,NaN,NaN,167549.6234,0.04,0,1545.71922354668
"U/N Reef (16-001)","I",0.450122857179125,0.355340957641602,145.45733643,-16.02869225,NaN,NaN,NaN,NaN,NaN,NaN,NaN,NaN,NaN,NaN,1508354.156,0.0854100046815984,0.00787523162445953,13749.7188924252
"U/N Reef (16-056)","M",0.187966247272398,0.139569491147995,145.90193176,-16.98165321,NaN,NaN,NaN,NaN,NaN,NaN,NaN,NaN,NaN,NaN,60342.79969,0.346510960261177,0.00736484067311137,2888.14540013797
"Hastings Reef (16-057)","M",39.6371754343689,-14.6861867904663,146.00813293,-16.51843643,0.117565454545455,4.50253181818182,34.9692463636364,1.00869636363636,26.7985954545455,0.102961818181818,0.00602636363636364,0.0193363636363636,0.137182727272727,"Marine National Park",14791596.56,0.312250444370025,0.0158298771220279,16638.828630474
"Tobias Spit (17-009a)","I",6.00619696500724,-5.9849648475647,146.01023865,-17.15787888,NaN,NaN,NaN,NaN,NaN,NaN,NaN,NaN,NaN,NaN,982582.5316,0.346510960261177,0.0366890391668023,5590.19467367318
"Moss Reef (17-068)","O",72.1327267357628,-15.5702209472656,146.79472351,-17.94563866,0.360522,4.48022,35.279246,0.493636,23.092726,0.098928,0.009916,0.007224,0.03317,"Marine National Park",6956890.417,0.405531394400652,0.0146371296547975,11935.4437165735
"U/N Reef (17-069)","M",70.3881676960494,-20.3928661346436,NaN,NaN,NaN,NaN,NaN,NaN,NaN,NaN,NaN,NaN,NaN,NaN,NaN,0.164332106516562,0.012134661182074,10920.7334328676
"U/N Reef (17-070)","I",4.89876421217126,-2.40578198432922,146.15692139,-17.77334404,NaN,NaN,NaN,NaN,NaN,NaN,NaN,NaN,NaN,NaN,36889.11308,0.346510960261177,0.0777242582142241,920.098525769575
"U/N Reef (17-071)","O",74.4114402768499,-20.695779800415,146.82157898,-17.89406776,0.46664,4.41879,35.37021,0.35379,25.76111,0.10737,0.00715,0.00692,0.01686,"Habitat Protection",1141996.735,0.254913605136379,0.0130385383543843,4105.10588203397
"U/N Reef (17-072)","O",52.8141703102225,-36.1452941894531,146.48461914,-17.14941597,0.24298,4.540425,35.121685,0.52925,54.165335,0.059375,0.01004,0.01408,0.05058,"Habitat Protection",1589023.298,0.394797445591564,0.0466779671905451,5414.63134532657
"U/N Reef (17-073)","O",57.6235968245345,-23.1248073577881,146.68144226,-17.56633949,0.395105,4.472885,35.300835,0.37456,47.9133,0.09428,0.00501,0.00768,0.05027,"Habitat Protection",2753158.687,0.281913501895641,0.018957246487465,7465.76228739279
"U/N Reef (17-074)","M",0.392291061647517,1.69882297515869,145.89802551,-17.00157928,NaN,NaN,NaN,NaN,NaN,NaN,NaN,NaN,NaN,NaN,4276.893902,0.346510960261177,0.024249108295362,400.361427767938
"U/N Reef (17-075)","M",0.76232617531638,0.277482360601425,145.89952087,-17.00465012,NaN,NaN,NaN,NaN,NaN,NaN,NaN,NaN,NaN,NaN,3598.598228,0.346510960261177,0.024249108295362,554.060666832018
"U/N Reef (16-002)","I",1.09355118564725,0.142165973782539,145.46899414,-16.07123756,NaN,NaN,NaN,NaN,NaN,NaN,NaN,NaN,NaN,NaN,592724.1322,0.113543873823145,0.00787523162445953,7351.41969851089
"U/N Reef (16-003)","I",0.388447808376381,1.01840877532959,145.46440125,-16.10403824,NaN,NaN,NaN,NaN,NaN,NaN,NaN,NaN,NaN,NaN,1021210.632,0.0256675636514179,0.00787523162445953,10306.2936083045
"Struck Reef (16-004)","I",0.271112480568743,-5.02265214920044,145.44586182,-16.1672802,NaN,NaN,NaN,NaN,NaN,NaN,NaN,NaN,NaN,NaN,283885.077,0.346510960261177,0.00787523162445953,4037.09157325447
"Black Rock Reef (16-005)","I",1.87580029920086,-11.7638139724731,145.48576355,-16.2443924,NaN,NaN,NaN,NaN,NaN,NaN,NaN,NaN,NaN,NaN,26513.00215,0.361363111419079,0.0165221789746484,579.357551989831
"Hope Reef (16-058)","O",43.5055292152611,-20.7609443664551,146.12957764,-16.52711296,0.09,4.55,34.96,0.75,25.18,0.11,0.00428,0.01554,0.07716,"Habitat Protection",1522469.247,0.224370036921637,0.00661764756599893,6660.09105017044
"U/N Reef (16-059)","M",34.1500984289834,-22.6827449798584,146.00140381,-16.56760979,0.14,4.49,34.89,1.54,20.5,0.09,0.00622,0.02137,0.16033,"Marine National Park",354456.901,0.0317119054017737,0.0650362805697393,2823.37859778707
"Michaelmas Reef (16-060)","M",33.1363223065229,-9.5793628692627,146.01898193,-16.5817585,0.125177916666667,4.5101025,34.9590125,1.0699375,22.6220766666667,0.0852154166666667,0.00613083333333333,0.0270204166666667,0.161076666666667,"Marine National Park",33220146.44,0.158683738842508,0.0304871238950394,27342.5366157155
"Fin Reef (16-061)","M",38.146601961383,-26.0085334777832,146.16398621,-16.60890007,NaN,NaN,NaN,NaN,NaN,NaN,NaN,NaN,NaN,NaN,416102.4269,0.363548623794174,0.00220833989887153,2359.43306863257
"Pretty Patches (No 1) (16-062a)","M",26.8471552320621,-17.7976913452148,146.02287292,-16.64326859,NaN,NaN,NaN,NaN,NaN,NaN,NaN,NaN,NaN,NaN,317639.956,0.148980815347722,0,2273.18227276348
"Flora Reef (17-010)","M",32.9726987459923,-7.48360538482666,146.29089355,-17.1848011,0.131493333333333,4.533005,34.9089133333333,1.152925,55.9410666666667,0.0133433333333333,0.01361,0.03452,0.15324,"Conservation Park",11289588.9,0.331090910619834,0.0237724837914883,12953.3330263206
"Coates Reef (17-011)","M",39.5150007333997,-11.4127607345581,146.36857605,-17.19708824,0.1892,4.54119,35.09498,0.53188,56.71836,0.03826,0.01249,0.02204,0.12004,"Habitat Protection",4285330.336,0.358645584197006,0.0746744618655328,7881.77645258407
"Normanby-Mabel Reef (17-012)","I",11.2386605359273,-9.92278480529785,146.07714844,-17.20950317,NaN,NaN,NaN,NaN,NaN,NaN,NaN,NaN,NaN,NaN,970537.1152,0.348646174482188,0.02480842888608,4462.52190299296
"U/N Reef (17-076)","M",1.13351341644638,-0.0771078392863274,145.90008545,-17.0079689,NaN,NaN,NaN,NaN,NaN,NaN,NaN,NaN,NaN,NaN,8752.848419,0.346510960261177,0.024249108295362,363.385373424261
"Richards (Bedarra) Reef (18-001)","I",7.15593328891941,-5.68361806869507,146.15190125,-18.00790215,NaN,NaN,NaN,NaN,NaN,NaN,NaN,NaN,NaN,NaN,480188.6079,0.346510960261177,0.0777242582142241,5161.51342051181
"Wheeler (Toolgbar) Island Reef (18-003)","I",9.59833747172723,-4.49383354187012,146.16633606,-18.02551842,NaN,NaN,NaN,NaN,NaN,NaN,NaN,NaN,NaN,NaN,330629.6287,0.346510960261177,0.0777242582142241,4499.64993314394
"Coombe Reef (18-004)","I",11.4662975705398,-5.53443241119385,146.17631531,-18.0398407,NaN,NaN,NaN,NaN,NaN,NaN,NaN,NaN,NaN,NaN,445438.7433,0.346510960261177,0.0377944210146894,5710.56864569813
"Smith-Bowden Reef (18-005)","I",13.3496180343645,-8.39526081085205,146.20005798,-18.03983498,NaN,NaN,NaN,NaN,NaN,NaN,NaN,NaN,NaN,NaN,774701.395,0.346510960261177,0.0377944210146894,3566.31664463971
"Snapper Reef (16-006)","I",4.77724475692011,-3.93969464302063,145.49964905,-16.29825974,0.19798,4.57414,34.90061,1.23881,48.5805,0.05489,0.06738,0.47102,0.28922,"Conservation Park",982023.3165,0.582648401826484,0.0165221789746484,5654.94315337315
"U/N Reef (16-007)","I",2.30050114006439,-4.23342418670654,145.4256897,-16.3622303,NaN,NaN,NaN,NaN,NaN,NaN,NaN,NaN,NaN,NaN,3011094.409,0.346510960261177,0,10191.8142565694
"U/N Reef (16-008a)","I",2.03825341445387,-5.55773067474365,145.42678833,-16.40287781,NaN,NaN,NaN,NaN,NaN,NaN,NaN,NaN,NaN,NaN,998082.0908,0.346510960261177,0,4820.34157812842
"Pretty Patches (No 2) (16-062b)","M",29.6171155263585,-15.4053449630737,146.04202271,-16.6241188,0.1,4.51,34.89,1.42,21.62,0.09,0.00702,0.03088,0.13387,"Habitat Protection",1420615.785,0.306624647981762,0.00402306557596889,5197.14723843071
"Pretty Patches (No 3) (16-062c)","M",27.0893134664704,-17.8821830749512,146.03562927,-16.64635658,NaN,NaN,NaN,NaN,NaN,NaN,NaN,NaN,NaN,NaN,332336.6869,0.308022922636103,0,2341.66554739996
"Euston Reef (16-063)","O",38.9881593254051,-11.875093460083,146.25227356,-16.68704605,0.22241,4.52948,35.06714,0.54822,33.19574,0.09949,0.00689,0.01948,0.06892,"Marine National Park",1793474.168,0.475998300764656,0.00260195412064571,6459.71321109813
"Arlington Reef (16-064)","M",23.4573320151244,-8.31668186187744,146.05477905,-16.69470215,0.133535596330275,4.51446596330275,34.9492613761468,1.12187651376147,31.8772233027523,0.140539633027523,0.0113351376146789,0.0781247706422018,0.210836788990826,"Habitat Protection",127678016.2,0.215464517139299,0.0446926707778117,62882.8254638982
"Flynn Reef (16-065)","O",38.5869215965256,-15.6049356460571,146.27462769,-16.72874832,0.1089925,4.5663975,35.022375,0.5848625,29.2941125,0.13163,0.00539,0.01284,0.04853,"Conservation Park",4205081.546,0.358817002196608,0.011141556647569,11616.700304542
"Jones Patch (17-012b)","I",10.5946012846071,-18.6860694885254,146.07754517,-17.21987915,NaN,NaN,NaN,NaN,NaN,NaN,NaN,NaN,NaN,NaN,68338.04493,0.348646174482188,0.02480842888608,1060.00301261001
"Round-Russell Reef (17-013)","I",11.6446229806479,-10.0273904800415,146.09152222,-17.22398567,0.14,4.59,34.91,1.36,36.75,0.08,0.03082,0.21818,0.385,"Conservation Park",963189.6845,0.348646174482188,0.02480842888608,4948.10576622664
"Hudson (Coolah) Reef (18-006)","I",14.352553822846,-11.5133495330811,146.20283508,-18.05085564,NaN,NaN,NaN,NaN,NaN,NaN,NaN,NaN,NaN,NaN,499657.4608,0.346510960261177,0.0377944210146894,4090.0573938018
"Kennedy Shoal (18-007)","M",39.0956947110116,-18.5035972595215,146.45056152,-18.07859993,0.154615,4.587456,35.299426,0.556255,15.068736,0.031482,0.020804,0.038507,0.213053,"Habitat Protection",10500746.85,0.154052811900454,0.0106715270219608,12508.841847966
"Brook Islands Reef (18-008)","I",28.5555093458858,-3.58101201057434,146.29048157,-18.14867592,NaN,NaN,NaN,NaN,NaN,NaN,NaN,NaN,NaN,NaN,1469745.669,0.346510960261177,0.0100467162741368,7599.79285907853
"Brook Shoal (18-009)","I",26.5907336575995,-18.5805511474609,146.26716614,-18.15608406,NaN,NaN,NaN,NaN,NaN,NaN,NaN,NaN,NaN,NaN,222435.9931,0.346510960261177,0.0100467162741368,1734.63833009739
"U/N Reef (16-008b)","I",1.1632818651746,-4.94999408721924,145.4198761,-16.40711403,NaN,NaN,NaN,NaN,NaN,NaN,NaN,NaN,NaN,NaN,203701.065,0.346510960261177,0,1723.51950431243
"U/N Reef (16-009a)","I",1.77633966562784,-1.17276465892792,145.41445923,-16.44841003,0.243756666666667,4.75396666666667,34.7718066666667,1.23290333333333,31.2706233333333,0.01059,0.06165,0.65227,0.15875,"Habitat Protection",3901017.709,0.346510960261177,0.0157199316354066,16571.0985715672
"U/N Reef (16-009b)","I",1.53334917248726,-4.97468757629395,145.41897583,-16.42448997,NaN,NaN,NaN,NaN,NaN,NaN,NaN,NaN,NaN,NaN,540821.6559,0.346510960261177,0,2841.24016526208
"Morey Reef (16-010)","I",1.61395566146306,-1.09720027446747,145.44677734,-16.47330093,0.25351,4.72549333333333,34.78159,1.28945666666667,58.2369,0.12901,0.04672,0.61101,0.20876,"Conservation Park",2556662.987,0.346510960261177,0.0276634522608806,10737.4998848984
"U/N Reef (16-011)","O",31.6359347635506,-7.85348463058472,145.76377869,-16.00673294,NaN,NaN,NaN,NaN,NaN,NaN,NaN,NaN,NaN,NaN,102343.7818,0.548029102919643,0.00105820105820106,1332.30009116917
"Spitfire Reefs (West) (16-012a)","M",17.0445825491493,-19.6548404693604,145.61981201,-16.00907516,0.16,4.48,34.98,1.25,39.95,0.02,0.01006,0.04527,0.24675,"Habitat Protection",1385534.661,0.0256675636514179,0,4528.0960562335
"Spitfire Reefs (East) (16-012b)","M",18.282679971176,-23.0724563598633,145.63525391,-16.01484108,0.09,4.45,35.14,0.75,38.76,0.02,0.01006,0.04527,0.24675,"Habitat Protection",1742260.778,0.145152445711779,0,5949.67639677368
"U/N Reef (16-013a)","O",34.4630076855726,-8.70329475402832,145.79371643,-16.01890564,0.08999,4.48226,35.12644,0.75007,33.54483,0.06775,0.00699,0.00837,0.06928,"Marine National Park",432974.0331,0.630324431692783,0,2513.22072412492
"U/N Reef (16-013b)","O",35.9623141231841,-11.9361143112183,145.80805969,-16.01919937,NaN,NaN,NaN,NaN,NaN,NaN,NaN,NaN,NaN,NaN,361079.8609,0.474867724867725,0.00317460317460317,2210.74471678849
"Jenny Louise Shoal (North) (16-066a)","O",43.2100846115127,-28.9376049041748,146.32583618,-16.73413849,0.14,4.595,35.065,0.37,28.65,0.14,0.0043,0.00577,0.02789,"Habitat Protection",1279090.818,0.308507550228074,0.00522413261921926,5995.13792217326
"Jenny Louise Shoal (South) (16-066b)","O",43.9584246092218,-21.1491947174072,146.34199524,-16.75384903,0.08,4.61,35,0.57,28.21,0.07,0.00493,0.00843,0.03502,"Habitat Protection",767354.2022,0.190953240790876,0.00440387118810477,3907.36456044911
"Milln Reef (16-067)","O",35.3656100976852,-28.8505458831787,146.2653656,-16.77837372,0.14108619047619,4.54472952380952,35.0207628571429,0.663144285714286,31.472200952381,0.0720471428571429,0.00611952380952381,0.0191414285714286,0.0804204761904762,"Habitat Protection",24915551.71,0.0907073477229583,0.00192888708944307,25379.385286784
"Thetford Reef (16-068)","M",25.999311675339,-20.3669910430908,146.18086243,-16.80299377,0.15337,4.51780875,34.97972125,0.86727625,42.16070625,0.0618925,0.00725125,0.0309125,0.15138625,"Conservation Park",12838840.4,0.197066340704523,0.0162536578138312,13211.5941701653
"Baines Patches (16-069)","O",43.5497228512554,-27.181941986084,146.3543396,-16.80519676,0.135,4.5825,35.015,0.57,29.085,0.12,0.00491,0.008585,0.03778,"Habitat Protection",3060427.214,0.0830497010515809,0.000690018972248438,9341.30103460057
"Pellowe Reef (16-070)","O",42.9392061424169,-30.101411819458,146.35768127,-16.85753441,0.165458333333333,4.56828,35.0649366666667,0.464198333333333,29.2716433333333,0.0583433333333333,0.007825,0.00915,0.0513466666666667,"Habitat Protection",8083862.979,0.123335372453061,0.000141169827302245,10548.382604784
"Goold Reef (18-010)","I",15.9253719840233,-3.44325280189514,146.15882874,-18.16708183,0.162923333333333,4.69267333333333,35.3705333333333,0.798076666666667,21.26959,0.0822166666666667,0.14494,0.71794,0.03427,"Conservation Park",3454118.381,0.346510960261177,0.0100467162741368,15755.6004280167
"Garden Reef (18-011)","I",14.2694011066076,-1.52415120601654,146.14523315,-18.18221283,NaN,NaN,NaN,NaN,NaN,NaN,NaN,NaN,NaN,NaN,163028.9267,0.346510960261177,0.0100467162741368,2073.83780183288
"Eva Reef (18-013)","I",24.4883918958731,-15.1417465209961,146.32363892,-18.23547363,NaN,NaN,NaN,NaN,NaN,NaN,NaN,NaN,NaN,NaN,748031.6347,0.346510960261177,0.0176363624371143,3576.14536563712
"Hinchinbrook Reef (18-014)","I",15.8891324456581,0.347745418548584,146.31582642,-18.35866356,0.160613333333333,4.60593,35.4103666666667,0.628616666666667,26.26328,0.0848266666666667,0.0779166666666667,0.492033333333333,0.298773333333333,"Marine National Park",3912705.359,0.346510960261177,0.0209256623048872,77629.5838586189
"Agnes Reef (18-015)","I",17.1942060251191,-5.10948991775513,146.32815552,-18.35521507,NaN,NaN,NaN,NaN,NaN,NaN,NaN,NaN,NaN,NaN,163988.8135,0.346510960261177,0.0209256623048872,1887.47174370104
"U/N Reef (16-013c)","O",35.6574150959781,-10.6486301422119,145.80764771,-16.03413773,NaN,NaN,NaN,NaN,NaN,NaN,NaN,NaN,NaN,NaN,85394.52694,0.538895152198422,0,1083.77377053367
"U/N Reef (16-014a)","M",24.5376412987343,-14.299919128418,145.69970703,-16.0235424,NaN,NaN,NaN,NaN,NaN,NaN,NaN,NaN,NaN,NaN,151404.5133,0.407313997477932,0,1670.99998555224
"U/N Reef (16-014b)","M",25.3276535135363,-22.0851612091064,145.7094574,-16.03286171,0.10078,4.47443,35.11408,0.85583,40.18286,0.06416,0.00716,0.01292,0.1216,"Habitat Protection",1113255.819,0.0633530775173835,0,4025.61678955492
"Mackay Reef (16-015)","M",18.4267996717667,-17.6023101806641,145.64700317,-16.04948044,0.166,4.504,34.958,1.346,37.266,0.066,0.012788,0.053982,0.265142,"Habitat Protection",6187118.395,0.169811612106238,0.0236256948733786,9117.03632513788
"U/N Reef (16-016)","M",28.1448978957667,-16.6112651824951,145.73939514,-16.05511284,NaN,NaN,NaN,NaN,NaN,NaN,NaN,NaN,NaN,NaN,752376.1254,0.31368555060471,0.00432845321451305,3459.01828885993
"Sylvan Reef (16-017)","M",26.0492765419919,-16.508716583252,145.72079468,-16.07977295,0.16,4.49,34.93,1.33,57.31,0.12,0.0079,0.01674,0.1654,"Habitat Protection",1290414,0.212435512125202,0.0276534430320121,4642.89789774717
"U/N Reef (16-018a)","M",29.8154562268847,-16.988842010498,145.75605774,-16.07671356,NaN,NaN,NaN,NaN,NaN,NaN,NaN,NaN,NaN,NaN,271133.5256,0.177362482369535,0.0786318758815233,1945.74410407841
"U/N Reef (16-018b)","M",28.8735969283173,-20.610782623291,145.74710083,-16.08608437,NaN,NaN,NaN,NaN,NaN,NaN,NaN,NaN,NaN,NaN,112181.0004,0.146258503401361,0,1202.84660296344
"St Crispin Reef (16-019)","O",38.1801811410899,-15.4057140350342,145.83328247,-16.10412598,0.104212,4.49243057142857,35.0609068571429,0.927365142857143,52.6183137142857,0.100358,0.00581771428571429,0.00633571428571429,0.0592777142857143,"Habitat Protection",42825358.34,0.235654316582859,0.0141221331489926,25754.6663406034
"Eyrie Reef (14-118)","M",21.3609247101093,-3.65035533905029,145.3792572,-14.71065998,0.1627675,4.61922333333333,35.0558875,0.6792875,21.97486,0.207763333333333,0.0118466666666667,0.05239,0.463453333333333,"Marine National Park",14996927.29,0.300277548090174,0.0300751879699248,16506.2066769302
"Turtle Reef (North) (14-119a)","I",13.1276357924773,-3.93327450752258,145.16590881,-14.71613312,NaN,NaN,NaN,NaN,NaN,NaN,NaN,NaN,NaN,NaN,144000.8617,0.346510960261177,0.0348066239813775,1454.20291182981
"Turtle Reef (South) (14-119b)","I",12.2572527226188,-4.69214963912964,145.16101074,-14.72149372,NaN,NaN,NaN,NaN,NaN,NaN,NaN,NaN,NaN,NaN,43990.02421,0.346510960261177,0.020617948285943,871.581846081745
"Turtle Group Reef (No 1) (14-120a)","I",11.5578795851927,-1.54426050186157,145.1870575,-14.73452568,NaN,NaN,NaN,NaN,NaN,NaN,NaN,NaN,NaN,NaN,422759.9551,0.346510960261177,0.0513575344697251,2863.06123305492
"Lark Reef (15-033)","M",23.6111746079734,-13.8861970901489,145.5735321,-15.28826046,0.14275593220339,4.51353830508475,35.0244652542373,0.907013220338983,58.988,0.0412449152542373,0.00959847457627119,0.0348932203389831,0.200616271186441,"Marine National Park",68455180.65,0.13602794914466,0.0561322261258384,39574.4700394258
"U/N Reef (15-034)","O",44.1702580106044,-10.6920394897461,145.76364136,-15.31300926,0.15778,4.50352,35.1296633333333,0.832143333333333,50.6317833333333,0.0275933333333333,0.00413,0.0082,0.04524,"Marine National Park",4083649.578,0.496020659701843,0.018898931799507,7858.63357883619
"U/N Reef (15-035)","M",31.0310635052957,-15.7293672561646,145.63916016,-15.31890678,0.1,4.52,35.12,0.94,62.74,0.05,0.00547,0.01383,0.11396,"Marine National Park",260988.7379,0.383827296011709,0.00475667764361508,1950.36280518592
"U/N Reef (15-036)","M",32.1385047807753,-13.4974784851074,145.64729309,-15.33087254,0.16,4.49,35.01,1.3,63.3,0.05,0.00547,0.01383,0.11396,"Marine National Park",818609.7179,0.44187134502924,0.0130994152046784,3494.8597161548
"U/N Reef (15-037)","O",43.2894705937579,-13.3775367736816,145.75227356,-15.33505726,NaN,NaN,NaN,NaN,NaN,NaN,NaN,NaN,NaN,NaN,467055.7323,0.597741273100616,0.0158110882956879,2696.29507964528
"Ribbon No 5 Reef (15-038)","O",47.127068506235,-8.35073089599609,145.78292847,-15.36378002,0.117102857142857,4.50662428571429,35.1110957142857,0.893448571428571,46.8855342857143,0.08852,0.00431,0.00884285714285714,0.05184,"Habitat Protection",10272046.28,0.515857321418577,0.0117064343413615,16349.4728242395
"Pelican Island Reef (13-107)","I",20.7129312517221,-0.811253309249878,143.84161377,-13.91487694,0.231833333333333,4.38668,35.3092733333333,0.701683333333333,51.5684166666667,0.05708,0.01217,0.10216,0.73658,"Habitat Protection",4186325.186,0.574372242371041,0.0110420661137933,8553.00928018532
"Hedge Reef (13-108)","M",32.0660992872857,-2.44202089309692,143.95117188,-13.90026379,0.263234330708661,4.3905774015748,35.2458826771654,0.696507086614173,39.6959556692913,0.070466062992126,0.00951685039370079,0.0816605511811024,0.636471968503937,"Marine National Park",153137077.9,0.26968018010624,0.0307591003274085,60814.045782479
"South Warden Reef (14-051)","M",16.0188058626663,-4.90806865692139,144.73968506,-14.23914433,0.270690925925926,4.37538111111111,35.2005539814815,0.675069907407407,29.9889928703704,0.133218425925926,0.0164766666666667,0.22787537037037,0.491351481481482,"Marine National Park",143649558.9,0.239425728897269,0.0714227701485885,49997.0372676032
"Unison Reef (14-052)","I",7.43754992410219,-4.78011703491211,144.68772888,-14.29763222,0.2447,4.45693,35.25021,0.59584,40.98325,0.10798,0.02836,0.38218,0.46107,"Marine National Park",1187057.067,0.585635359116022,0.0996100097497563,5138.56051278196
"U/N Reef (14-053)","I",16.028747597291,-5.31347322463989,144.79040527,-14.30921268,0.254136,4.473062,35.237496,0.592952,39.53596,0.090626,0.010062,0.127082,0.607586,"Marine National Park",12305501.32,0.380813609571986,0.0358824564081656,15424.3603587312
"Stapleton Reef (14-054)","M",22.8169364149356,-3.1611635684967,144.85919189,-14.32140255,0.264665,4.45331,35.214325,0.63075,45.968785,0.097575,0.00811,0.07361,0.58778,"Marine National Park",5344979.638,0.457291779388955,0.0565595354038163,8529.33723234926
"Turtle Group Reef (No 2) (14-120b)","I",11.1305611635407,-0.723131358623505,145.1991272,-14.73466969,NaN,NaN,NaN,NaN,NaN,NaN,NaN,NaN,NaN,NaN,790924.6745,0.300277548090174,0.0513575344697251,4281.75220790386
"Turtle Group Reef (No 3) (14-120c)","I",11.9808859093737,-1.90097737312317,145.17935181,-14.72984409,0.23,4.45,34.98,0.77,21.1,0.05,0.02311,0.36576,0.51334,"Marine National Park",199914.309,0.346510960261177,0.0513575344697251,1606.24645474985
"Turtle Group Reef (No 4) (14-120d)","I",12.5970299905661,-1.72658228874207,145.19801331,-14.72135258,0.23,4.44,34.98,0.76,22.32,0.05,0.02058,0.20843,0.64016,"Marine National Park",594556.6944,0.300277548090174,0.0513575344697251,3406.00653585934
"Turtle Group Reef (No 5) (14-120e)","I",14.2713639636754,-0.938478052616119,145.20419312,-14.70484257,NaN,NaN,NaN,NaN,NaN,NaN,NaN,NaN,NaN,NaN,317892.1968,0.300277548090174,0.0513575344697251,3381.55326560396
"Turtle Group Reef (No 6) (14-120f)","I",13.5452202931442,-2.08910942077637,145.19319153,-14.71372223,NaN,NaN,NaN,NaN,NaN,NaN,NaN,NaN,NaN,NaN,167249.368,0.346510960261177,0.0513575344697251,1593.04489628163
"Turtle Group Reef (No 7) (14-120g)","I",12.1101140801498,-2.72298717498779,145.18951416,-14.72822189,0.18351,4.54102,35.05484,0.66143,22.345,0.09624,0.02311,0.36576,0.51334,"Marine National Park",212455.4358,0.346510960261177,0.0513575344697251,1811.95679524471
"Williamson Reefs (15-039)","M",26.2709803780326,-9.59442806243896,145.58148193,-15.35902119,0.127313333333333,4.510561,35.0836246666667,0.876870666666667,59.3402236666667,0.0362153333333333,0.00920266666666667,0.0229143333333333,0.193604666666667,"Preservation",33220962.07,0.272923508464109,0.128205424186632,28327.8343007997
"U/N Reef (15-040)","O",46.0820410680708,-14.3165216445923,145.76622009,-15.38854599,0.09,4.5,35.09,1,45.63,0.14,0.00434,0.00895,0.05294,"Marine National Park",550679.703,0.51940142683139,0.00452409953018966,2908.7593366798
"U/N Reef (15-041)","O",46.4371583054013,-7.77814340591431,145.7660675,-15.39985847,0.08586,4.50486,35.15974,0.75805,45.305305,0.124845,0.00565,0.01092,0.07108,"Marine National Park",841989.9043,0.781826463220223,0.0198132543839672,3643.94257080855
"U/N Reef (15-042)","O",47.3893160846467,-15.7012357711792,145.77189636,-15.41005898,0.12,4.5,35.08,1.08,43.13,0.14,0.00565,0.01092,0.07108,"Marine National Park",587545.867,0.0902857142857143,0.000489795918367347,3361.0447531173
"U/N Reef (15-043)","M",23.9294359204482,-4.26705026626587,145.50831604,-15.42865181,0.164620434782609,4.50192782608696,34.9137313043478,0.985921739130435,46.7263326086956,0.0415913043478261,0.0133826086956522,0.0491004347826087,0.313132608695652,"Habitat Protection",31948904.45,0.390323857740134,0.0865730104553443,21065.8528539155
"U/N Reef (15-044)","M",32.8478360976102,-16.4662437438965,145.61341858,-15.42838383,0.147506666666667,4.48843666666667,35.0620433333333,0.988703333333333,62.3279166666667,0.0334433333333333,0.00783,0.0182166666666667,0.17951,"Habitat Protection",2721189.425,0.226762397494105,0.0075317636293246,8119.3844593318
"U/N Reef (13-109)","I",15.8673858861182,-19.6064472198486,143.8157196,-13.96458149,NaN,NaN,NaN,NaN,NaN,NaN,NaN,NaN,NaN,NaN,111579.9253,0.563315852116694,0.0617718086014708,1371.50179834771
"U/N Reef (13-110)","I",2.80751409069122,-1.70909094810486,143.61485291,-13.92627907,0.22531,4.438745,35.36358,0.70723,47.741585,0.04771,0.16171,0.636545,0.102525,"Conservation Park",2644184.598,0.346510960261177,0.0617718086014708,8542.33822591596
"Burkitt Reef (13-111)","I",11.1446207807406,-2.97509837150574,143.75439453,-13.94378567,NaN,NaN,NaN,NaN,NaN,NaN,NaN,NaN,NaN,NaN,1162102.161,0.563315852116694,0.0617718086014708,4839.84040418576
"U/N Reef (13-112)","I",3.30124637077451,-4.58486223220825,143.6477356,-13.94903564,0.222325,4.43353,35.38914,0.736925,55.560465,0.05239,0.12194,0.72039,0.06358,"Conservation Park",2492616.801,0.346510960261177,0.0617718086014708,6992.22286839575
"Iris Reef (13-113)","I",18.6716536211867,-1.27041912078857,143.84162903,-13.96045017,0.22304,4.40332,35.367015,0.676295,47.37702,0.075665,0.01935,0.1796,0.652,"Habitat Protection",2804304.753,0.756928167654764,0.0147180477043982,6805.72440556006
"Obree Reef (13-114)","I",3.75653067209436,-5.17957210540771,143.68238831,-13.97581577,NaN,NaN,NaN,NaN,NaN,NaN,NaN,NaN,NaN,NaN,302063.9081,0.665650205012903,0.0617718086014708,2068.69773053586
"Munro Reef (14-055)","I",10.7367706346417,-4.8730320930481,144.74142456,-14.31907654,0.277805,4.316272,35.196418,0.68804,47.323475,0.108634,0.018397,0.262518,0.547618,"Marine National Park",18802769.84,0.241684734972552,0.0307238086451077,17808.0522534643
"U/N Reef (14-056)","M",31.2257671930376,-6.21737623214722,144.95561218,-14.32808208,0.206234,4.512202,35.20309,0.639922,36.054318,0.17611,0.007414,0.064572,0.549572,"Habitat Protection",12187890.17,0.422820543233306,0.109136915352074,15089.8772017741
"Davy Patches (No 1) (14-057a)","I",8.12712604299228,-18.443431854248,144.71818542,-14.32648373,NaN,NaN,NaN,NaN,NaN,NaN,NaN,NaN,NaN,NaN,141542.382,0.149504442090461,0.354801298650339,1449.02132355712
"Davy Patches (No 2) (14-057b)","I",6.66020914913645,-11.9786176681519,144.70785522,-14.33612728,NaN,NaN,NaN,NaN,NaN,NaN,NaN,NaN,NaN,NaN,168333.9748,0.194649971542402,0.273192942515652,1621.73987484045
"Davy Patches (No 3) (14-057c)","I",7.70785230574211,-12.1230554580688,144.72001648,-14.34114552,0.21,4.45,35.24,0.64,51.78,0.12,0.02364,0.29763,0.54132,"Marine National Park",142639.1334,0.0121786197564276,0.760487144790257,1413.51659959313
"U/N Reef (14-058)","I",1.05263675947369,-2.6892671585083,144.59544373,-14.334939,NaN,NaN,NaN,NaN,NaN,NaN,NaN,NaN,NaN,NaN,65404.52896,0.264154650138284,0.377763365685222,1117.26489114678
"U/N Reef (14-059)","I",0.729121188803529,-1.25427043437958,144.58668518,-14.32317448,NaN,NaN,NaN,NaN,NaN,NaN,NaN,NaN,NaN,NaN,3827658.726,0.264154650138284,0.377763365685222,16722.3962326612
"Barrow Reef (14-060)","I",1.04389063748765,-6.30398797988892,144.65068054,-14.34283352,0.24996,4.42336,35.25454,0.62231,41.94051,0.08079,0.03669,0.41625,0.4235,"Conservation Park",966540.6497,0.264154650138284,0.377763365685222,3503.03400966584
"Turtle Group Reef (No 8) (14-120h)","I",13.3853266023487,-2.93190574645996,145.18469238,-14.71768856,NaN,NaN,NaN,NaN,NaN,NaN,NaN,NaN,NaN,NaN,118547.7666,0.346510960261177,0.0513575344697251,1252.76334700506
"Turtle Group Reef (No 9) (14-120j)","I",9.9727306332193,-7.98705959320068,145.20838928,-14.74336147,NaN,NaN,NaN,NaN,NaN,NaN,NaN,NaN,NaN,NaN,121811.2883,0.300277548090174,0.0513575344697251,1344.20996179322
"Crompton Shoals (14-121)","I",13.7828837706472,-14.9985227584839,145.27624512,-14.71804142,NaN,NaN,NaN,NaN,NaN,NaN,NaN,NaN,NaN,NaN,434141.0615,0.28305820131356,0.0513575344697251,2456.62985204668
"Pethebridge Islets Reef (East) (14-122a)","I",8.18383139274366,-2.25963950157166,145.10093689,-14.73142147,NaN,NaN,NaN,NaN,NaN,NaN,NaN,NaN,NaN,NaN,154535.9938,0.346510960261177,0.0424657080500266,1411.05542722989
"Pethebridge Islets Reef (West) (14-122b)","I",7.05396334548817,-3.07526516914368,145.08262634,-14.7362051,NaN,NaN,NaN,NaN,NaN,NaN,NaN,NaN,NaN,NaN,439428.9836,0.346510960261177,0.0424657080500266,2771.38263960252
"Martin Reef (14-123)","I",15.8477983498537,-2.89316987991333,145.35552979,-14.76314163,0.166842222222222,4.61363888888889,35.0431422222222,0.669384444444444,27.8336,0.0904722222222222,0.0142322222222222,0.0742922222222222,0.445615555555556,"Habitat Protection",10908626.43,0.28305820131356,0.0513575344697251,13355.6192287681
"U/N Reef (15-045)","M",37.1283836607089,-8.85821914672852,145.65852356,-15.43023682,NaN,NaN,NaN,NaN,NaN,NaN,NaN,NaN,NaN,NaN,411658.9009,0.645116279069767,0.0258139534883721,2861.02022631805
"Ribbon No 4 Reef (15-046)","O",51.2482527268856,-7.83080720901489,145.8008728,-15.43488216,0.112547142857143,4.49666428571429,35.1111814285714,0.86895,38.3434057142857,0.124237142857143,0.00536142857142857,0.00818142857142857,0.0407414285714286,"Habitat Protection",10036879.82,0.453012255182682,0.0176192112396442,15159.7335363718
"U/N Reef (15-047)","M",39.9415028007512,-5.46568727493286,145.67703247,-15.46156597,0.15,4.49,35.02,1.27,48.8,0.05,0.00762,0.01084,0.09987,"Habitat Protection",4453618.332,0.568335879833868,0.0297402569454905,9054.37849334184
"U/N Reef (15-048)","M",36.9426969196708,-12.9791145324707,145.65489197,-15.48405933,0.11878,4.49899,35.1443,0.75579,49.69456,0.04956,0.00753,0.01441,0.15555,"Habitat Protection",1653884.884,0.319293163383546,0.0221320973348783,7689.38110037507
"U/N Reef (15-049)","M",21.5517188194808,-3.97066807746887,145.50273132,-15.48573685,0.15027,4.50604,35.04927,0.83954,44.35096,0.04776,0.01465,0.05296,0.34979,"Habitat Protection",2352968.471,0.454908025394758,0.10471268110044,7383.91022566026
"Ribbon No 3 Reef (15-050)","O",52.3386273921804,-9.03978061676025,145.80554199,-15.48834705,0.116666666666667,4.5,35.0666666666667,1.10333333333333,27.2733333333333,0.14,0.0067,0.00747,0.0296066666666667,"Habitat Protection",11994023.03,0.422180526168709,0.00816000638748054,15541.9542123819
"U/N Reef (13-116)","O",55.260151686585,-5.26081085205078,144.08969116,-13.54211235,0.442224583333333,4.46036166666667,35.2966604166667,0.391056666666667,36.51600875,0.0300783333333333,0.006105,0.02257,0.0989933333333333,"Habitat Protection",27319579.18,0.301949696898838,0.0157626776357046,30577.3028590427
"U/N Reef (13-117a)","O",56.5034960915293,-9.21672916412354,144.09919739,-13.59171677,0.47,4.47,35.21,0.44,39.43,0.03,0.00878,0.03529,0.16179,"Habitat Protection",1082330.994,0.451396348012889,0.0665950590762621,4150.80470799052
"U/N Reef (13-117b)","O",56.1978618703919,-6.67733955383301,144.09568787,-13.60047626,0.388155,4.44183,35.21323,0.47027,38.901175,0.03473,0.00878,0.03529,0.16179,"Habitat Protection",2613112.802,0.411705908485118,0.0498667258996002,6493.38638626091
"Creech Reef (North) (13-118a)","O",57.3817593571115,-6.87454080581665,144.10391235,-13.62558937,0.3898325,4.421895,35.23994,0.4509425,37.7350575,0.039985,0.01024,0.040065,0.20025,"Habitat Protection",5697241.178,0.486599408947315,0.0107850130778899,8941.58858345056
"Creech Reef (South) (13-118b)","O",58.0780465229299,-7.26627159118652,144.10731506,-13.64566326,NaN,NaN,NaN,NaN,NaN,NaN,NaN,NaN,NaN,NaN,398599.0119,0.449900555148441,0.0424155993512507,2687.80281472037
"Switzer Reef (14-061)","I",11.2976729399561,-2.32704019546509,144.75698853,-14.36003113,0.28,4.26,35.17,0.71,50.605,0.055,0.015,0.266005,0.569665,"Marine National Park",15863161.31,0.443464314354451,0.0203640251755729,15338.593652276
"U/N Reef (14-062)","M",26.997293543268,-5.04935216903687,144.96131897,-14.37524891,0.205976,4.530874,35.217498,0.615398,32.288014,0.144354,0.007286,0.099576,0.589434,"Habitat Protection",9438376.789,0.463325744969732,0.0495625631654706,14067.9558474249
"Combe Reef (14-063)","M",22.5378909451529,-3.37998270988464,144.9510498,-14.41412067,0.222666428571429,4.49560785714286,35.2061771428571,0.629770714285714,32.3961528571429,0.133513571428571,0.00995285714285714,0.161935714285714,0.608127857142857,"Marine National Park",40852603.47,0.348055304059152,0.0354020484382073,27850.7996463643
"U/N Reef (14-124)","I",2.66408144316232,-2.32972455024719,145.08682251,-14.78017616,0.238455,4.41653,35.0072225,0.75116,11.3968725,0.1550425,0.1893,0.63359,0.09713,"Marine National Park",6415059.023,0.346510960261177,0.0424657080500266,12431.7512661786
"Maxwell Reef (14-125)","I",10.8165808467679,-8.37914180755615,145.31558228,-14.78671837,NaN,NaN,NaN,NaN,NaN,NaN,NaN,NaN,NaN,NaN,301905.6556,0.298250674451441,0.0443395917838251,3016.61260901082
"Linnet Reef (14-126)","I",13.5776733661003,-2.63843512535095,145.34443665,-14.78665161,0.16224,4.63502,35.0668433333333,0.649586666666667,30.4362833333333,0.0897866666666667,0.01428,0.07469,0.44585,"Habitat Protection",3831680.402,0.298250674451441,0.0443395917838251,7604.39186193321
"U/N Reef (14-127a)","I",4.75995614062396,-4.19089221954346,145.14009094,-14.78806591,NaN,NaN,NaN,NaN,NaN,NaN,NaN,NaN,NaN,NaN,105706.1496,0.346510960261177,0.0513575344697251,1405.09147848634
"U/N Reef (14-127b)","I",3.5318032481717,-2.76973819732666,145.13586426,-14.79833221,NaN,NaN,NaN,NaN,NaN,NaN,NaN,NaN,NaN,NaN,136680.3454,0.346510960261177,0.102613690549351,1385.60643344458
"Sim Reef (14-128)","I",6.2168958766181,-7.43174171447754,145.28337097,-14.81706524,NaN,NaN,NaN,NaN,NaN,NaN,NaN,NaN,NaN,NaN,90643.33396,0.300277548090174,0.0942796995233001,1151.72181531613
"U/N Reef (14-129a)","I",2.69144283645257,-3.85839152336121,145.18156433,-14.81616306,NaN,NaN,NaN,NaN,NaN,NaN,NaN,NaN,NaN,NaN,106693.7784,0.346510960261177,0.102613690549351,1299.57604179365
"U/N Reef (14-129b)","I",1.91805457234972,-2.9379870891571,145.18943787,-14.82247162,NaN,NaN,NaN,NaN,NaN,NaN,NaN,NaN,NaN,NaN,105343.7915,0.346510960261177,0.0942796995233001,1265.46472269814
"Dawson Reef (15-051)","I",5.62630067012226,-5.97263336181641,145.32821655,-15.50472927,NaN,NaN,NaN,NaN,NaN,NaN,NaN,NaN,NaN,NaN,640341.7724,0.503935229290016,0.0829593676362138,3123.5085514118
"Cowlishaw Reef (15-052)","I",5.1528210032428,-6.22415828704834,145.35255432,-15.53471947,0.19,4.45,34.85,1,33.48,0.06,0.03038,0.24744,0.46512,"Habitat Protection",1071461.436,0.449782985116188,0.0603884338338033,4039.31661915378
"Draper Patch (15-053)","I",2.23439562022189,-4.77895069122314,145.30262756,-15.54612827,NaN,NaN,NaN,NaN,NaN,NaN,NaN,NaN,NaN,NaN,387308.7065,0.552962433185274,0.0603884338338033,2449.38177380937
"Rocky Island Reef (15-054)","I",0.125600077968438,-3.89384913444519,145.32945251,-15.60156059,0.25,4.53,34.76,1.21,33.74,0,0.03162,0.32999,0.42669,"Habitat Protection",325417.0907,0.447220464976902,0.041992817206264,2544.28351885569
"U/N Reef (15-055)","I",0.447330464315745,-0.0914514139294624,145.31910706,-15.61271095,NaN,NaN,NaN,NaN,NaN,NaN,NaN,NaN,NaN,NaN,1200902.957,0.552962433185274,0.041992817206264,7318.9291125718
"Malcolm Patch (15-056)","M",13.112213830634,-19.1222686767578,145.44831848,-15.62467194,NaN,NaN,NaN,NaN,NaN,NaN,NaN,NaN,NaN,NaN,363009.6279,0.417064416228471,0.041992817206264,2245.25726642609
"Bee Reef (15-057)","M",10.8778111738647,-9.49485492706299,145.42962646,-15.64048386,0.19,4.51,34.99,1.1,34.3,0.04,0.02085,0.17628,0.48689,"Habitat Protection",1270766.848,0.552962433185274,0.057592411352857,5260.34619407785
"U/N Reef (15-058)","I",0.697336016999163,-2.29609513282776,145.31869507,-15.64445114,NaN,NaN,NaN,NaN,NaN,NaN,NaN,NaN,NaN,NaN,2210108.09,0.552962433185274,0.041992817206264,7382.99064186102
"U/N Reef (15-059a)","I",2.67480969878773,-0.863940596580505,145.35350037,-15.70535374,NaN,NaN,NaN,NaN,NaN,NaN,NaN,NaN,NaN,NaN,6339068.802,0.454857375958441,0.041992817206264,25303.5569425923
"U/N Reef (13-119)","O",64.4699333760482,-3.14487028121948,144.1660614,-13.67631626,0.34737,4.43428333333333,35.14314,0.567867777777778,30.1921811111111,0.0215011111111111,0.01101,0.0341744444444444,0.161467777777778,"Habitat Protection",18265342.02,0.313592356418024,0.00863292587335551,21171.6880246395
"Sand Bank No 5 Reef (13-120)","O",56.4161091582265,-4.46876192092896,144.23735046,-13.73683643,0.291086666666667,4.43705166666667,35.17723,0.528468333333333,28.6567966666667,0.021145,0.0123683333333333,0.0373233333333333,0.167005,"Habitat Protection",18013423.96,0.292984603491593,0.0199918400652795,19343.1493427902
"U/N Reef (13-121)","O",50.6364492362806,-4.36293745040894,144.26705933,-13.78010464,0.276653333333333,4.43893666666667,35.1362066666667,0.581976666666667,27.3660066666667,0.0115833333333333,0.0163366666666667,0.0498133333333333,0.277206666666667,"Habitat Protection",4342084.64,0.537389213022759,0.0308422037144257,8701.87046832589
"Ingram-Beanley Reef (14-064)","I",18.3631762219941,-1.35226881504059,144.88970947,-14.42552853,0.267015,4.407625,35.194465,0.65342,38.264015,0.09771,0.01605,0.26099,0.59989,"Habitat Protection",6734213.148,0.470150120868286,0.0427627394561693,10212.3793812283
"Bewick Reef (14-065)","I",13.3940167058146,-1.76645541191101,144.81156921,-14.43275642,NaN,NaN,NaN,NaN,NaN,NaN,NaN,NaN,NaN,NaN,785486.8628,0.304311571166611,0.279136901789882,5504.12861660503
"Decapolis Reef (14-131)","I",4.95117124157622,-7.74060964584351,145.27287292,-14.85046291,NaN,NaN,NaN,NaN,NaN,NaN,NaN,NaN,NaN,NaN,162213.1866,0.300277548090174,0.0942796995233001,1506.12730257256
"Rocky Islets Reef (14-132a)","M",17.5980378912308,-7.4421067237854,145.47993469,-14.85496998,0.132045,4.638345,35.0161425,0.6688525,30.6564725,0.073735,0.01,0.02632,0.336935,"Marine National Park",6132186.481,0.293824529514079,0.0389708071516994,10247.5640081887
"U/N Reef (14-132b)","M",21.4669815489401,-11.3524560928345,145.52761841,-14.8655138,0.119794,4.643058,35.060684,0.638786,31.219344,0.077664,0.00866,0.018844,0.208882,"Habitat Protection",6753804.563,0.230278034558771,0.0247315650999076,11740.3683707016
"U/N Reef (14-132c)","M",17.5647180202581,-19.5185394287109,145.48886108,-14.86948586,0.13,4.7,34.99,0.64,35.17,0.07,0.01028,0.02521,0.29317,"Marine National Park",182281.3867,0.333345044883444,0.0442070665612458,1602.66093088144
"U/N Reef (14-133)","M",18.2478444917145,-6.17891979217529,145.51600647,-14.91681099,0.160685,4.5884925,35.0035975,0.745475,37.9764975,0.07239,0.01153,0.0351,0.24668,"Habitat Protection",5581242.029,0.398619223590463,0.0485312834570883,9133.95206441865
"Eye Reef (14-134)","M",15.2420245487471,-6.46756982803345,145.47799683,-14.89468002,0.14325,4.62271,35.07727,0.63327,32.43683,0.07879,0.01153,0.0351,0.24668,"Habitat Protection",1419016.22,0.475932570577483,0.0689188274321305,4520.908896815
"U/N Reef (13-042)","I",2.79454779219338,-1.860276222229,143.53135681,-13.31596184,0.281525,4.415585,35.01339,0.607805,18.984235,0.031085,0.06369,0.55954,0.22253,"Habitat Protection",7011142.413,0.362595144146616,0.0207244586794773,22043.2996500596
"U/N Reef (13-043)","I",3.19565864639774,-4.77574062347412,143.53918457,-13.28244972,NaN,NaN,NaN,NaN,NaN,NaN,NaN,NaN,NaN,NaN,791016.3744,0.362595144146616,0.0207244586794773,3723.56665877956
"Lowrie Reef (13-045)","I",8.58667992128734,-3.86492156982422,143.5960083,-13.27562618,NaN,NaN,NaN,NaN,NaN,NaN,NaN,NaN,NaN,NaN,282393.0319,0.362595144146616,0.0207244586794773,2287.36642136229
"Bow Reef (13-048)","M",12.5422599065519,-10.1762752532959,143.67321777,-13.30812263,NaN,NaN,NaN,NaN,NaN,NaN,NaN,NaN,NaN,NaN,577804.1803,0.539429530201342,0.0280201342281879,3245.72596033492
"U/N Reef (13-049)","O",33.561676363433,-19.2735576629639,143.88995361,-13.31755543,0.3137075,4.4581575,35.0762275,0.5932775,18.842945,0.04218,0.00619,0.0315,0.237625,"Habitat Protection",3721346.503,0.365413031148393,0.0376487868645336,11955.4811473614
"U/N Reef (13-122)","M",41.5034683676641,-5.66783332824707,144.02783203,-13.85837936,0.295287647058824,4.41042117647059,35.2144405882353,0.610968235294118,26.7907776470588,0.0956735294117647,0.00898176470588235,0.06558,0.492604117647059,"Habitat Protection",20698511.77,0.362913245336248,0.0449467066483573,27259.7222760352
"U/N Reef (13-123)","M",45.1174692552357,-3.88034391403198,144.13525391,-13.85580158,0.31416,4.40548,35.10098,0.665746666666667,34.0940766666667,0.03748,0.01005,0.0765133333333333,0.51963,"Habitat Protection",2991682.564,0.761218155954998,0.0253135911030648,9747.11921935226
"U/N Reef (13-124)","M",46.9438586779489,-8.81227779388428,144.07878113,-13.85309219,0.307047777777778,4.40119944444444,35.1633905555556,0.620873333333333,28.9198533333333,0.0297233333333333,0.00835333333333333,0.0687666666666667,0.475644444444444,"Habitat Protection",20697087.62,0.303476685099387,0.0543594006874907,20491.2780761533
"U/N Reef (13-125)","O",40.0547643829498,-6.90282106399536,144.31129456,-13.86553955,0.300938139534884,4.41626697674419,35.1666127906977,0.586255581395349,27.4112209302326,0.0437413953488372,0.019243023255814,0.0568893023255814,0.324412790697674,"Habitat Protection",70880378.89,0.229509895206377,0.0125038000809775,37658.2744985656
"Mid Reef (14-066)","M",18.0921375541905,-1.83019685745239,144.95834351,-14.45742226,0.197575,4.520095,35.201815,0.62699,27.2904,0.13917,0.01252,0.17543,0.58277,"Habitat Protection",13754513.58,0.350852750084015,0.0169709868936933,16045.1323022924
"U/N Reef (14-067)","I",0.83874641757019,-1.01518309116364,144.62971497,-14.45157242,0.260708,4.321042,35.234232,0.68067,26.702178,0.045534,0.065018,0.634936,0.193224,"Marine National Park",10580803.68,0.216764301884427,0.351348037493827,31107.0062955284
"Watson Reef (14-068)","I",15.8425405752996,-2.48991394042969,144.89328003,-14.46287346,0.22,4.46,35.19,0.69,40,0.17,0.01605,0.26099,0.59989,"Habitat Protection",659650.4815,0.470150120868286,0.0427627394561693,3241.01724440005
"Wooden Patch (14-069)","I",8.09499874084344,-10.8349437713623,144.75350952,-14.47551155,NaN,NaN,NaN,NaN,NaN,NaN,NaN,NaN,NaN,NaN,557017.8918,0.216764301884427,0.351348037493827,2709.58047994014
"Baron Reef (14-070)","I",5.6544580933082,-6.31616687774658,144.69804382,-14.47436333,NaN,NaN,NaN,NaN,NaN,NaN,NaN,NaN,NaN,NaN,610545.8931,0.216764301884427,0.351348037493827,2836.12766040982
"Helsdon Reef (14-135)","M",14.8287562037546,-7.72257518768311,145.48800659,-14.93945408,0.154493333333333,4.60745333333333,34.98519,0.730414444444444,41.6774655555556,0.0415022222222222,0.01219,0.0385866666666667,0.23626,"Habitat Protection",12561785.17,0.225618008456757,0.0600842617159723,15593.5492692406
"U/N Reef (14-136a)","I",0.877215790999446,-12.0238742828369,145.33810425,-14.94181156,NaN,NaN,NaN,NaN,NaN,NaN,NaN,NaN,NaN,NaN,66627.06423,0.298294637455858,0.114265397532126,1109.70407604222
"U/N Reef (14-136b)","I",0.292089530544452,-10.9580860137939,145.33415222,-14.9484272,NaN,NaN,NaN,NaN,NaN,NaN,NaN,NaN,NaN,NaN,73234.07345,0.298294637455858,0.114265397532126,1037.2386327261
"Carter Reef (14-137)","O",50.2941614585069,-12.9622564315796,145.58898926,-14.54767418,0.11635,4.566574,35.101861,0.710941,7.492281,0.151706,0.004075,0.017986,0.051264,"Preservation",15445386.92,0.314816890881913,0.00932361733931241,17910.4496751765
"Yonge Reef (14-138)","O",48.6866306354918,-12.5611124038696,145.62347412,-14.59968185,0.101228333333333,4.57450666666667,35.10598,0.698958333333333,8.59315666666667,0.187276666666667,0.00399666666666667,0.0126416666666667,0.0457233333333333,"Scientific Research",13116466.24,0.396226691792725,0.00915830149803122,16500.5000401769
"No Name Reef (14-139)","O",46.5839953867875,-14.3795413970947,145.64628601,-14.64376545,0.114298333333333,4.56023166666667,35.082115,0.774941666666667,8.54801833333333,0.08172,0.00405666666666667,0.0114983333333333,0.0496366666666667,"Marine National Park",8742682.733,0.31746730174794,0.0143113291605707,11204.3015524429
"U/N Reef (14-140)","O",45.2253345429406,-13.4140748977661,NaN,NaN,NaN,NaN,NaN,NaN,NaN,NaN,NaN,NaN,NaN,NaN,NaN,0.396720838542167,0.00504856236176555,6432.53091170778
"U/N Reef (13-050a)","O",42.0138898227723,-8.0606107711792,143.97337341,-13.32482433,0.347655384615385,4.44321923076923,35.12969,0.542834615384615,25.5712676923077,0.0261323076923077,0.00746769230769231,0.0198523076923077,0.106100769230769,"Marine National Park",17159246.02,0.416204067111289,0.0147165954178643,25472.849463056
"U/N Reef (13-050b)","O",40.1624768541826,-24.1139831542969,143.95091248,-13.3081255,0.34102,4.43897,35.14327,0.53783,24.26205,0.03738,0.00728,0.02058,0.11384,"Habitat Protection",150406.6121,0.475932121880698,0.0157107001417156,1667.75203631503
"U/N Reef (13-051)","I",2.71298224463241,-4.31961059570312,143.55728149,-13.33007431,NaN,NaN,NaN,NaN,NaN,NaN,NaN,NaN,NaN,NaN,187402.8627,0.362595144146616,0.0207244586794773,1631.4498965951
"U/N Reef (13-052)","M",16.5593461603728,-13.1528177261353,143.72439575,-13.32792473,0.23,4.46,35.045,0.59,60.555,0.07,0.0371,0.21945,0.41479,"Habitat Protection",1645810.636,0.328327444051826,0.0372202591283863,5158.06471535226
"Treat Reef (13-053)","I",5.72806519048687,-6.97103452682495,143.60075378,-13.32652664,NaN,NaN,NaN,NaN,NaN,NaN,NaN,NaN,NaN,NaN,1422417.518,0.362595144146616,0.0207244586794773,5040.62602147748
"U/N Reef (13-054)","I",2.49767626644413,-3.5923011302948,143.57279968,-13.35158348,NaN,NaN,NaN,NaN,NaN,NaN,NaN,NaN,NaN,NaN,125253.6611,0.52529194776168,0.0382177812786529,1396.41710521315
"U/N Reef (13-126)","M",41.7452267131023,-17.0861721038818,144.06306458,-13.90872097,NaN,NaN,NaN,NaN,NaN,NaN,NaN,NaN,NaN,NaN,259603.4744,0.121978430643362,0.00632205280773522,1939.30820079674
"Rodda Reef (13-127)","O",32.2075190781503,-3.61535096168518,144.35662842,-13.92119122,0.284083333333333,4.43540666666667,35.1894733333333,0.509416666666667,24.6343166666667,0.03408,0.0232266666666667,0.0642266666666667,0.368713333333333,"Habitat Protection",5290743.702,0.353369596962617,0.0289135514018692,9187.16187559503
"Joan Reef (13-128)","O",30.2906610216659,-6.96590375900269,144.34959412,-13.94645691,0.31882,4.43129,35.2245,0.50484,28.67287,0.07541,0.02272,0.0843,0.47954,"Habitat Protection",1326416.645,0.608191822753444,0.0260913927556301,4984.23801523587
"Wilson Reef (13-129)","O",26.8242636315083,-3.36769080162048,144.40107727,-13.95244312,0.30042,4.43664,35.2209566666667,0.488913333333333,26.48972,0.0686433333333333,0.02326,0.0790466666666667,0.388436666666667,"Habitat Protection",16370303.58,0.288410594072842,0.0121127375494864,15919.8548601773
"Davie Reef (13-130)","O",22.0770359923927,-2.94329690933228,144.45483398,-13.97737408,0.266485,4.4428625,35.1912375,0.5276475,22.31036,0.0482525,0.0276075,0.0722975,0.374675,"Habitat Protection",6763119.803,0.453841870028987,0.0115377475689338,10378.2432570296
"Eves Reef (13-131)","O",23.7785598695928,-8.75391674041748,144.5743866,-13.96196938,NaN,NaN,NaN,NaN,NaN,NaN,NaN,NaN,NaN,NaN,680299.2807,0.345638961266171,0.0770285589710254,3431.40253890758
"U/N Reef (13-132)","O",21.7069817790468,-18.7748641967773,144.55203247,-13.97590828,NaN,NaN,NaN,NaN,NaN,NaN,NaN,NaN,NaN,NaN,550015.7307,0.364922640741457,0.0143103265927805,2764.62297475139
"Weigall Reefs (East) (14-071a)","I",2.09988470602519,-2.82226204872131,144.64302063,-14.47416687,NaN,NaN,NaN,NaN,NaN,NaN,NaN,NaN,NaN,NaN,512673.7083,0.216764301884427,0.351348037493827,3131.39490713608
"Weigall Reefs (West) (14-071b)","I",1.37322244007922,-2.01222944259644,144.63766479,-14.47897816,NaN,NaN,NaN,NaN,NaN,NaN,NaN,NaN,NaN,NaN,166151.853,0.216764301884427,0.351348037493827,1818.59127692108
"Megaera Reef (14-072)","I",15.9833565711728,-3.41193962097168,144.95802307,-14.4773941,0.24,4.55,35.24,0.58,26.9,0.14,0.01883,0.34083,0.54013,"Habitat Protection",962305.4501,0.711542308461692,0.0759151830366073,4125.27618308756
"U/N Reef (14-073)","O",40.3963252824222,-5.14243745803833,145.00259399,-14.23346233,0.16792,4.5179175,35.1670275,0.530135,26.74693,0.0510175,0.0046075,0.0182025,0.14627,"Habitat Protection",4585597.333,0.490017233407591,0.0205539910050019,9080.7348458515
"U/N Reef (14-074)","O",42.0655589372854,-8.61254596710205,145.06777954,-14.26767063,0.158643055555556,4.53369083333333,35.1562761111111,0.613075,25.4107516666667,0.140556944444444,0.0046725,0.0222572222222222,0.219516111111111,"Habitat Protection",45001799.22,0.222343348760904,0.0336700841484388,43838.163786356
"U/N Reef (14-075)","O",45.4503730378918,-5.73197746276855,145.16496277,-14.28916931,0.14027,4.55680714285714,35.17396,0.55919,18.4668885714286,0.154964285714286,0.00402714285714286,0.0169,0.198465714285714,"Habitat Protection",8736482.79,0.467177761844355,0.0182449947603552,12537.4662038455
"U/N Reef (14-076)","O",44.5675979807108,-12.107367515564,145.18202209,-14.31323624,NaN,NaN,NaN,NaN,NaN,NaN,NaN,NaN,NaN,NaN,202652.6768,0.113744075829384,0,1773.45651181106
"U/N Reef (14-141)","M",33.6617436998817,-22.4541721343994,145.53881836,-14.70715809,0.11514,4.65001,35.11535,0.62773,13.97553,0.16528,0.00713,0.01208,0.1496,"Habitat Protection",1554901.512,0.0358026218154835,0.00890427900074202,5335.94866773228
"U/N Reef (14-142)","M",34.8607449394836,-17.0135765075684,145.58253479,-14.73134422,0.10644,4.64301,35.11501,0.63331,12.31508,0.16023,0.00542,0.01025,0.1013,"Habitat Protection",513892.0925,0.196969696969697,0.0303030303030303,2752.93389164053
"North Direction Reef (14-143)","M",28.4045581555184,18.3930912017822,145.51068115,-14.74591541,NaN,NaN,NaN,NaN,NaN,NaN,NaN,NaN,NaN,NaN,691824.0823,0.315650604082766,0.0229134842383002,4006.32524424807
"Kedge Reef (14-144)","M",26.920271949253,-22.0317840576172,145.53094482,-14.78259373,0.125128571428571,4.64406,35.1027642857143,0.620811428571429,18.7357542857143,0.116452857142857,0.00709571428571429,0.0172528571428571,0.218654285714286,"Habitat Protection",6364919.538,0.291588534652013,0.0288809663445375,9339.15324710098
"U/N Reef (14-145)","M",31.1461634822505,-24.4380149841309,145.58654785,-14.78984928,0.1099075,4.65125,35.1092075,0.6371,13.4272025,0.1380575,0.00589,0.01164,0.11762,"Habitat Protection",6125076.791,0.0543602780785588,0.00340536384037161,10394.4106175694
"Peter Reef (13-055)","M",21.9373682960152,-9.39321613311768,143.78071594,-13.33258152,0.2878825,4.42754214285714,35.0411192857143,0.639674285714286,51.9328025,0.0685885714285714,0.0196810714285714,0.0893207142857143,0.350395357142857,"Habitat Protection",31871125.73,0.38782847808828,0.0358082560965594,27803.5659515817
"Sand Bank No 8 Reef (13-056)","O",39.9510782102128,-6.05338048934937,143.96214294,-13.36719513,0.365,4.435,35.065,0.62,29.535,0.07,0.00614,0.02859,0.15626,"Marine National Park",2586177.369,0.479107383555489,0.0235509959562678,6646.77826453678
"Sharland Reefs (No 1) (13-057a)","I",2.28121568859276,-3.06051826477051,143.59918213,-13.36875439,NaN,NaN,NaN,NaN,NaN,NaN,NaN,NaN,NaN,NaN,720849.1159,0.40799317856911,0.0274385814946051,3743.96632482647
"Sharland Reefs (No 2) (13-057b)","I",2.28286237196867,-2.35682415962219,143.59742737,-13.38262463,NaN,NaN,NaN,NaN,NaN,NaN,NaN,NaN,NaN,NaN,994183.2129,0.40799317856911,0.0274385814946051,4370.83485169519
"U/N Reef (13-058a)","I",2.10240710811035,-4.26299858093262,143.61013794,-13.40095043,NaN,NaN,NaN,NaN,NaN,NaN,NaN,NaN,NaN,NaN,290302.1471,0.40799317856911,0.0274385814946051,2100.28353674314
"U/N Reef (13-058b)","I",1.13243815039673,-4.033531665802,143.60488892,-13.40857983,NaN,NaN,NaN,NaN,NaN,NaN,NaN,NaN,NaN,NaN,204761.9836,0.40799317856911,0.0274385814946051,1829.24651970898
"Tydeman Reef (13-133)","O",20.4561072099136,-5.4098687171936,144.52000427,-13.98367882,0.25543,4.42362416666667,35.1190275,0.613620833333333,11.47748,0.0223483333333333,0.01933,0.04982,0.32487,"Habitat Protection",13744350.94,0.352515458122541,0.0192804946599213,14291.5656720707
"U/N Reef (13-134)","I",4.37636269598741,-5.03899765014648,143.61839294,-13.51718235,0.23525,4.4365,35.12086,0.66206,52.09367,0.06517,0.0588,0.44793,0.36314,"Habitat Protection",297999.3521,0.354943632791828,0.0255286332550762,2243.13410541805
"U/N Reef (13-135)","I",3.32086663403557,-3.11207699775696,143.60432434,-13.5427599,NaN,NaN,NaN,NaN,NaN,NaN,NaN,NaN,NaN,NaN,733164.8218,0.308295278330086,0.0186140872791551,3445.6571968467
"U/N Reef (13-136)","M",23.2974365483252,-5.4202299118042,143.80595398,-13.460536,NaN,NaN,NaN,NaN,NaN,NaN,NaN,NaN,NaN,NaN,217016.6456,0.67453250222618,0.105075690115761,1866.59329526327
"U/N Reef (13-137)","O",58.6108923925613,-13.180248260498,144.11018372,-13.65716457,NaN,NaN,NaN,NaN,NaN,NaN,NaN,NaN,NaN,NaN,273461.1441,0.403965891283486,0.0230948882836152,2498.3052230459
"U/N Reef (14-001)","I",2.60299012489788,-1.80681145191193,143.68652344,-14.03008175,0.22774,4.43967,35.46177,0.72184,49.95717,0.06663,0.13199,0.56173,0.20507,"Conservation Park",2508553.545,0.756928167654764,0.0617718086014708,8505.36920148804
"Beabey Patches (14-002)","I",15.2613481339133,-18.4308242797852,143.82217407,-14.01346874,NaN,NaN,NaN,NaN,NaN,NaN,NaN,NaN,NaN,NaN,516154.4547,0.563315852116694,0.0617718086014708,2689.19932647345
"U/N Reef (14-077a)","O",48.6919315759095,-5.88460779190063,145.23706055,-14.31356525,0.154187272727273,4.53294363636364,35.1248227272727,0.681744545454545,15.7271927272727,0.120456363636364,0.00396,0.0107563636363636,0.122333636363636,"Habitat Protection",13039902.27,0.371892890120037,0.0353167128347184,19889.5420397673
"U/N Reef (14-077b)","O",47.3775460529169,-19.5459117889404,145.23510742,-14.32905102,NaN,NaN,NaN,NaN,NaN,NaN,NaN,NaN,NaN,NaN,478791.4079,0.322114117578043,0.016912708107414,2671.92118215469
"U/N Reef (14-078)","O",49.9252346241378,-5.51879262924194,145.27752686,-14.34315395,0.13683,4.56803,35.15368,0.61224,15.86721,0.13535,0.00388,0.01128,0.20789,"Habitat Protection",2697603.643,0.480705386784707,0.0154214114875236,7184.25815282292
"Jewell Reef (14-079)","O",52.0510470248736,-6.89740228652954,145.35128784,-14.37976837,0.147665277777778,4.56326138888889,35.1283794444444,0.683634166666667,15.7337416666667,0.161512222222222,0.00416305555555556,0.00819666666666667,0.0820880555555556,"Habitat Protection",49592265.05,0.203081792760603,0.0266680907254932,36337.1758498102
"U/N Reef (14-080)","M",30.0684761928528,-7.17268085479736,145.01808167,-14.36433125,0.185215,4.550295,35.20601,0.60364,28.454,0.15754,0.00629,0.04103,0.47295,"Habitat Protection",7760539.727,0.352171592418356,0.148455246204833,12359.2859993016
"U/N Reef (14-081)","M",27.4885986254585,-4.66476774215698,145.03501892,-14.39865017,0.26,4.45,35.16,0.69,20.38,0.17,0.00842,0.05687,0.49564,"Habitat Protection",1964386.458,0.568013352314565,0.148642678317216,5874.51040623679
"Ribbon No 10 Reef (14-146)","O",39.9493896826279,-17.8646965026855,145.69813538,-14.82720089,0.103678137254902,4.58757098039216,35.0875111764706,0.730448823529412,14.386486372549,0.106830784313725,0.0055006862745098,0.00922862745098039,0.0358061764705882,"Marine National Park",133912404,0.164800986101027,0.00642285825802212,76331.4380320049
"South Direction Reef (North) (14-147a)","M",23.3919989343709,-8.47079753875732,145.52357483,-14.82437229,0.12,4.675,35.025,0.665,22.175,0.1,0.00845,0.0214,0.30036,"Buffer",1997546.579,0.229955269106825,0.0255879948054447,6083.0667029711
"South Direction Reef (South) (14-147b)","M",23.9880912172323,-9.59507942199707,145.52072144,-14.81170082,0.18,4.61,34.99,0.81,19.52,0.1,0.00845,0.0214,0.30036,"Buffer",1327215.174,0.329159730766447,0.0381414199898676,4371.0356526896
"Ellis Reef (13-059)","I",12.4242819544106,-2.61044311523438,143.70544434,-13.38013554,0.238206666666667,4.43374,35.11129,0.459436666666667,55.0416066666667,0.0676966666666667,0.05051,0.386263333333333,0.357586666666667,"Habitat Protection",7707489.909,0.604941066958502,0.0524799677975269,11692.8905412307
"Blanchard Reef (13-060)","M",16.7369664176559,-5.89804935455322,143.75065613,-13.41682148,0.249141923076923,4.42849730769231,35.0855684615385,0.584867692307692,59.8422130769231,0.0655465384615385,0.0589007692307692,0.275230769230769,0.337885384615385,"Habitat Protection",35401477.34,0.265452256148466,0.0305637291800676,27078.8629043148
"U/N Reef (13-061a)","O",40.9821801778435,-5.95679807662964,143.97453308,-13.39894772,0.372479,4.434019,35.139913,0.543506,16.234682,0.069198,0.005768,0.02926,0.155836,"Preservation",11079414.51,0.434414545200136,0.0224667022309287,16274.1011866443
"U/N Reef (13-061b)","O",41.1128674891085,-9.68439960479736,143.97590637,-13.42455959,0.3664825,4.4232875,35.1710725,0.5233675,17.3478575,0.0699025,0.00546,0.03544,0.18866,"Marine National Park",2630799.845,0.302768166089965,0.0216078922182139,5941.24061474009
"Grub Reef (14-003)","M",32.1230979579517,-1.24653327465057,143.98217773,-14.00527954,0.253208,4.378942,35.3285915,0.638018,47.46559,0.048476,0.008082,0.0781445,0.7189895,"Marine National Park",28903433.62,0.658703733418913,0.00864155434317501,60409.5655772618
"Keast Shoal (14-004)","I",26.422628780158,-21.1662578582764,143.93527222,-14.05226326,NaN,NaN,NaN,NaN,NaN,NaN,NaN,NaN,NaN,NaN,79538.58889,0.72816620990464,0.0207728153195564,1087.77229114864
"Cameron Shoal (14-005)","I",26.0284510980045,-19.0830745697021,143.93186951,-14.05947208,NaN,NaN,NaN,NaN,NaN,NaN,NaN,NaN,NaN,NaN,118882.4676,0.72816620990464,0.0207728153195564,1371.7288547284
"Fahey Reef (14-006)","I",18.1562444847707,-4.18162202835083,143.8589325,-14.06368637,NaN,NaN,NaN,NaN,NaN,NaN,NaN,NaN,NaN,NaN,342073.3751,0.663334714481573,0.0114672227204555,2134.55558396442
"Taiwan Shoal (14-007)","I",25.2890967096245,-21.478494644165,143.92588806,-14.06640339,NaN,NaN,NaN,NaN,NaN,NaN,NaN,NaN,NaN,NaN,135456.0428,0.72816620990464,0.0207728153195564,1387.86140731631
"Crescent Reef (14-082)","M",29.4179481697055,-9.36928844451904,145.08926392,-14.4156599,0.18006125,4.563384375,35.18581375,0.61478625,22.048731875,0.177036875,0.008319375,0.05951875,0.481448125,"Habitat Protection",29348161.98,0.579838569449351,0.0926032486008703,30575.7523391223
"Parke Reef (14-083)","O",47.0085133483692,-14.697377204895,145.32247925,-14.4195385,0.137779565217391,4.58757782608696,35.1319095652174,0.676092173913043,13.3762930434783,0.176696956521739,0.00419913043478261,0.013355652173913,0.227739130434783,"Habitat Protection",26656673.07,0.0892559117411188,0.00323673696454762,22531.9823810798
"U/N Reef (14-084)","M",23.9001494761622,-3.24805498123169,145.04402161,-14.44357872,NaN,NaN,NaN,NaN,NaN,NaN,NaN,NaN,NaN,NaN,979137.0303,0.797347740667976,0.107760314341847,4045.34812095234
"Hilder Reef (14-085)","O",47.3940901994228,-8.4592809677124,145.41036987,-14.44501114,0.146401111111111,4.58271555555556,35.1178544444444,0.694985555555556,12.6144633333333,0.160045555555556,0.0045,0.01188,0.10428,"Preservation",13034744.2,0.272047313860421,0.0428541894326472,14183.4457935349
"U/N Reef (14-149)","M",31.3637811712087,-24.385913848877,145.61833191,-14.84252357,0.103596170212766,4.65225872340426,35.0873487234043,0.665404255319149,15.6347006382979,0.113071914893617,0.00601702127659574,0.0132934042553191,0.105934893617021,"Habitat Protection",54990690.1,0.0320269465210092,0.00369676079197335,33955.249364506
"U/N Reef (14-150)","M",23.590378037767,-8.71192836761475,145.55728149,-14.88309574,0.11,4.69,35.02,0.66,30.1,0.06,0.00758,0.0146,0.15269,"Habitat Protection",1181413.643,0.49430709173715,0.016590761223162,4653.52726918263
"No 10 Patches (No 1) (14-151)","O",36.6843047037519,-8.27613353729248,145.69042969,-14.91990566,0.10413,4.57598,35.12981,0.62646,18.43659,0.10082,0.00635,0.01482,0.05776,"Marine National Park",898719.2465,0.471278756420829,0.0418236398608233,3586.30941273271
"No 10 Patches (No 2) (14-152)","O",35.6301165244542,-6.80634069442749,145.68173218,-14.93192387,NaN,NaN,NaN,NaN,NaN,NaN,NaN,NaN,NaN,NaN,1809813.305,0.551839287607336,0.00583059472066151,5193.15498127762
"No 10 Patches (No 3) (14-153a)","O",36.4088149870017,-8.30650234222412,145.69018555,-14.95040894,NaN,NaN,NaN,NaN,NaN,NaN,NaN,NaN,NaN,NaN,2564148.03,0.557294787297783,0.00741461953265428,6672.93619392404
"No 10 Patches (No 4) (14-153b)","O",35.8362548608681,-18.4824504852295,145.68621826,-14.96847725,NaN,NaN,NaN,NaN,NaN,NaN,NaN,NaN,NaN,NaN,153245.6137,0.304702194357367,0.112225705329154,1475.38969232885
"Sand Bank No 7 Reef (13-061c)","O",41.4767028741007,-5.63980388641357,143.97851563,-13.43976307,0.397335,4.40173,35.1804,0.52082,11.91443,0.069615,0.00546,0.03544,0.18866,"Marine National Park",2266542.243,0.559063528004443,0.0223437433246465,7164.82015294631
"Roskruge Reef (13-062)","I",3.54837842606637,-5.88918018341064,143.62867737,-13.41608715,0.24817,4.43038,35.06445,0.63665,59.63479,0.05553,0.09127,0.50162,0.25378,"Marine National Park",399768.7732,0.40799317856911,0.0274385814946051,2485.89183200201
"U/N Reef (13-063)","M",23.7470129487479,-10.9259281158447,143.81530762,-13.42310429,0.304583684210526,4.42943526315789,35.0934384210526,0.612903157894737,43.3029452631579,0.0674005263157895,0.0122068421052632,0.0449242105263158,0.310078947368421,"Habitat Protection",21421037.51,0.358245347374897,0.0325615901709054,19051.6677905618
"North Khandalla Shoal (13-064)","I",10.191168663761,-19.6806926727295,143.68893433,-13.42867851,0.225,4.43402,35.13207,0.47907,56.37639,0.06932,0.06893,0.46035,0.31324,"General Use",147148.4092,0.316667420551485,0.028286446478565,1456.49078366855
"Drake Shoal (13-065)","I",12.1284649743549,-19.1164054870605,143.70610046,-13.43428612,NaN,NaN,NaN,NaN,NaN,NaN,NaN,NaN,NaN,NaN,691154.9583,0.079608938547486,0.00181564245810056,2999.65612252415
"South Khandalla Shoal (13-066)","I",10.6581322328222,-19.4131317138672,143.69161987,-13.43684864,NaN,NaN,NaN,NaN,NaN,NaN,NaN,NaN,NaN,NaN,91607.87073,0.316667420551485,0.028286446478565,1200.97504752559
"Quake Reef (13-068)","I",7.33716775609424,-7.39224338531494,143.65106201,-13.45235825,NaN,NaN,NaN,NaN,NaN,NaN,NaN,NaN,NaN,NaN,77540.97287,0.354943632791828,0.0255286332550762,1072.68154172966
"Bell Bank (North) (13-069)","I",5.46142225497801,-2.30474042892456,143.62536621,-13.45379353,NaN,NaN,NaN,NaN,NaN,NaN,NaN,NaN,NaN,NaN,1001843.44,0.354943632791828,0.0255286332550762,3858.75294957
"Bell Bank (South) (13-070)","I",6.49550949836879,-4.28646183013916,143.62139893,-13.46678734,NaN,NaN,NaN,NaN,NaN,NaN,NaN,NaN,NaN,NaN,447159.4229,0.354943632791828,0.0255286332550762,2538.32576329828
"Heath Reef (13-071)","I",11.4591042047246,-16.0194187164307,143.68113708,-13.47515297,NaN,NaN,NaN,NaN,NaN,NaN,NaN,NaN,NaN,NaN,727378.1479,0.24178069585515,0.0182232203825898,3167.02086589531
"Eden Reef (14-008)","I",23.8129727982142,-3.48286294937134,143.91389465,-14.07781029,0.22,4.48,35.49,0.64,44.98,0.02,0.01006,0.09149,0.71894,"Habitat Protection",939983.6777,0.72816620990464,0.0207728153195564,3494.48926228374
"Clark Shoal (14-009)","I",25.5088273859197,-12.0236673355103,143.93676758,-14.12939835,0.20506,4.45776,35.52387,0.58713,46.41132,0.03169,0.0082,0.07596,0.71799,"General Use",458031.4853,0.713785231029578,0.0207728153195564,2561.28984513233
"U/N Reef (14-010)","I",0.784126743314896,-0.650057435035706,143.70248413,-14.14096928,0.234703333333333,4.414045,35.5940766666667,0.707711666666667,33.47806,0.0550783333333333,0.0929366666666667,0.668523333333333,0.141058333333333,"Conservation Park",10093423.2,0.346510960261177,0.0215729859097625,30051.3053409971
"Olive Patch (14-011)","I",24.0679641979702,-6.86482810974121,143.93307495,-14.17860126,NaN,NaN,NaN,NaN,NaN,NaN,NaN,NaN,NaN,NaN,334874.2465,0.713785231029578,0.0207728153195564,2116.69322708059
"Cliff Islands Reef (West) (14-012)","I",6.57991083656514,-1.77414417266846,143.7739563,-14.22058868,0.24,4.37,35.7,0.7,48.83,0.06,0.07059,0.63356,0.20493,"Marine National Park",2102592.063,0.346510960261177,0.0207728153195564,5748.36156942931
"Cliff Islands Reef (East) (14-013)","I",8.03264676959644,-0.954822063446045,143.79229736,-14.22569561,NaN,NaN,NaN,NaN,NaN,NaN,NaN,NaN,NaN,NaN,651549.3015,0.346510960261177,0.0207728153195564,3015.78204786455
"U/N Reef (14-014)","I",0.745005341641244,-0.769830167293549,143.730896,-14.25510216,0.239785,4.38821,35.761385,0.6820125,36.60451,0.0050775,0.10788,0.71188,0.08317,"Marine National Park",4582277.814,0.346510960261177,0.0207728153195564,10351.426615189
"June Reef (14-015)","I",5.14937348044059,-2.44393873214722,143.7796936,-14.28871727,0.2448,4.40095,35.73518,0.7127,54.52728,0.02035,0.13113,0.73401,0.02813,"Marine National Park",742148.8184,0.346510960261177,0.0207728153195564,3396.46248367557
"Hicks Reef (14-086)","O",50.4214183493561,-11.5562171936035,145.4821167,-14.45256233,0.131036,4.579819,35.107418,0.686714,10.073643,0.150407,0.005307,0.011438,0.064051,"Habitat Protection",23761377.88,0.287111305559607,0.0388248829258017,21498.7135391276
"Snake Reef (14-087)","M",20.0780766107338,-1.39690554141998,145.02529907,-14.47311687,0.202416666666667,4.55902,35.2003266666667,0.5961,22.99151,0.129003333333333,0.01442,0.13741,0.58403,"Habitat Protection",11632311.49,0.374154615365512,0.0214067531435478,12801.6005861196
"Waining Reef (14-088)","M",37.9784134099862,-14.9879703521729,145.22224426,-14.45621586,0.160549230769231,4.58890085470085,35.1576744444444,0.623743418803419,17.7185935042735,0.181214102564103,0.00583615384615385,0.0331633333333333,0.387461282051282,"Habitat Protection",151335389.2,0.110487747934239,0.0103719037443565,56753.7274181556
"Day Reef (14-089)","O",50.12475034528,-12.3037233352661,145.53677368,-14.49668884,0.12368625,4.579588125,35.093366875,0.7245825,6.64023625,0.11215,0.00482625,0.01392625,0.0534875,"Scientific Research",23858269.08,0.262507108029957,0.0136998455389802,20427.132413086
"Ribbon No 9 Reef (14-154)","O",37.6513975965093,-17.8170433044434,145.70335388,-14.99295044,0.0973247058823529,4.57062235294118,35.1089005882353,0.70663,13.83313,0.143206470588235,0.00644294117647059,0.0157641176470588,0.0490170588235294,"Habitat Protection",21525626.45,0.295417950856597,0.0123951275864068,21481.8238381299
"U/N Reef (14-159a)","I",18.6481027089648,-22.5009803771973,144.70373535,-14.123209,NaN,NaN,NaN,NaN,NaN,NaN,NaN,NaN,NaN,NaN,43841.03187,0.264183864909656,0.184699906245683,782.128664114048
"U/N Reef (14-159b)","I",17.5172731903597,-16.9977359771729,144.69979858,-14.13428593,NaN,NaN,NaN,NaN,NaN,NaN,NaN,NaN,NaN,NaN,29224.64643,0.264183864909656,0.184699906245683,648.793463880975
"U/N Reef (14-160)","O",28.9883146755222,-23.0911560058594,144.85940552,-14.19372177,NaN,NaN,NaN,NaN,NaN,NaN,NaN,NaN,NaN,NaN,56015.30668,0.317339593730003,0.0406711805951475,888.947028772305
"U/N Reef (14-161)","M",26.2585477984358,-29.4683723449707,143.92962646,-14.01922894,0.19,4.47,35.35,0.35,56.65,0.04,0.00662,0.08283,0.71941,"Marine National Park",1411799.645,0.591426349132652,0.0609716380112647,4389.03771363221
"U/N Reef (14-162)","I",0.0842075625290445,4.50654315948486,144.71105957,-14.55679035,NaN,NaN,NaN,NaN,NaN,NaN,NaN,NaN,NaN,NaN,79572.02138,0.346510960261177,0.351348037493827,2417.74029547285
"U/N Reef (14-163)","M",12.2580045834237,-7.23076009750366,145.45413208,-14.90861607,NaN,NaN,NaN,NaN,NaN,NaN,NaN,NaN,NaN,NaN,417874.027,0.193333333333333,0.213793103448276,2417.83013546877
"Ada Bank (15-001)","M",12.1665208031481,-21.6096820831299,145.46420288,-15.00384617,NaN,NaN,NaN,NaN,NaN,NaN,NaN,NaN,NaN,NaN,702428.1584,0.273121114525658,0.0535797531772016,3053.26747445612
"Morris Island Reef (13-072)","M",17.3976307297896,-3.59947991371155,143.73855591,-13.48629475,0.232392142857143,4.43321428571429,35.1040921428571,0.642537857142857,55.333955,0.0892892857142857,0.03559,0.276251428571429,0.501809285714286,"Habitat Protection",15402784.62,0.380280892869497,0.0222902895096011,17062.1557530363
"U/N Reef (13-073)","O",43.6465903848313,-16.9002246856689,143.99581909,-13.46698475,NaN,NaN,NaN,NaN,NaN,NaN,NaN,NaN,NaN,NaN,110679.6517,0.40489712761225,0.0177193503911883,1241.68739626916
"U/N Reef (13-074)","O",49.9040447162748,-5.06990909576416,144.05264282,-13.47808075,0.405422727272727,4.43130636363636,35.1820818181818,0.509249090909091,28.8858181818182,0.0278663636363636,0.00476818181818182,0.0212045454545455,0.110361818181818,"Marine National Park",13417935.67,0.352859688742343,0.00920641563070441,17267.5785009864
"MacDonald Reef (13-075)","I",8.56306527550607,-10.4779167175293,143.65530396,-13.54245853,NaN,NaN,NaN,NaN,NaN,NaN,NaN,NaN,NaN,NaN,210596.5254,0.308295278330086,0.0186140872791551,1698.98408887925
"Corbett Reef (14-016)","M",32.3722739121771,-3.94415140151978,144.11610413,-13.97915649,0.28090202247191,4.38073988764045,35.2384866853933,0.645257078651685,37.9415940449438,0.0621788764044944,0.0152492696629213,0.075642808988764,0.642619606741573,"Marine National Park",223273075.5,0.395557757232582,0.0286650148660969,98754.9073753104
"Clack Reef (14-017)","M",20.9047489839813,-1.45452737808228,144.24232483,-14.06813049,0.278675454545455,4.33412818181818,35.2410181818182,0.635526363636364,42.1900672727273,0.11409,0.02108,0.15469,0.61824,"Marine National Park",12898824.99,0.608191822753444,0.0223725605689952,16577.4470541404
"King Island Reef (14-018)","I",20.2314436669773,-5.53496932983398,144.32124329,-14.09972095,0.2821,4.38068,35.2299566666667,0.670016666666667,51.69966,0.2841,0.02048,0.345166666666667,0.46477,"Marine National Park",3721958.05,0.450148095618424,0.0165806259580168,16041.7393401793
"Aylen Patch (14-019)","I",7.74466934877415,-22.0030384063721,144.48490906,-14.1037178,NaN,NaN,NaN,NaN,NaN,NaN,NaN,NaN,NaN,NaN,755170.9783,0.305871074777671,0.0954546304791634,3205.47956071388
"Oswald Shoal (14-020)","I",6.9164460054795,-11.5589561462402,144.49787903,-14.10725403,0.3,4.33,35.19,0.7,57.95,0.14,0.0349,0.27523,0.47272,"General Use",744208.1689,0.305871074777671,0.0954546304791634,3536.35940483441
"Howick Reef (14-090)","I",13.9079320568163,-1.51886916160583,144.97001648,-14.50333881,0.23728,4.458575,35.15723,0.67503,20.201885,0.134535,0.0176,0.25193,0.57271,"Conservation Park",3311366.757,0.47884989130374,0.0380976410246161,12035.5539210218
"Noble Reef (14-091)","I",5.18007562050309,-4.13228225708008,144.76498413,-14.5015974,NaN,NaN,NaN,NaN,NaN,NaN,NaN,NaN,NaN,NaN,609409.3692,0.216764301884427,0.351348037493827,4207.28112035001
"Two Islands Reef (15-002)","M",10.4793566464749,-2.76876497268677,145.44151306,-15.02282429,NaN,NaN,NaN,NaN,NaN,NaN,NaN,NaN,NaN,NaN,1876194.975,0.273121114525658,0.0535797531772016,5452.87193446588
"Low Wooded Reef (15-003)","I",11.0517951194805,-3.1010046005249,145.37962341,-15.09353924,0.17913,4.59233,35.00711,0.68393,41.70037,0.08185,0.02972,0.17715,0.47452,"Habitat Protection",879768.4658,0.296872667560109,0.0535797531772016,4958.30882614228
"Murray Reefs (No  1) (15-004a)","I",0.56527086371555,-3.05850172042847,145.26332092,-15.09548569,NaN,NaN,NaN,NaN,NaN,NaN,NaN,NaN,NaN,NaN,73196.1026,0.346510960261177,0.104816033754636,1041.22099731712
"Murray Reefs (No  2) (15-004b)","I",0.900618732437749,-5.51085376739502,145.26872253,-15.09468842,NaN,NaN,NaN,NaN,NaN,NaN,NaN,NaN,NaN,NaN,291786.5288,0.346510960261177,0.104816033754636,2103.57873257708
"Murray Reefs (No  3) (15-004c)","I",1.15982220999808,-3.52691245079041,145.2641449,-15.10084438,NaN,NaN,NaN,NaN,NaN,NaN,NaN,NaN,NaN,NaN,46283.94412,0.346510960261177,0.104816033754636,847.843491055776
"Ogilvie Reef (13-076)","M",23.0137262621851,-4.60754346847534,143.79095459,-13.52589226,0.27223724137931,4.42357413793103,35.1116803448276,0.656108620689655,49.4880796551724,0.0945131034482759,0.0133524137931034,0.119134137931034,0.52337275862069,"Marine National Park",37560882.42,0.469745244232877,0.0549970651542906,38587.3191552669
"U/N Reef (13-077)","M",29.6692659697236,-9.80738353729248,143.85205078,-13.55240631,0.349413939393939,4.40082227272727,35.1112239393939,0.660278484848485,38.635935,0.127308333333333,0.00600166666666667,0.0672386363636364,0.43817303030303,"Marine National Park",80483620.25,0.354422337602955,0.0376252158375097,47681.1880672241
"Wharton Reef (14-022)","I",25.8627152146769,-3.65805244445801,144.00228882,-14.12823677,0.26,4.32,35.39,0.71,45.59,0.02,0.00939,0.06632,0.71194,"Habitat Protection",1142843.548,0.768866728640243,0.0389588439110961,4488.26847657624
"Atkinson Reef (14-023)","I",17.2411026645748,-11.6046800613403,144.30235291,-14.12132931,NaN,NaN,NaN,NaN,NaN,NaN,NaN,NaN,NaN,NaN,203673.3139,0.346510960261177,0.0223725605689952,1728.51154913887
"Channel Rocks Reef (14-024)","I",4.22648801544852,-18.7188930511475,144.48410034,-14.14257717,NaN,NaN,NaN,NaN,NaN,NaN,NaN,NaN,NaN,NaN,358589.4417,0.305871074777671,0.0954546304791634,2373.11340573797
"Boulder Rock Reef (14-025)","I",3.7390436856379,-13.3598690032959,144.4851532,-14.14838314,NaN,NaN,NaN,NaN,NaN,NaN,NaN,NaN,NaN,NaN,258982.2761,0.305871074777671,0.0954546304791634,1979.75990346181
"Stanley Island Reef (No 1) (14-026a)","I",13.0591101402841,-2.29206848144531,144.24606323,-14.14079285,NaN,NaN,NaN,NaN,NaN,NaN,NaN,NaN,NaN,NaN,871690.7875,0.346510960261177,0.0257209914054042,6859.5612659402
"Newton Reef (14-092)","I",11.8959113209103,-2.57492303848267,144.915802,-14.5055275,0.2172,4.50364,35.20819,0.61648,24.99941,0.14406,0.01883,0.34083,0.54013,"Habitat Protection",635426.0394,0.470150120868286,0.0427627394561693,3842.03605913961
"Sand Reef (14-093)","I",8.06159199173904,-9.15311050415039,144.84501648,-14.52162933,NaN,NaN,NaN,NaN,NaN,NaN,NaN,NaN,NaN,NaN,61594.75169,0.470150120868286,0.0427627394561693,929.054079284006
"Houghton Reef (14-094)","I",12.1554372278124,-2.64370250701904,144.97320557,-14.52409172,NaN,NaN,NaN,NaN,NaN,NaN,NaN,NaN,NaN,NaN,891771.4978,0.47884989130374,0.0380976410246161,5358.87305463755
"U/N Reef (14-096)","I",8.16366125351682,-4.72878932952881,144.85603333,-14.53952599,NaN,NaN,NaN,NaN,NaN,NaN,NaN,NaN,NaN,NaN,73639.7256,0.470150120868286,0.0427627394561693,1054.32148625646
"Coquet Reef (14-097)","I",12.2910516499128,-2.86818599700928,144.99267578,-14.53987789,NaN,NaN,NaN,NaN,NaN,NaN,NaN,NaN,NaN,NaN,754822.743,0.47884989130374,0.0380976410246161,4312.17389541864
"Three Islands Reef (15-005)","I",15.2642050382337,-2.05645704269409,145.4223938,-15.11523628,0.18,4.61,35,0.69,39.16,0.09,0.0157,0.12017,0.43593,"Marine National Park",1653061.675,0.24253503847308,0.0454568148538802,5201.11745155342
"Conical Rock Reef (15-006)","I",8.02387655631553,-3.2827308177948,145.31759644,-15.13833618,0.190823333333333,4.50600333333333,34.8937666666667,0.804606666666667,49.4927533333333,0.0699366666666667,0.04104,0.44068,0.33765,"Habitat Protection",1645747.766,0.346510960261177,0.0438443020914287,6366.68214630288
"U/N Reef (15-007)","I",1.29317256799657,-2.25833678245544,145.24746704,-15.15592575,NaN,NaN,NaN,NaN,NaN,NaN,NaN,NaN,NaN,NaN,1054992.653,0.346510960261177,0.0438443020914287,4370.16936453297
"Beor Reef (15-008)","I",3.32964968492716,-4.50744819641113,145.26821899,-15.15889835,NaN,NaN,NaN,NaN,NaN,NaN,NaN,NaN,NaN,NaN,385785.5164,0.346510960261177,0.0438443020914287,2662.02862502246
"Forrester Reef (15-009)","M",17.870421469498,-3.97925066947937,145.49612427,-15.16672802,0.14457,4.558008,35.072752,0.688572,42.038322,0.034854,0.01186,0.075934,0.332038,"Habitat Protection",14392506.25,0.125210057405678,0.0312396216460662,14781.893728431
"U/N Reef (15-010)","I",0.949600606896634,-2.22786974906921,145.24674988,-15.17649174,NaN,NaN,NaN,NaN,NaN,NaN,NaN,NaN,NaN,NaN,586992.9362,0.346510960261177,0.04430454285216,3166.38351420144
"Petty Patch (15-011)","I",1.57826801146693,-10.5843553543091,145.3425293,-15.21461678,NaN,NaN,NaN,NaN,NaN,NaN,NaN,NaN,NaN,NaN,251245.9239,0.346510960261177,0.04430454285216,1904.53310484745
"U/N Reef (13-078)","M",38.3235704319328,-8.21957397460938,143.92167664,-13.64098835,0.345445,4.418485,35.16024,0.618605,34.584245,0.07683,0.00681,0.07148,0.4646,"Habitat Protection",2648601.048,0.511008872822872,0.0877423595136379,7416.95172926835
"Noddy Reef (No 1) (13-079a)","M",26.709365277217,-2.19074416160583,143.7923584,-13.68203926,0.266694705882353,4.41448794117647,35.1596558823529,0.738705294117647,56.1296605882353,0.124039411764706,0.00725558823529412,0.104309117647059,0.740931764705882,"Habitat Protection",42983978.77,0.272245378658398,0.0410758397679703,37191.4898714885
"Noddy Reef (No 2) (13-079b)","M",27.7378831655704,-6.75558567047119,143.8249054,-13.6243248,0.307955,4.4147825,35.10737,0.737755,38.8014225,0.083945,0.0058175,0.0918825,0.6245125,"Habitat Protection",9064660.957,0.360668517727467,0.0367471166168304,25059.3784104174
"Noddy Reef (No 3) (13-079c)","M",36.1097366216606,-8.41584300994873,143.90786743,-13.6067009,0.358412307692308,4.40945692307692,35.1205715384615,0.678870769230769,30.7641969230769,0.0860638461538462,0.00551384615384615,0.0650230769230769,0.418557692307692,"Habitat Protection",14278556.87,0.455198785051798,0.0410384010413842,22611.3298612538
"Stanley Island Reef (No 2) (14-026b)","I",12.1981468736586,1.86620461940765,144.2540741,-14.15140057,NaN,NaN,NaN,NaN,NaN,NaN,NaN,NaN,NaN,NaN,538231.0178,0.346510960261177,0.0257209914054042,5720.76319258886
"Stanley Island Reef (No 3) (14-026c)","I",10.2605472946223,0.825452089309692,144.23217773,-14.16351414,NaN,NaN,NaN,NaN,NaN,NaN,NaN,NaN,NaN,NaN,176810.8682,0.346510960261177,0.0257209914054042,1885.59718392207
"Stanley Island Reef (No 4) (14-026d)","I",8.87722424674919,-5.01489686965942,144.21936035,-14.17449474,NaN,NaN,NaN,NaN,NaN,NaN,NaN,NaN,NaN,NaN,725628.0942,0.346510960261177,0.0257209914054042,4745.87154763142
"Stanley Island Reef (No 5) (14-026e)","I",10.2726210584757,-12.8877658843994,144.21647644,-14.16182899,0.264365,4.319585,35.331925,0.615005,55.49899,0.04554,0.02973,0.285165,0.56125,"Conservation Park",2761759.588,0.346510960261177,0.0257209914054042,9406.49897964008
"U/N Reef (14-028)","M",17.9481029427906,-7.20775604248047,144.73506165,-14.17453384,0.260134827586207,4.42300827586207,35.1786179310345,0.665590689655172,28.5588610344828,0.162637931034483,0.011398275862069,0.132589655172414,0.477985862068966,"Marine National Park",34008097.49,0.450736142900497,0.0982866348441918,24846.5700920344
"MacLear Reef (14-029)","I",6.0578414331604,-2.88398170471191,144.24589539,-14.20897293,NaN,NaN,NaN,NaN,NaN,NaN,NaN,NaN,NaN,NaN,101921.083,0.346510960261177,0.0257209914054042,1486.66024560991
"Miles Reef (North) (14-098a)","I",8.10140459282613,-10.4920349121094,144.92166138,-14.54079914,0.21421,4.49204,35.20043,0.62419,20.91863,0.1344,0.02248,0.35301,0.53484,"Habitat Protection",107809.3612,0.47884989130374,0.0380976410246161,1299.1057781738
"Miles Reef (South) (14-098b)","I",7.64981650163943,-7.10556221008301,144.91864014,-14.54436874,NaN,NaN,NaN,NaN,NaN,NaN,NaN,NaN,NaN,NaN,130111.1298,0.47884989130374,0.0380976410246161,1403.33142269614
"Leggatt Reef (14-099)","I",7.04975099520223,-1.37812077999115,144.87019348,-14.54813004,0.27,4.33,35.15,0.75,20.32,0.11433,0.04586,0.48927,0.38846,"Marine National Park",372717.6604,0.470150120868286,0.0427627394561693,2114.02877699165
"U/N Reef (14-100)","I",6.89440475457382,-3.43709063529968,144.85015869,-14.55084801,0.23948,4.41014,35.18298,0.68743,21.73309,0.09856,0.08381,0.64877,0.19092,"Preservation",81100.68835,0.470150120868286,0.0427627394561693,1121.70280171693
"Sinclair-Morris Reef (14-101)","I",6.51644194198876,-2.01032114028931,144.90519714,-14.55351067,NaN,NaN,NaN,NaN,NaN,NaN,NaN,NaN,NaN,NaN,545801.199,0.47884989130374,0.0380976410246161,2791.52702893789
"Hampton Reef (14-102)","I",5.25267213162055,-2.1467502117157,144.88925171,-14.56277466,0.27,4.28,35.13,0.74,17.58,0.11677,0.12494,0.65685,0.14535,"Marine National Park",808052.3266,0.47884989130374,0.0380976410246161,4156.18376075487
"Beatrice Reef (14-103)","I",4.81062732708604,-7.75348520278931,144.92724609,-14.57393074,NaN,NaN,NaN,NaN,NaN,NaN,NaN,NaN,NaN,NaN,326132.4729,0.47884989130374,0.0380976410246161,2400.18576073037
"Boulder Reef (15-012)","I",16.1621674173209,-3.87313222885132,145.43144226,-15.41388798,0.192733333333333,4.50053333333333,34.86958,0.985913333333333,33.2169516666667,0.0744116666666667,0.0210466666666667,0.104376666666667,0.447863333333333,"Conservation Park",13553642.18,0.372718463866334,0.106497038580805,13755.6222992187
"Egret Reef (15-013)","I",14.8204984080738,-7.64979600906372,145.41749573,-15.47411537,0.190711111111111,4.50078888888889,34.9196322222222,0.968943333333333,36.2529766666667,0.0594088888888889,0.02286,0.136885555555556,0.478204444444444,"Conservation Park",11951889.18,0.408384662507685,0.0791963339280361,12681.7032343574
"Blackbird Patches (North) (15-014a)","I",1.85938460381328,-9.03414916992188,145.28981018,-15.47772884,NaN,NaN,NaN,NaN,NaN,NaN,NaN,NaN,NaN,NaN,61779.22212,0.346510960261177,0.0829593676362138,979.781529787838
"Blackbird Patches (South) (15-014b)","I",1.64661811762506,-10.4544248580933,145.28871155,-15.48388767,NaN,NaN,NaN,NaN,NaN,NaN,NaN,NaN,NaN,NaN,60883.11183,0.346510960261177,0.0829593676362138,956.430891639931
"Tilbrook Bank (15-015)","M",17.170727052522,-32.7164535522461,145.51106262,-15.00606918,0.14293,4.57927,35.10905,0.62001,38.62704,0.0378,0.01203,0.04211,0.25201,"Habitat Protection",799032.7203,0.338885964216053,0.0345926477487567,3320.26823579485
"Gull Reef (15-016)","M",23.349541141308,-14.1835012435913,145.56919861,-15.00490189,NaN,NaN,NaN,NaN,NaN,NaN,NaN,NaN,NaN,NaN,585266.3747,0.422912557527942,0.00312294543063774,2891.83597888627
"U/N Reef (15-017a)","O",37.2670286847592,-12.1250772476196,145.69593811,-15.03404808,0.128275,4.549125,35.04607,0.89852,16.2409,0.13939,0.00512,0.01612,0.07012,"Habitat Protection",3591956.892,0.416504049827582,0.0194605576198241,7855.19844432753
"U/N Reef (15-017b)","O",38.2058835849203,-24.9719638824463,145.70285034,-15.04533005,NaN,NaN,NaN,NaN,NaN,NaN,NaN,NaN,NaN,NaN,98708.70392,0.0740019474196689,0.0983446932814021,1148.31187101005
"U/N Reef (15-017c)","O",35.3610921199888,-19.3396263122559,145.67945862,-15.0241518,NaN,NaN,NaN,NaN,NaN,NaN,NaN,NaN,NaN,NaN,158925.6265,0.0175332527206771,0.0755743651753325,1645.30623452244
"U/N Reef (13-080)","I",1.04112773591397,-3.65148496627808,143.55670166,-13.63815117,0.242947142857143,4.42812571428571,35.1561242857143,0.684081428571429,58.6378114285714,0.0813428571428571,0.0877971428571429,0.450511428571429,0.132494285714286,"Habitat Protection",10517851.6,0.464996003573276,0.0317008197157783,19141.8724548212
"Fife Reef (13-081)","M",19.6792823319624,-1.02857577800751,143.73074341,-13.65333939,0.2185175,4.4417075,35.197945,0.6495275,55.413845,0.1198725,0.00916,0.10185,0.73031,"Habitat Protection",4117978.838,0.464996003573276,0.0317363298697635,9152.49684069501
"Hay Island Reef (13-083)","M",15.639171957624,-3.79881143569946,143.6907196,-13.6692791,NaN,NaN,NaN,NaN,NaN,NaN,NaN,NaN,NaN,NaN,728556.5183,0.416296493155988,0.0307338496294014,4016.28643536444
"U/N Reef (13-084)","M",29.6438167634372,-5.891028881073,143.81729126,-13.70207787,0.24,4.46,35.18,0.67,62.42,0.14,0.0074,0.11535,0.73893,"Habitat Protection",668887.9418,0.51164809723629,0.0193893792504703,3182.19813222071
"Frenchman Reef (13-085)","I",2.74181033005237,-4.1564302444458,143.56437683,-13.72936916,0.22647,4.44272,35.22789,0.71877,56.94107,0.06843,0.14246,0.50977,0.19398,"Habitat Protection",1710671.261,0.464996003573276,0.0307338496294014,7371.35896692475
"Poulsen Reef (13-086)","I",10.5954829248077,-14.1234159469604,143.6388092,-13.73720264,NaN,NaN,NaN,NaN,NaN,NaN,NaN,NaN,NaN,NaN,78931.87297,0.416296493155988,0.0307338496294014,1139.44240420513
"Blackwood Reef (14-031)","I",4.15623308346365,-1.3931976556778,144.22192383,-14.21750355,NaN,NaN,NaN,NaN,NaN,NaN,NaN,NaN,NaN,NaN,1377684.649,0.346510960261177,0.0245639303366337,11418.6872010156
"Denham Reef (14-032)","I",5.48455008508407,-3.12038779258728,144.26789856,-14.2218523,NaN,NaN,NaN,NaN,NaN,NaN,NaN,NaN,NaN,NaN,470987.175,0.346510960261177,0.0257209914054042,4145.46049920749
"Rocky Islets Reef (North) (14-033a)","I",4.19784303507214,-4.51677227020264,144.34783936,-14.25623035,NaN,NaN,NaN,NaN,NaN,NaN,NaN,NaN,NaN,NaN,514892.0759,0.346510960261177,0.0930653781090184,3098.10113212543
"Rocky Islets Reef (South) (14-033b)","I",2.38635793679472,-4.45649337768555,144.35614014,-14.27101898,NaN,NaN,NaN,NaN,NaN,NaN,NaN,NaN,NaN,NaN,188117.1228,0.346510960261177,0.216555300390431,2079.75242211932
"U/N Reef (14-034)","O",26.4682191015658,-5.5225510597229,144.74775696,-14.06616116,0.244341074380165,4.45225909090909,35.1365685950413,0.644891983471074,24.9273463636364,0.0331410743801653,0.00874338842975207,0.0309271074380165,0.235759752066116,"Marine National Park",168704896.1,0.2063037200116,0.0360881793238121,103774.423927209
"U/N Reef (14-035)","I",18.0920197521661,-10.871955871582,144.66711426,-14.0890255,0.223245,4.452515,35.17211,0.63799,41.020215,0.082695,0.01059,0.05837,0.58339,"Marine National Park",1874644.968,0.230559555646986,0.200267434684221,5297.90505903917
"Pipon Shoals (14-036)","I",8.41974402245489,-23.0159797668457,144.53530884,-14.09478951,0.250525,4.433065,35.210355,0.610305,46.3425,0.112225,0.027705,0.20273,0.50642,"General Use",1167601.88,0.231443636650337,0.158364526184259,4980.33392486899
"Melanie Patches (14-037)","I",10.0423849810436,-10.6871061325073,144.57701111,-14.10134888,NaN,NaN,NaN,NaN,NaN,NaN,NaN,NaN,NaN,NaN,680501.9629,0.231443636650337,0.158364526184259,3739.09104467545
"Murdoch Reef (14-104)","I",2.8275634625039,-0.998452544212341,144.93525696,-14.61428642,0.265,4.325,35.115,0.745,6.27,0.10519,0.05834,0.54509,0.32145,"Marine National Park",3302365.536,0.47884989130374,0.0380976410246161,9026.3602410968
"U/N Reef (14-105)","I",1.37336634601095,-0.897967278957367,144.92219543,-14.63728428,0.23034,4.427205,35.1473425,0.6914,13.37854,0.0971425,0.0962225,0.5697025,0.2594075,"Marine National Park",6032976.968,0.711542308461692,0.0380976410246161,24201.725881474
"Rocky Ledges (14-106)","I",0.477798312697034,-0.939628064632416,144.95262146,-14.68451023,NaN,NaN,NaN,NaN,NaN,NaN,NaN,NaN,NaN,NaN,1252566.294,0.346510960261177,0.0380976410246161,6385.15357886534
"U/N Reef (14-107a)","I",4.46230985675235,-3.48224186897278,144.9936676,-14.71187115,NaN,NaN,NaN,NaN,NaN,NaN,NaN,NaN,NaN,NaN,249860.6383,0.346510960261177,0.0380976410246161,1957.19620143979
"U/N Reef (14-107b)","I",3.8707884068956,-3.039963722229,144.98652649,-14.71438885,NaN,NaN,NaN,NaN,NaN,NaN,NaN,NaN,NaN,NaN,62165.18069,0.346510960261177,0.0380976410246161,921.731527563695
"U/N Reef (14-108)","I",0.209181899405768,-1.04141938686371,144.95266724,-14.71846771,0.23089,4.41688,35.11074,0.70907,12.06273,0.07935,0.11988,0.63497,0.17362,"Marine National Park",1589255.625,0.346510960261177,0.0380976410246161,7426.54187515256
"Fly Reef (14-109)","M",29.0730979537266,-2.50888323783875,145.15846252,-14.50730419,NaN,NaN,NaN,NaN,NaN,NaN,NaN,NaN,NaN,NaN,1425476.438,0.427330034655909,0.0465129904099171,4967.46520503361
"Underwood Shoal (14-110)","M",37.2835346384591,-22.833080291748,145.4662323,-14.59091663,0.12101,4.64047,35.14486,0.61078,11.43233,0.15705,0.00446,0.01247,0.1611,"Habitat Protection",595796.5585,0.355277367273172,0.0304329480947925,2878.84111486657
"Covered Reef (14-111)","I",18.8350724657499,-14.3766384124756,145.1781311,-14.66032028,0.16898,4.57523,35.10776,0.61145,18.01792,0.08582,0.01018,0.24529,0.63181,"Habitat Protection",328915.812,0.346510960261177,0.020617948285943,2134.93080386896
"Stewart Shoal (14-112)","M",35.6050741118512,-24.199146270752,145.46826172,-14.61452484,NaN,NaN,NaN,NaN,NaN,NaN,NaN,NaN,NaN,NaN,430222.4547,0.355277367273172,0.0304329480947925,2582.41531410168
"Pasco Reef (15-018)","M",20.5074413056305,-11.9139785766602,145.53305054,-15.04456997,0.137266666666667,4.57497,35.1000133333333,0.638846666666667,35.57197,0.0483066666666667,0.00864,0.02956,0.18026,"Habitat Protection",2490762.691,0.356187613211547,0.0257447874513431,5773.15115680375
"Long Reef (15-019)","M",24.4924651271567,-14.8366718292236,145.57000732,-15.05088806,0.124349,4.588036,35.07792,0.669985,31.885793,0.054586,0.006995,0.023386,0.124078,"Habitat Protection",11166794.22,0.163471787642265,0.0136505862531376,13797.7021867737
"Strickland Reef (15-020)","M",20.3156267796927,-11.5521459579468,145.51753235,-15.07336807,NaN,NaN,NaN,NaN,NaN,NaN,NaN,NaN,NaN,NaN,749558.2258,0.237557721908671,0.0749102103642894,3661.81596600918
"Ribbon No 8 Reef (15-021a)","O",41.0440034625003,-8.86292839050293,145.72372437,-15.07281303,0.114330909090909,4.53093818181818,35.06203,0.904890909090909,25.1727618181818,0.0818863636363636,0.00568,0.0102554545454545,0.0322181818181818,"Habitat Protection",16402058.94,0.499973671431163,0.0193251695267293,23402.9068019072
"U/N Reef (15-021b)","O",39.1690879005893,-22.3049449920654,145.70516968,-15.07479286,NaN,NaN,NaN,NaN,NaN,NaN,NaN,NaN,NaN,NaN,202486.7545,0.259448175193817,0.0479558875714295,1807.01549016099
"U/N Reef (15-022)","M",33.0041981044521,-15.7694730758667,145.63641357,-15.0979948,0.11,4.598,35.064,0.79,28.256,0.056,0.00636,0.01702,0.08226,"Habitat Protection",5891840.481,0.229202027221886,0.0248682725111304,9488.63254133629
"U/N Reef (15-023)","M",36.2414704514951,-16.8485126495361,145.67022705,-15.09437656,0.146666666666667,4.55666666666667,35.0066666666667,1.00666666666667,26.6233333333333,0.08,0.00545,0.01439,0.06782,"Habitat Protection",3683941.152,0.204368906730619,0.0261977999061571,8359.50549862482
"Magpie Reef (13-087)","M",29.178547784848,-2.19087672233582,143.8379364,-13.75963593,0.28657234375,4.4136053125,35.1967446875,0.7030059375,51.1183575,0.07345625,0.00881921875,0.116560625,0.6944771875,"Habitat Protection",83663987.49,0.293465226084513,0.030679635452383,65631.0161981564
"Lytton Reef (13-088)","M",36.5683600977816,-5.19139623641968,143.90577698,-13.74318218,0.327877631578947,4.41017210526316,35.1664342105263,0.720715789473684,39.2688628947368,0.0757134210526316,0.00898973684210526,0.0898878947368421,0.583461842105263,"Habitat Protection",55366669.53,0.385832536796507,0.0301886001163788,54915.0608754126
"U/N Reef (13-089)","M",40.2039326928597,-8.58439445495605,143.94772339,-13.75630569,0.363395,4.395815,35.136865,0.751075,37.289225,0.119725,0.00976,0.06078,0.45313,"Habitat Protection",1613359.93,0.38573996405033,0.0710605152786099,5707.11327928512
"Wilkie Reef (13-091)","I",10.2500346818141,2.78234124183655,143.64048767,-13.77140236,0.20829,4.46765,35.29849,0.68521,59.57398,0.06281,0.05568,0.44981,0.36455,"Habitat Protection",954764.1464,0.368620691115837,0.0307338496294014,3983.86947732346
"Pipon Reef (14-038)","I",5.3847406788673,-3.54970192909241,144.52462769,-14.12029743,0.265123333333333,4.38387333333333,35.2250133333333,0.61915,49.6187466666667,0.125326666666667,0.0349,0.27523,0.47272,"Habitat Protection",3928281.925,0.231443636650337,0.158364526184259,7856.88678705726
"North Warden Reef (14-039)","I",10.7692538724773,-13.6743545532227,144.64640808,-14.16754627,0.238783636363636,4.43752181818182,35.21847,0.631828181818182,34.6387263636364,0.161076363636364,0.0153409090909091,0.254381818181818,0.52809,"Marine National Park",12660640.32,0.111255896181484,0.255545649208635,18269.8182476968
"Singleton Patch (14-040)","I",8.03643091204719,-29.2665138244629,144.60075378,-14.15975761,0.24431,4.45943,35.23902,0.57515,34.37884,0.04755,0.01899,0.2927,0.53074,"General Use",250567.3168,0.253910435111821,0.279465196095527,1900.68317953163
"Petricola Shoal (14-113)","M",35.2180287250557,-25.5460014343262,145.48031616,-14.63325691,0.11,4.7,35.16,0.62,11.27,0.17,0.00454,0.01675,0.11608,"Habitat Protection",609115.2364,0.355277367273172,0.0304329480947925,2957.31374350998
"MacGillivray Reef (14-114)","M",34.8480499689749,-7.62346029281616,145.49102783,-14.6519022,0.18,4.61,35.07,0.75,13.79,0.19,0.00454,0.01675,0.11608,"Scientific Research",915976.0766,0.604155735124357,0.0234022457760521,3572.73840388307
"Nymph Reef (14-115)","I",19.8565691927774,-0.57485431432724,145.25215149,-14.65499687,0.225,4.48,35.005,0.745,9.245,0.08,0.011105,0.09459,0.604575,"Marine National Park",1309630.301,0.300277548090174,0.0513575344697251,4890.04820803221
"Mackay Reefs (15-024)","M",26.5088461035475,-15.525502204895,145.57130432,-15.13893986,0.1309124,4.5672544,35.071098,0.7207396,38.593838,0.042712,0.0075324,0.0260552,0.1742676,"Habitat Protection",32466961.45,0.133859780299023,0.0357154467460081,28134.0519673522
"Harrier Reef (15-025)","O",39.4279427746237,-21.908727645874,145.69720459,-15.13665295,0.08,4.53,35.14,0.68,34.87,0.08,0.00474,0.00913,0.07772,"Habitat Protection",1603653.831,0.349377394636015,0.0126915708812261,5813.64175536853
"Ribbon No 7 Reef (15-026)","O",42.1865848948383,-8.64494514465332,145.7383728,-15.18930244,0.115394545454545,4.51589272727273,35.0672790909091,1.01818909090909,45.7336763636364,0.0416209090909091,0.00497818181818182,0.00949454545454546,0.0526036363636364,"Marine National Park",17563467.41,0.514788213125051,0.0140754294453396,28202.7137703741
"Marx Reef (15-027)","M",29.6712554276484,-5.36759901046753,145.62117004,-15.19776058,0.16,4.52,35,1.12,54.7,0.02,0.00401,0.0114,0.08917,"Habitat Protection",1350640.903,0.611805654212246,0.0216650092342662,5262.52781571974
"U/N Reef (13-092)","I",0.594243220278509,-1.71016454696655,143.54418945,-13.77156544,0.229063333333333,4.44541,35.2371666666667,0.71988,60.8645966666667,0.0329466666666667,0.39311,0.36166,0.11285,"Habitat Protection",3852185.977,0.346510960261177,0.0307338496294014,14314.8630928048
"U/N Reef (13-093a)","M",33.9603584314689,-5.9880485534668,143.93009949,-13.82892609,0.28662625,4.40475025,35.19814375,0.72771075,38.98087575,0.082669,0.009812,0.078829,0.58128225,"Habitat Protection",49452988.21,0.162630928447945,0.0764195811854158,30980.0804435304
"U/N Reef (13-093b)","M",41.3834931605565,-10.7366189956665,143.96170044,-13.76087666,0.34733,4.40005583333333,35.1351816666667,0.750143333333333,35.0215058333333,0.0887891666666667,0.0100308333333333,0.0614425,0.465225833333333,"Habitat Protection",15669653.16,0.333993863856634,0.0290756893901513,22980.327970319
"U/N Reef (13-093c)","M",42.29668638749,-10.4629068374634,143.97944641,-13.76837921,0.332986875,4.41886875,35.122493125,0.785429375,34.72246,0.119918125,0.010523125,0.061638125,0.485815625,"Habitat Protection",17799455.91,0.291135938790593,0.0210950745554928,19948.3631929919
"Sullivan Shoal (13-095)","I",10.3336290712454,-13.8946542739868,143.68710327,-13.84641743,0.20603,4.46641,35.36429,0.65812,55.9186,0.0579,0.02751,0.33315,0.50509,"Habitat Protection",1305991.321,0.433918734227777,0.0188132497568582,4310.65183848651
"Ballerina Shoal (13-096)","I",19.8435363130656,-18.9148597717285,143.77804565,-13.84458733,NaN,NaN,NaN,NaN,NaN,NaN,NaN,NaN,NaN,NaN,349888.2964,0.408828204926611,0.0670923378507991,2179.87895089712
"Flinders Island Reef (No 1) (14-042a)","I",10.9084853759369,-2.01811027526855,144.27885437,-14.17367458,0.25139,4.41408,35.33212,0.58575,53.85593,0.07486,0.0191,0.50723,0.38342,"Conservation Park",1136968.815,0.346510960261177,0.0165806259580168,8370.25984845463
"Flinders Island Reef (No 2) (14-042b)","I",7.94476635732817,2.21497964859009,144.25515747,-14.194561,NaN,NaN,NaN,NaN,NaN,NaN,NaN,NaN,NaN,NaN,781685.8854,0.346510960261177,0.0257209914054042,10200.1179822157
"Flinders Island Reef (No 3) (14-042c)","I",9.83995623367285,-2.65755772590637,144.24424744,-14.17051411,0.270765,4.360335,35.305525,0.66281,58.540495,0.0514,0.02654,0.32972,0.52114,"Conservation Park",1596827.891,0.346510960261177,0.0257209914054042,8075.9490465186
"U/N Reef (14-043)","O",24.0108151882229,-6.63733053207397,144.79969788,-14.17776299,0.243860666666667,4.44716,35.1733693333333,0.658417333333333,21.351528,0.0894053333333333,0.006958,0.033114,0.290651333333333,"Marine National Park",14569799.39,0.230732569454098,0.0473287394668732,15677.2280944922
"Hales Reef (14-044)","I",0.870041043748875,-3.27076196670532,144.53822327,-14.18373394,NaN,NaN,NaN,NaN,NaN,NaN,NaN,NaN,NaN,NaN,6831.221583,0.253910435111821,0.279465196095527,519.290646212231
"Sand Bank No 1 Reef (14-045)","O",31.4408706385228,-6.55959558486938,144.89193726,-14.20033455,0.212134,4.503002,35.196986,0.592388,33.760192,0.086084,0.00711,0.03642,0.37115,"Marine National Park",6083884.332,0.424869645149532,0.0358178677274672,9201.27742616113
"U/N Reef (14-046)","O",27.6625260085736,-28.1418476104736,144.85264587,-14.20498943,NaN,NaN,NaN,NaN,NaN,NaN,NaN,NaN,NaN,NaN,215861.2164,0.317339593730003,0.0406711805951475,1764.32136317566
"Lizard Island Reef (North West) (14-116a)","M",30.6588038227109,-11.497350692749,145.44694519,-14.65856457,0.15,4.655,35.075,0.695,21.36,0.215,0.00809,0.02259,0.26123,"Scientific Research",2030063.833,0.248247110100436,0.0600246352093993,7358.51513661025
"Lizard Island Reef (North East) (14-116b)","M",32.5048528492514,-15.4495868682861,145.46611023,-14.65501785,NaN,NaN,NaN,NaN,NaN,NaN,NaN,NaN,NaN,NaN,1845044.206,0.213429256594724,0.00787196329892608,12415.1176288938
"Lizard Island Reef (Lagoon) (14-116d)","M",29.0627037111652,-7.03066682815552,145.44981384,-14.68557739,0.143855714285714,4.64786714285714,35.0838742857143,0.673831428571429,20.0985042857143,0.191354285714286,0.00845285714285714,0.02278,0.267765714285714,"Scientific Research",9131347.37,0.300649945750071,0.0639727802298512,16172.1224138888
"Startle Reefs (15-028)","M",22.6743047811024,-18.2991943359375,145.55651855,-15.20737457,0.13194,4.5427147368421,35.0472,0.781122105263158,51.3077989473684,0.02588,0.00872473684210526,0.0413189473684211,0.214543684210526,"Habitat Protection",21220597.02,0.0852871235205295,0.0271255097335371,24513.5614123773
"Camel Head Reef (15-029)","O",39.6576656520217,-9.92714214324951,145.72250366,-15.24113178,0.09908,4.52322333333333,35.1601566666667,0.64975,49.5754333333333,0.0522,0.00507,0.01118,0.06577,"Preservation",3926869.924,0.536183381975837,0.0162618165135115,7664.4911049536
"Swinger Reef (15-030)","M",19.8976386181545,-16.9002590179443,145.53718567,-15.24224567,0.14373,4.548452,35.004338,0.834476,56.852474,0.015666,0.011344,0.058078,0.275738,"Habitat Protection",5268762.679,0.15648326839748,0.0308779084586535,10212.0136187456
"Pullen Reefs (15-031)","M",25.1069480246335,-18.6980304718018,145.58721924,-15.25070858,0.127895,4.52659,35.10931,0.73257,53.097365,0.043205,0.00724,0.02192,0.13636,"Habitat Protection",766562.8711,0.157273754236224,0.022091125894314,4892.83759896905
"Ribbon No 6 Reef (15-032)","O",42.6761566974391,-15.2943181991577,145.75184631,-15.28094673,0.110307777777778,4.51199555555556,35.1200144444444,0.85836,50.76369,0.0218455555555556,0.00415333333333333,0.00936666666666667,0.0647666666666667,"Preservation",9565399.362,0.536539751407012,0.0154721514788521,13392.2271417639
"Hannah Island Reef (13-097)","I",13.050980890346,0.86001044511795,143.71783447,-13.86518288,NaN,NaN,NaN,NaN,NaN,NaN,NaN,NaN,NaN,NaN,853474.6781,0.541588545370106,0.0188132497568582,4525.1881821968
"U/N Reef (13-100)","M",32.3151648773939,-6.55242204666138,143.93701172,-13.86664867,NaN,NaN,NaN,NaN,NaN,NaN,NaN,NaN,NaN,NaN,556108.321,0.365112624410686,0.0595425178976777,2845.34127816633
"Rattlesnake Reefs (No 1) (13-101a)","I",4.42166634872678,-5.19028759002686,143.63835144,-13.87374783,NaN,NaN,NaN,NaN,NaN,NaN,NaN,NaN,NaN,NaN,323947.7453,0.346510960261177,0.0188132497568582,2416.80439792135
"Rattlesnake Reefs (No 2) (13-101b)","I",5.02327596983271,-4.29132175445557,143.64442444,-13.88198185,NaN,NaN,NaN,NaN,NaN,NaN,NaN,NaN,NaN,NaN,200127.0111,0.346510960261177,0.0188132497568582,1651.89583233093
"Rattlesnake Reefs (No 3) (13-101c)","I",6.65079156950136,-6.33348178863525,143.6557312,-13.90091991,0.21968,4.43744,35.33983,0.74634,54.62038,0.059115,0.109,0.54781,0.23197,"Conservation Park",1667337.485,0.346510960261177,0.0188132497568582,5408.88791553919
"U/N Reef (13-102)","I",0.717622584559962,-1.27212226390839,143.60203552,-13.88528919,0.2266525,4.43239,35.316795,0.688465,24.796535,0.0424125,0.18739,0.58095,0.11548,"Conservation Park",2903084.591,0.346510960261177,0.0188132497568582,11548.584886052
"Kestrel Reef (13-104)","M",26.1162944338965,-5.07476568222046,143.89254761,-13.90420246,0.2356,4.43118,35.31329,0.66979,46.79451,0.05021,0.01441,0.13191,0.70154,"Habitat Protection",1234481.363,0.358647146324278,0.159555311986221,5061.25262963855
"U/N Reef (13-105)","I",7.71215788776318,-8.93353080749512,143.6787262,-13.91607857,NaN,NaN,NaN,NaN,NaN,NaN,NaN,NaN,NaN,NaN,256303.3633,0.665650205012903,0.0617718086014708,1957.53378033786
"U/N Reef (14-047)","O",34.0876009805661,-4.30757761001587,144.92831421,-14.21223068,0.226976666666667,4.50104083333333,35.2086683333333,0.5028925,33.743575,0.0852408333333333,0.00639333333333333,0.0293866666666667,0.264675,"Marine National Park",14369369.55,0.296416566586379,0.0388669345911021,14661.4788608302
"Broomfield Rock Reef (14-048)","M",10.3287947265886,-11.1531839370728,144.6701355,-14.20374966,0.239273333333333,4.44067066666667,35.2224093333333,0.631414,33.365628,0.179694,0.022388,0.380814,0.45399,"Marine National Park",16298491.37,0.419915853506992,0.382582504393725,16839.0896738407
"U/N Reef (14-049)","O",36.2834188828841,-4.85430431365967,144.95835876,-14.22637463,NaN,NaN,NaN,NaN,NaN,NaN,NaN,NaN,NaN,NaN,786607.2383,0.846691176470588,0.0128676470588235,3432.83344213434
"Rocky Point Island Reef (14-050)","I",0.391118365642092,-1.01549458503723,144.57673645,-14.23252583,NaN,NaN,NaN,NaN,NaN,NaN,NaN,NaN,NaN,NaN,14635.16418,0.372269036268166,0.245912721117372,500.002588157664
"Lizard Island Reef (Coconut Bay) (14-116c)","M",31.3438811698375,-5.13381290435791,145.47232056,-14.68106556,NaN,NaN,NaN,NaN,NaN,NaN,NaN,NaN,NaN,NaN,620530.8054,0.518920595533499,0.00852977667493797,3404.58647239241
"Gunga Shoal (14-117)","I",18.2942729430667,-14.1797552108765,145.19998169,-14.66886806,0.16807,4.58247,35.10069,0.61297,18.57319,0.08442,0.01135,0.16397,0.66071,"Habitat Protection",262319.0042,0.300277548090174,0.0334905756412269,1876.43349992448
"Dent Reef (No 1) (20-058a)","I",9.93148932986866,-0.128655403852463,148.93582153,-20.34912682,NaN,NaN,NaN,NaN,NaN,NaN,NaN,NaN,NaN,NaN,589833.8429,0.346510960261177,0.0671875014731436,11158.2928261026
"Dent Reef (No 2) (20-058b)","I",9.04421687761065,-4.92989301681519,148.92732239,-20.34967041,NaN,NaN,NaN,NaN,NaN,NaN,NaN,NaN,NaN,NaN,105860.9741,0.346510960261177,0.0671875014731436,1477.83188099143
"U/N Reef (20-059)","I",12.4864246098183,-6.9633092880249,148.96272278,-20.37173462,NaN,NaN,NaN,NaN,NaN,NaN,NaN,NaN,NaN,NaN,32739.77684,0.346510960261177,0.0671875014731436,872.289320017277
"Long Island Reef (No 1) (20-060a)","I",2.33247167353531,-2.55647897720337,148.84838867,-20.3289814,NaN,NaN,NaN,NaN,NaN,NaN,NaN,NaN,NaN,NaN,512694.7401,0.346510960261177,0.0671875014731436,7170.03851100797
"Haslewood Island Reef (No 4) (20-078d)","I",26.4150364227923,-2.18485569953918,149.08230591,-20.30060959,NaN,NaN,NaN,NaN,NaN,NaN,NaN,NaN,NaN,NaN,346242.2993,0.346510960261177,0.0671875014731436,3668.77487932518
"Haslewood Island Reef (No 5) (20-078e)","I",28.0953125487024,-4.84297370910645,149.09898376,-20.28015709,0.127375,4.414765,35.36213,0.410745,33.976665,0.102695,0.00699,0.22979,0.585655,"Marine National Park",3219126.442,0.346510960261177,0.0671875014731436,9380.66885215806
"U/N Reef (20-016a)","I",1.35835273988714,-2.51478147506714,148.53674316,-20.08592987,NaN,NaN,NaN,NaN,NaN,NaN,NaN,NaN,NaN,NaN,107270.4949,0.346510960261177,0.0355152645195299,1875.26748331967
"Black Currant-Manta Ray Reef (No 1) (20-010a)","I",0.745987063914228,-2.43474555015564,148.50799561,-20.08583832,NaN,NaN,NaN,NaN,NaN,NaN,NaN,NaN,NaN,NaN,2055463.026,0.346510960261177,0.0379102027004716,12278.1323011391
"Whitsunday Island Reef (No 11) (20-041l)","I",11.0186836922138,-2.62406706809998,148.92951965,-20.29818916,0.18,4.4,35.22,0.85,22.62,0.01,0.01101,0.54691,0.34895,"Conservation Park",337141.9879,0.346510960261177,0.0671875014731436,3835.65278120207
"Whitsunday Island Reef (No 12) (20-041m)","I",10.7918453517487,-1.50565898418427,148.92089844,-20.29049301,0.18,4.4,35.22,0.86,22.87,0.01,0.01101,0.54691,0.34895,"Conservation Park",817098.0339,0.346510960261177,0.0671875014731436,6605.87591740322
"Long Island Reef (No 2) (20-060b)","I",1.16050837190825,-3.20502758026123,148.84709167,-20.34325027,NaN,NaN,NaN,NaN,NaN,NaN,NaN,NaN,NaN,NaN,233619.5644,0.346510960261177,0.0671875014731436,4997.14216998536
"Long Island Reef (No 3) (20-060c)","I",0.990187403739902,-2.77961373329163,148.84806824,-20.36315346,NaN,NaN,NaN,NaN,NaN,NaN,NaN,NaN,NaN,NaN,220301.1199,0.346510960261177,0.0671875014731436,4123.86444061565
"Lupton Reef (20-078f)","I",29.5325662236626,-4.63462829589844,149.11209106,-20.27614784,NaN,NaN,NaN,NaN,NaN,NaN,NaN,NaN,NaN,NaN,622592.6282,0.346510960261177,0.0671875014731436,5892.09203283796
"Cashell Reef (20-078g)","I",29.3029258053272,-4.69865846633911,149.10540771,-20.26360321,NaN,NaN,NaN,NaN,NaN,NaN,NaN,NaN,NaN,NaN,607144.218,0.346510960261177,0.0671875014731436,7023.45505494218
"Black Island Reef (20-017)","I",21.7916796405308,-4.03406572341919,148.89268494,-20.08108711,NaN,NaN,NaN,NaN,NaN,NaN,NaN,NaN,NaN,NaN,457661.9903,0.346510960261177,0.0671875014731436,2980.8846712992
"Double Rock Reef (20-018)","I",28.3727092780799,-40.4586753845215,148.97502136,-20.07186508,NaN,NaN,NaN,NaN,NaN,NaN,NaN,NaN,NaN,NaN,3754.779134,0.346510960261177,0.0671875014731436,209.316007522348
"Langford-Bird Reef (20-019)","I",20.2363855716608,-2.77569603919983,148.87759399,-20.0883007,NaN,NaN,NaN,NaN,NaN,NaN,NaN,NaN,NaN,NaN,1915270.281,0.346510960261177,0.0671875014731436,6176.13624820526
"Whitsunday Island Reef (No 13) (20-041n)","I",12.0277216205057,-2.03814005851746,148.92488098,-20.27789116,NaN,NaN,NaN,NaN,NaN,NaN,NaN,NaN,NaN,NaN,580931.7601,0.346510960261177,0.0671875014731436,6567.76296874102
"Whitsunday Island Reef (No 14) (20-041o)","I",16.2152962718149,-2.11404013633728,148.95228577,-20.24401665,NaN,NaN,NaN,NaN,NaN,NaN,NaN,NaN,NaN,NaN,3929233.922,0.346510960261177,0.0671875014731436,17045.5840860047
"Whitsunday Island Reef (No 15) (20-041p)","I",16.217583662781,-2.24008417129517,148.94543457,-20.22443008,NaN,NaN,NaN,NaN,NaN,NaN,NaN,NaN,NaN,NaN,348751.6981,0.346510960261177,0.0671875014731436,3359.07614927709
"Long Island Reef (No 4) (20-060d)","I",1.8132490319652,-4.45491027832031,148.85096741,-20.37420464,NaN,NaN,NaN,NaN,NaN,NaN,NaN,NaN,NaN,NaN,163154.6717,0.346510960261177,0.0671875014731436,2807.36921241331
"Long Island Reef (No 5) (20-060e)","I",2.46082461867018,-4.20714139938354,148.86151123,-20.39131165,NaN,NaN,NaN,NaN,NaN,NaN,NaN,NaN,NaN,NaN,366064.0531,0.346510960261177,0.0671875014731436,6929.63031674645
"Long Island Reef (No 6) (20-060f)","I",1.8627286895708,-0.845086753368378,148.85844421,-20.35241699,NaN,NaN,NaN,NaN,NaN,NaN,NaN,NaN,NaN,NaN,877768.5339,0.346510960261177,0.0671875014731436,15483.1534038493
"Haslewood Island Reef (No 6) (20-078h)","I",26.7137547274162,-5.96255350112915,149.08831787,-20.30246353,NaN,NaN,NaN,NaN,NaN,NaN,NaN,NaN,NaN,NaN,145216.1513,0.346510960261177,0.0671875014731436,2220.02318522072
"Workington Reef (20-079)","I",30.477218927183,1.50916850566864,149.1194458,-20.26964378,NaN,NaN,NaN,NaN,NaN,NaN,NaN,NaN,NaN,NaN,67463.18747,0.346510960261177,0.0671875014731436,2097.48407237041
"Gumbrell Reef (20-020)","I",5.2509084571681,-2.4745569229126,148.60772705,-20.10022926,NaN,NaN,NaN,NaN,NaN,NaN,NaN,NaN,NaN,NaN,289772.5489,0.346510960261177,0.0355152645195299,3476.88664206461
"Whitsunday Island Reef (No 16) (20-041q)","I",17.1514546684981,-3.12221646308899,148.95184326,-20.21712685,NaN,NaN,NaN,NaN,NaN,NaN,NaN,NaN,NaN,NaN,122784.5539,0.346510960261177,0.0671875014731436,1879.10533688657
"Whitsunday Island Reef (No 17) (20-041r)","I",19.7372040565787,-2.38421535491943,148.95773315,-20.17952156,NaN,NaN,NaN,NaN,NaN,NaN,NaN,NaN,NaN,NaN,589180.7479,0.346510960261177,0.0671875014731436,9132.58540726525
"Whitsunday Island Reef (No 18) (20-041t)","I",21.4373476866778,-1.90322411060333,148.95925903,-20.15612793,NaN,NaN,NaN,NaN,NaN,NaN,NaN,NaN,NaN,NaN,61087.7691,0.346510960261177,0.0671875014731436,1346.56928500264
"Whitsunday Island Reef (No 19) (20-041u)","I",13.5981143248049,-3.41093897819519,148.96846008,-20.32762146,NaN,NaN,NaN,NaN,NaN,NaN,NaN,NaN,NaN,NaN,86051.08123,0.346510960261177,0.0671875014731436,2097.6905891672
"Whitsunday Island Reef (No 20) (20-041v)","I",14.9652773145519,-5.29903221130371,148.98083496,-20.32308197,NaN,NaN,NaN,NaN,NaN,NaN,NaN,NaN,NaN,NaN,88960.58844,0.346510960261177,0.0671875014731436,2302.5973968808
"Long Island Reef (No 7) (20-060g)","I",3.78149456779119,-1.42395484447479,148.87409973,-20.38865471,NaN,NaN,NaN,NaN,NaN,NaN,NaN,NaN,NaN,NaN,69668.43059,0.346510960261177,0.0671875014731436,2271.77168690697
"Long Island Reef (No 8) (20-060h)","I",3.19387835407781,7.77840566635132,148.85568237,-20.32502365,NaN,NaN,NaN,NaN,NaN,NaN,NaN,NaN,NaN,NaN,20739.35571,0.346510960261177,0.0671875014731436,937.664168271098
"Leeper Shoal (20-080)","I",33.7441465472261,-57.6108245849609,149.08911133,-20.14084625,NaN,NaN,NaN,NaN,NaN,NaN,NaN,NaN,NaN,NaN,1548404.637,0.346510960261177,0.0671875014731436,6199.71380441338
"Nicolson Reef (20-081)","I",26.955988878435,-1.3706282377243,149.0941925,-20.30509949,NaN,NaN,NaN,NaN,NaN,NaN,NaN,NaN,NaN,NaN,91810.89716,0.346510960261177,0.0671875014731436,2435.49785042009
"Olden Reef (20-021)","I",2.02820656745405,-3.12417769432068,148.57221985,-20.10396576,NaN,NaN,NaN,NaN,NaN,NaN,NaN,NaN,NaN,NaN,431903.2044,0.346510960261177,0.0355152645195299,5284.13217476924
"Armit Island Reef (20-022)","I",7.45690338434746,-3.10397458076477,148.65237427,-20.10769844,NaN,NaN,NaN,NaN,NaN,NaN,NaN,NaN,NaN,NaN,603514.1557,0.346510960261177,0.0671875014731436,7238.3639525595
"Whitsunday Island Reef (No 21) (20-041w)","I",16.5483204673127,-2.73696279525757,148.99162292,-20.30598831,NaN,NaN,NaN,NaN,NaN,NaN,NaN,NaN,NaN,NaN,515116.8497,0.346510960261177,0.0671875014731436,4894.93494631343
"Whitsunday Island Reef (No 22) (20-041x)","I",17.8937479912923,-2.73208904266357,149.00630188,-20.3098774,NaN,NaN,NaN,NaN,NaN,NaN,NaN,NaN,NaN,NaN,159511.8942,0.346510960261177,0.0671875014731436,2497.73714128418
"Whitsunday Island Reef (No 23) (20-041y)","I",18.5558993013151,-2.27915477752686,149.0144043,-20.31586456,NaN,NaN,NaN,NaN,NaN,NaN,NaN,NaN,NaN,NaN,30114.80995,0.346510960261177,0.0671875014731436,839.141347507412
"Whitsunday Island Reef (No 24) (20-041z)","I",20.6327540999109,-2.95990872383118,149.03237915,-20.30604362,NaN,NaN,NaN,NaN,NaN,NaN,NaN,NaN,NaN,NaN,342171.8848,0.346510960261177,0.0671875014731436,4654.99415413243
"Pine Island Reef (20-061)","I",5.16459079006769,-5.318519115448,148.8863678,-20.37526894,NaN,NaN,NaN,NaN,NaN,NaN,NaN,NaN,NaN,NaN,290752.9746,0.346510960261177,0.0671875014731436,6808.06351493754
"U/N Reef (19-267)","O",139.477080403447,-19.2057933807373,149.99662781,-19.72412109,NaN,NaN,NaN,NaN,NaN,NaN,NaN,NaN,NaN,NaN,60947.9055,0.196927254585481,0.00276797655128829,1139.45735253743
"U/N Reef (19-268)","O",144.048377879921,-13.2754945755005,150.04212952,-19.71613884,NaN,NaN,NaN,NaN,NaN,NaN,NaN,NaN,NaN,NaN,187974.0197,0.0149775336994508,0,1625.46253385913
"U/N Reef (19-269)","O",148.597652265189,-20.008939743042,150.09863281,-19.74240112,NaN,NaN,NaN,NaN,NaN,NaN,NaN,NaN,NaN,NaN,569890.6773,0.106389986824769,0,4329.45577424244
"U/N Reef (19-270)","O",148.436140335199,-11.2339878082275,150.16825867,-19.85525322,NaN,NaN,NaN,NaN,NaN,NaN,NaN,NaN,NaN,NaN,63239.70152,0.419548872180451,0,904.378451641697
"U/N Reef (19-271)","O",145.78136338395,-8.81393527984619,150.16941833,-19.91014099,NaN,NaN,NaN,NaN,NaN,NaN,NaN,NaN,NaN,NaN,3636.183347,0,0.333333333333333,178.715421718467
"U/N Reef (19-272)","O",148.584285693036,-32.7656669616699,150.1882019,-19.88889313,0.24848,4.597735,35.241605,0.493775,9.88236,0.06282,0.00388,0.0043,0.03031,"Habitat Protection",2390446.222,0.207866842504291,0.169577841609573,7785.90195369859
"U/N Reef (19-273)","O",152.182746252956,-1.83898425102234,150.22874451,-19.89331818,NaN,NaN,NaN,NaN,NaN,NaN,NaN,NaN,NaN,NaN,5510.420133,0.879310344827586,0,230.29452152974
"U/N Reef (19-274)","O",152.946851367149,-25.344799041748,150.2454834,-19.91080284,NaN,NaN,NaN,NaN,NaN,NaN,NaN,NaN,NaN,NaN,61332.86575,0.21483771251932,0.0432766615146832,969.097624029359
"U/N Reef (19-275)","O",166.700714667455,-25.0103092193604,150.39424133,-19.92307472,NaN,NaN,NaN,NaN,NaN,NaN,NaN,NaN,NaN,NaN,390783.0181,0.752853553075525,0.0299357522688794,2398.73729631213
"U/N Reef (19-276)","M",67.337605087695,-58.4767990112305,148.22467041,-19.23618126,0.21382,4.53033,35.22651,0.55454,17.27021,0.04855,0.00909,0.01225,0.11088,"Habitat Protection",1419426.498,0.179611436551963,0.019834160565405,5356.15702042746
"U/N Reef (19-277)","M",68.7359375325444,-18.8480129241943,148.24137878,-19.23273087,NaN,NaN,NaN,NaN,NaN,NaN,NaN,NaN,NaN,NaN,319160.1217,0.219870664315109,0,2441.90539156754
"U/N Reef (19-278)","M",80.0998227191045,-35.718807220459,148.25846863,-19.11724091,0.09,4.54,35.19,0.6,25.49,0.04,0.00699,0.01017,0.06324,"Habitat Protection",644649.3837,0.146760584149288,0.017792905499563,3322.43476136552
"U/N Reef (20-023)","I",7.66513061297026,-9.82455635070801,148.66426086,-20.10923576,NaN,NaN,NaN,NaN,NaN,NaN,NaN,NaN,NaN,NaN,13603.68777,0.346510960261177,0.0671875014731436,719.420965901818
"Fitzalan Island Reef (20-041)","I",12.6189534463304,-2.95508718490601,148.95960999,-20.33107758,NaN,NaN,NaN,NaN,NaN,NaN,NaN,NaN,NaN,NaN,65658.20313,0.346510960261177,0.0671875014731436,1815.78602067156
"South Molle Reef (No 1) (20-042a)","I",4.13334629497938,0.667669296264648,148.8409729,-20.27581787,NaN,NaN,NaN,NaN,NaN,NaN,NaN,NaN,NaN,NaN,615610.3907,0.346510960261177,0.0671875014731436,9755.2866974693
"South Molle Reef (No 2) (20-042b)","I",2.70175731587973,-5.97202682495117,148.82739258,-20.27772713,NaN,NaN,NaN,NaN,NaN,NaN,NaN,NaN,NaN,NaN,112271.4189,0.346510960261177,0.0671875014731436,3049.47320141714
"U/N Reef (20-062a)","I",0.418500210117202,-0.00150808808393776,148.82901001,-20.3862896,NaN,NaN,NaN,NaN,NaN,NaN,NaN,NaN,NaN,NaN,714656.4431,0.346510960261177,0.0453058000357774,6672.86547756045
"U/N Reef (20-062b)","I",0.331398376959962,0.763420045375824,148.83329773,-20.36952591,NaN,NaN,NaN,NaN,NaN,NaN,NaN,NaN,NaN,NaN,416619.8877,0.346510960261177,0.0671875014731436,6014.97487395144
"Three Fathom Patch (20-063)","I",2.3921598270834,-9.21298122406006,148.86070251,-20.4138813,NaN,NaN,NaN,NaN,NaN,NaN,NaN,NaN,NaN,NaN,322178.7068,0.346510960261177,0.0453058000357774,2288.16376796887
"U/N Reef (19-279)","M",100.322468895346,-30.0909404754639,148.54258728,-19.09532166,0.13247,4.55509,35.2046133333333,0.548993333333333,9.27004333333333,0.09826,0.00433,0.00584333333333333,0.02706,"Habitat Protection",2867069.563,0.0960982117682114,0.00734306120149485,6593.80230180698
"U/N Reef (19-280)","M",74.9284184713089,-39.6531257629395,148.59463501,-19.38027191,NaN,NaN,NaN,NaN,NaN,NaN,NaN,NaN,NaN,NaN,662219.2328,0.221722907410266,0.0330453899775525,3068.25099008317
"U/N Reef (19-281)","M",80.6475441624412,-36.2475700378418,148.59526062,-19.32294655,0.14305,4.560825,35.24937,0.560395,10.748895,0.05101,0.00725,0.00734,0.09928,"Marine National Park",2145776.819,0.221722907410266,0.0330453899775525,5994.1750518474
"U/N Reef (19-282)","M",80.2708076440843,-40.4550285339355,148.60717773,-19.33229446,NaN,NaN,NaN,NaN,NaN,NaN,NaN,NaN,NaN,NaN,306009.2176,0.221722907410266,0.0330453899775525,2006.04653217531
"U/N Reef (19-283)","O",108.186035599707,-33.6978530883789,148.6502533,-19.07159805,0.09,4.57,35.19,0.49,8.02,0.02,0.00458,0.00467,0.01547,"Marine National Park",1027551.173,0.129346055738238,0.000981261037561822,4155.0111093868
"U/N Reef (19-284)","O",100.35266693621,-21.0802574157715,148.6796875,-19.17266464,0.18,4.56,35.27,0.34,17.81,0.05,0.00989,0.00468,0.04936,"Marine National Park",640356.7407,0.191128782222154,0.000715326016514038,3066.37598680245
"U/N Reef (19-285)","M",79.6879833705098,-32.8229331970215,148.74339294,-19.37219048,NaN,NaN,NaN,NaN,NaN,NaN,NaN,NaN,NaN,NaN,367546.2298,0.0732651390517558,0.017852672647552,2448.55552539124
"U/N Reef (19-286)","M",87.9862822758642,-31.9589557647705,148.74705505,-19.29636383,0.14109375,4.559315,35.25285625,0.53310625,13.82690875,0.02065875,0.00595,0.00625,0.0572825,"Habitat Protection",9191415.509,0.0989814109347348,0.0149400702128504,16250.5878577604
"U/N Reef (19-287)","M",80.3971196679403,-27.772008895874,148.76011658,-19.36961555,0.13,4.56,35.23,0.66,9.35,0.25,0.00942,0.01308,0.20647,"Habitat Protection",181896.3565,0.0532635338264584,0.0162766293487885,1616.58715717383
"U/N Reef (19-288)","M",96.7401523577044,-49.2871360778809,148.96266174,-19.28400993,0.17097,4.54844,35.27338,0.44288,10.99225,0.01462,0.00419,0.00791,0.02624,"Marine National Park",2441593.735,0.157058863867485,0.00545119585946827,5884.41154178167
"U/N Reef (19-289)","M",97.2318951707167,-24.0763816833496,149.02191162,-19.30819321,0.09,4.58,35.26,0.4,7.38,0,0.008,0.01165,0.06443,"Habitat Protection",436011.7461,0.129374638533161,0,2516.32414663087
"U/N Reef (19-290)","M",77.4753628987363,-12.3546285629272,149.02888489,-19.52679634,NaN,NaN,NaN,NaN,NaN,NaN,NaN,NaN,NaN,NaN,97691.80378,0.70487106017192,0,1323.10749588843
"Double Cone Reef (20-024)","I",9.88207059000059,-6.56142568588257,148.71392822,-20.10733986,NaN,NaN,NaN,NaN,NaN,NaN,NaN,NaN,NaN,NaN,732196.211,0.346510960261177,0.0671875014731436,7401.46035529015
"South Molle Reef (No 3) (20-042c)","I",3.5563487746207,-1.23637473583221,148.83091736,-20.26343346,NaN,NaN,NaN,NaN,NaN,NaN,NaN,NaN,NaN,NaN,322641.413,0.346510960261177,0.0671875014731436,7193.59958303809
"South Molle Reef (No 4) (20-042d)","I",4.6086275725466,-1.90386283397675,148.84086609,-20.26076698,NaN,NaN,NaN,NaN,NaN,NaN,NaN,NaN,NaN,NaN,54647.24867,0.346510960261177,0.0671875014731436,1613.03975339766
"Planton Reef (20-043)","I",5.37211543750808,-3.31061601638794,148.85121155,-20.26683617,NaN,NaN,NaN,NaN,NaN,NaN,NaN,NaN,NaN,NaN,95922.1641,0.346510960261177,0.0671875014731436,2000.15652436961
"Cow Reef (20-064)","I",0.525233501138916,-1.93828547000885,148.84179688,-20.42320824,NaN,NaN,NaN,NaN,NaN,NaN,NaN,NaN,NaN,NaN,282210.5077,0.346510960261177,0.0453058000357774,4807.90597483513
"U/N Reef (19-291)","O",116.855734149276,-43.9810752868652,149.0328064,-19.11525345,0.15239375,4.54645875,35.273505,0.3724775,11.66889875,0.013125,0.00496,0.00604,0.009065,"Marine National Park",8936910.641,0.145390069416244,3.13162207584789e-05,13576.1153654825
"U/N Reef (19-292)","O",118.494111736912,-43.2181587219238,149.11074829,-19.13601875,0.130022,4.566698,35.262648,0.352404,9.95716,0.016246,0.006422,0.008186,0.006204,"Marine National Park",7098369.643,0.176011761535349,0,11670.4136400547
"U/N Reef (19-293)","O",107.002651271227,-34.8836631774902,149.11714172,-19.25987434,0.25102,4.51705,35.31678,0.3921,8.28268,0.04363,0.00824,0.00675,0.0139,"Habitat Protection",361360.3669,0.0351963289676018,0.000871359460175387,2480.509578939
"U/N Reef (19-294)","M",104.735055357749,-30.6029815673828,149.14749146,-19.30397797,0.207865,4.53437,35.299455,0.36267,5.74284,0.054795,0.00923,0.00919,0.01593,"Habitat Protection",1585392.18,0.148807800830602,0.000871359460175387,4581.14425432953
"U/N Reef (19-295)","O",111.234268824177,-46.6575012207031,149.16609192,-19.24489212,0.18011,4.5513975,35.29116,0.34556,5.6090425,0.0585325,0.0074,0.00863,0.00961,"Marine National Park",4406256.051,0.0351963289676018,0.000871359460175387,8334.34227357223
"U/N Reef (19-296)","M",80.4054268386055,-55.0143432617188,149.17271423,-19.62364578,0.18818,4.48423,35.30715,0.32472,6.41803,0.04765,0.01776,0.01728,0.27638,"General Use",805042.064,0.197517552629615,0.0315434007488841,3498.71927460532
"U/N Reef (19-297)","M",92.6641330820806,-25.108283996582,149.20150757,-19.51189041,NaN,NaN,NaN,NaN,NaN,NaN,NaN,NaN,NaN,NaN,55897.57654,0.158249158249158,0,897.375486105454
"U/N Reef (19-298)","M",91.8780846647239,-15.214334487915,149.20292664,-19.52073669,NaN,NaN,NaN,NaN,NaN,NaN,NaN,NaN,NaN,NaN,252582.0931,0.182660244535013,0,2535.06721106457
"U/N Reef (19-299)","O",111.331840837879,-36.4569816589355,149.21437073,-19.27701759,0.22,4.54,35.31,0.36,4.31,0.06,0.00871,0.00979,0.01036,"Habitat Protection",2029822.345,0.0434917389336278,0.000871359460175387,5788.82975915217
"U/N Reef (19-300)","M",107.45566713845,-55.4572868347168,149.21844482,-19.32469749,0.184493333333333,4.54837666666667,35.2885233333333,0.330056666666667,4.929,0.0573033333333333,0.00943,0.01158,0.01702,"Habitat Protection",2190491.769,0.0742700124371355,0.00601825225633789,7723.30967342451
"U/N Reef (20-025a)","I",0.349355013217373,-1.52475714683533,148.55796814,-20.11190605,NaN,NaN,NaN,NaN,NaN,NaN,NaN,NaN,NaN,NaN,449616.5975,0.346510960261177,0.0355152645195299,5653.4264033822
"U/N Reef (20-025b)","I",0.546617024353126,-1.48821949958801,148.56880188,-20.12872887,NaN,NaN,NaN,NaN,NaN,NaN,NaN,NaN,NaN,NaN,416345.4692,0.346510960261177,0.0355152645195299,5321.023274589
"Edwin Reef (20-026)","I",4.3035440775493,-5.54196882247925,148.61210632,-20.12642479,NaN,NaN,NaN,NaN,NaN,NaN,NaN,NaN,NaN,NaN,18580.83355,0.346510960261177,0.0342874374407557,597.443689844429
"Denman Reef (20-044)","I",4.941461917455,-2.51278233528137,148.84886169,-20.28226471,NaN,NaN,NaN,NaN,NaN,NaN,NaN,NaN,NaN,NaN,46225.23635,0.346510960261177,0.0671875014731436,1697.27559006805
"Almora Reef (20-045)","I",0.644945478504655,-5.64192533493042,148.7699585,-20.2343483,NaN,NaN,NaN,NaN,NaN,NaN,NaN,NaN,NaN,NaN,19807.7848,0.346510960261177,0.0671875014731436,557.945226604719
"Calf Reef (No 1) (20-065a)","I",0.268121429595791,-2.83967924118042,148.84413147,-20.42871666,NaN,NaN,NaN,NaN,NaN,NaN,NaN,NaN,NaN,NaN,711148.4738,0.346510960261177,0.0453058000357774,6606.15787024992
"Calf Reef (No 2) (20-065b)","I",0.898509784545126,-2.96746492385864,148.85012817,-20.42609596,NaN,NaN,NaN,NaN,NaN,NaN,NaN,NaN,NaN,NaN,656.7050641,0.346510960261177,0.0453058000357774,132.378243686601
"Calf Reef (No 3) (20-065c)","I",0.913574710479788,0.197029128670692,148.85063171,-20.42651367,NaN,NaN,NaN,NaN,NaN,NaN,NaN,NaN,NaN,NaN,272.3193448,0.346510960261177,0.0453058000357774,50
"Long Shoal (20-066)","I",3.23047129380156,-8.76749515533447,148.93826294,-20.48897934,0.07393,4.40432,35.37241,0.56923,33.56634,0.05977,0.09543,0.73506,0.09996,"Marine National Park",2045576.427,0.346510960261177,0.0308458562823141,13898.2576141711
"Border Island Reef (No 1) (20-067a)","I",26.7608331630573,-2.31993103027344,149.02896118,-20.16838264,0.15,4.43,35.33,0.51,22.09,0.17,0.00731,0.11906,0.58074,"Marine National Park",724374.8949,0.346510960261177,0.0671875014731436,8903.09502310255
"U/N Reef (19-301)","O",111.473934147428,-35.7634773254395,149.22909546,-19.28629875,NaN,NaN,NaN,NaN,NaN,NaN,NaN,NaN,NaN,NaN,641525.3415,0.0434917389336278,0.000871359460175387,3385.36915236371
"U/N Reef (19-302)","M",91.4466204393575,-21.7460594177246,149.23916626,-19.54565048,0.172625,4.50974,35.29006,0.287035,4.300495,0.028865,0.01916,0.02448,0.25174,"Habitat Protection",2672781.53,0.210131399690401,0.00929112396858979,8275.53417908173
"U/N Reef (19-303)","M",89.7392478205737,-27.6269512176514,149.24130249,-19.56520462,0.17,4.51,35.31,0.26,2.7,0.02,0.01297,0.01916,0.15097,"Habitat Protection",792672.4167,0.237961444251112,0.023023901926452,5297.93286535777
"U/N Reef (19-304)","M",92.3084225639647,-23.5443420410156,149.24501038,-19.53996468,NaN,NaN,NaN,NaN,NaN,NaN,NaN,NaN,NaN,NaN,68322.42124,0.210131399690401,0.00929112396858979,957.355523821653
"U/N Reef (19-305)","M",83.005627664979,-37.2293853759766,149.26469421,-19.655653,0.195118,4.481046,35.3079325,0.279367,4.496215,0.047511,0.01221,0.0238765,0.240139,"Habitat Protection",21936185.77,0.197517552629615,0.0315434007488841,26468.4152758826
"U/N Reef (19-306)","O",120.835120319708,-50.6534194946289,149.27871704,-19.21601295,0.199213636363636,4.55153909090909,35.3043054545455,0.32348,5.32610454545455,0.0739790909090909,0.00805818181818182,0.00957090909090909,0.00860545454545455,"Marine National Park",11922422.45,0.0759337487975239,0.000871359460175387,18674.9921460325
"U/N Reef (19-307)","O",109.613949655518,-39.055793762207,149.28038025,-19.35026932,0.25426,4.527402,35.315184,0.358368,5.398824,0.046718,0.0084,0.011186,0.014314,"Habitat Protection",4237596.16,0.0551338447794653,0.000871359460175387,7461.12388644231
"U/N Reef (20-027)","I",3.58855818892679,-3.84370565414429,148.60585022,-20.13317299,NaN,NaN,NaN,NaN,NaN,NaN,NaN,NaN,NaN,NaN,94224.51677,0.346510960261177,0.0342874374407557,2762.31351955519
"Hook Island Reef (No 1) (20-028a)","I",22.7680749928045,0.118248172104359,148.94364929,-20.11535072,0.2,4.41,35.19,0.89,0,0.06,0.00922,0.15056,0.6074,"Conservation Park",2256617.503,0.346510960261177,0.0671875014731436,19807.0975027645
"Hook Island Reef (No 2) (20-028b)","I",18.7983797629875,-4.91874933242798,148.92883301,-20.16004562,NaN,NaN,NaN,NaN,NaN,NaN,NaN,NaN,NaN,NaN,3786996.307,0.346510960261177,0.0671875014731436,20884.0038686526
"Hook Island Reef (No 3) (20-028c)","I",18.3221063897181,-4.05032730102539,148.92100525,-20.1589241,NaN,NaN,NaN,NaN,NaN,NaN,NaN,NaN,NaN,NaN,1885186.55,0.346510960261177,0.0671875014731436,14080.4569836799
"Hook Island Reef (No 4) (20-028d)","I",17.0496522536182,-5.85298776626587,148.90341187,-20.15073013,NaN,NaN,NaN,NaN,NaN,NaN,NaN,NaN,NaN,NaN,4218627.549,0.346510960261177,0.0671875014731436,21355.1460995575
"Hook Island Reef (No 5) (20-028e)","I",19.1855747208538,-7.53877401351929,148.89726257,-20.1150074,0.2,4.42,35.18,0.95,0,0.06,0.01024,0.18786,0.59436,"Conservation Park",1211978.148,0.346510960261177,0.0671875014731436,19739.3714809831
"Hook Island Reef (No 6) (20-028f)","I",23.1557559706657,-5.29826211929321,148.90800476,-20.07657051,NaN,NaN,NaN,NaN,NaN,NaN,NaN,NaN,NaN,NaN,1171632.676,0.346510960261177,0.0671875014731436,12185.8173594373
"U/N Reef (20-046)","I",0.234782979240038,-1.49012815952301,148.79504395,-20.28438187,NaN,NaN,NaN,NaN,NaN,NaN,NaN,NaN,NaN,NaN,595226.1889,0.346510960261177,0.0671875014731436,5307.11497615639
"Low Rock Reef (20-047)","I",0.877399540981313,-20.5101013183594,148.80155945,-20.28759575,NaN,NaN,NaN,NaN,NaN,NaN,NaN,NaN,NaN,NaN,13309.47295,0.346510960261177,0.0671875014731436,409.690401170875
"Border Island Reef (No 2) (20-067b)","I",27.6253724250226,-3.83859157562256,149.03865051,-20.16909027,NaN,NaN,NaN,NaN,NaN,NaN,NaN,NaN,NaN,NaN,189706.8894,0.346510960261177,0.0671875014731436,3671.73657979693
"Border Island Reef (No 3) (20-067c)","I",27.7910687893826,1.58794677257538,149.03349304,-20.1568203,NaN,NaN,NaN,NaN,NaN,NaN,NaN,NaN,NaN,NaN,261591.8106,0.346510960261177,0.0671875014731436,4759.96884771336
"U/N Reef (19-308)","M",106.855593489578,-41.3245391845703,149.28742981,-19.4111557,0.185938333333333,4.53711333333333,35.2835616666667,0.303141666666667,5.04832333333333,0.0252533333333333,0.00566,0.00832333333333333,0.0172966666666667,"Habitat Protection",7816035.339,0.113253057762125,0.0101171340115052,11132.0684935056
"U/N Reef (19-309)","M",111.958705594302,-14.1330080032349,149.3510437,-19.39413071,NaN,NaN,NaN,NaN,NaN,NaN,NaN,NaN,NaN,NaN,366901.0919,0.0425204918032787,0,2680.79604905482
"U/N Reef (19-310)","O",122.374443585405,-40.8813858032227,149.35316467,-19.25749779,0.2491,4.52583166666667,35.325315,0.333566666666667,5.717205,0.05035,0.00854333333333333,0.00828,0.00844666666666667,"Habitat Protection",7233157.936,0.0551338447794653,0.000871359460175387,13379.9962921912
"U/N Reef (19-311)","O",119.294825079484,-50.8594551086426,149.37947083,-19.33300209,0.231321666666667,4.54572166666667,35.3041016666667,0.318263333333333,5.35655,0.0416966666666667,0.009025,0.00701833333333333,0.00867333333333333,"Habitat Protection",6660430.96,0.0551338447794653,0.000871359460175387,10423.6055915862
"U/N Reef (19-312)","I",35.6119504231463,-22.3828029632568,147.55705261,-19.02228546,NaN,NaN,NaN,NaN,NaN,NaN,NaN,NaN,NaN,NaN,630380.3974,0.0856469119533932,0.0158816085953823,3200.23550043594
"Hook Island Reef (No 7) (20-028g)","I",24.5938138940614,-5.72552442550659,148.92481995,-20.07283401,NaN,NaN,NaN,NaN,NaN,NaN,NaN,NaN,NaN,NaN,1070538.061,0.346510960261177,0.0671875014731436,8179.85017843011
"Hook Island Reef (No 9) (20-028h)","I",27.7584657766933,-5.90479707717896,148.95826721,-20.06318474,NaN,NaN,NaN,NaN,NaN,NaN,NaN,NaN,NaN,NaN,323352.9652,0.346510960261177,0.0671875014731436,9035.27580111293
"Hook Island Reef (No 8) (20-028j)","I",26.0112153061884,-8.41721439361572,148.93867493,-20.06734848,NaN,NaN,NaN,NaN,NaN,NaN,NaN,NaN,NaN,NaN,117301.1149,0.346510960261177,0.0671875014731436,3292.11322456696
"Hook Island Reef (No 10) (20-028i)","I",25.7708891212305,-0.700987935066223,148.95419312,-20.08506966,NaN,NaN,NaN,NaN,NaN,NaN,NaN,NaN,NaN,NaN,852360.6204,0.346510960261177,0.0671875014731436,13820.1473908721
"Hook Island Reef (No 11) (20-028l)","I",24.5739384271307,-2.69303011894226,148.95611572,-20.10394287,NaN,NaN,NaN,NaN,NaN,NaN,NaN,NaN,NaN,NaN,62958.83696,0.346510960261177,0.0671875014731436,1621.46586400261
"Low Island Reef (20-029)","I",1.51676682388828,-3.90448117256165,148.57978821,-20.14570808,NaN,NaN,NaN,NaN,NaN,NaN,NaN,NaN,NaN,NaN,118647.5171,0.346510960261177,0.0355152645195299,1654.84449194473
"Shute Reef (20-048)","I",1.05211364545513,-2.79273843765259,148.80102539,-20.29733086,NaN,NaN,NaN,NaN,NaN,NaN,NaN,NaN,NaN,NaN,168805.485,0.346510960261177,0.0671875014731436,2738.18325977051
"Dumbell Reef (No 1) (20-068a)","I",24.5066513455787,-1.6186990737915,149.00721741,-20.17323875,NaN,NaN,NaN,NaN,NaN,NaN,NaN,NaN,NaN,NaN,55500.69,0.346510960261177,0.0671875014731436,2052.32687084188
"Dumbell Reef (No 2) (20-068b)","I",24.6153048767785,-4.61802196502686,149.00930786,-20.17479134,NaN,NaN,NaN,NaN,NaN,NaN,NaN,NaN,NaN,NaN,25445.27748,0.346510960261177,0.0671875014731436,1028.03410375213
"Petrel Reef (20-069)","I",33.3390239013357,-6.10020875930786,149.11491394,-20.19784927,NaN,NaN,NaN,NaN,NaN,NaN,NaN,NaN,NaN,NaN,19108.45544,0.346510960261177,0.0671875014731436,629.333291478453
"Sand Island (19-802)","I",5.44747948254844,-3.46798467636108,147.37013245,-19.3511219,NaN,NaN,NaN,NaN,NaN,NaN,NaN,NaN,NaN,NaN,479237.5401,0.346510960261177,0.0158816085953823,2541.5248993942
"U/N Reef (20-001)","I",1.5168402681987,-1.65160846710205,148.25028992,-20.02507591,NaN,NaN,NaN,NaN,NaN,NaN,NaN,NaN,NaN,NaN,3685607.669,0.346510960261177,0.0238982304223097,20616.5541420784
"North Head Reef (20-002)","I",1.05647977245744,-2.20124387741089,148.27438354,-20.02167892,NaN,NaN,NaN,NaN,NaN,NaN,NaN,NaN,NaN,NaN,87836.44602,0.346510960261177,0.0238982304223097,2140.38703760662
"Gloucester Reef (No 1) (20-003a)","I",3.20667827459366,-4.49796915054321,148.4488678,-20.03830528,NaN,NaN,NaN,NaN,NaN,NaN,NaN,NaN,NaN,NaN,2912920.849,0.346510960261177,0.0379102027004716,29113.7041368764
"Grassy Reef (20-030)","I",2.39620681413605,-1.75039148330688,148.60662842,-20.14949417,NaN,NaN,NaN,NaN,NaN,NaN,NaN,NaN,NaN,NaN,973985.3884,0.346510960261177,0.0671875014731436,6259.9408914167
"Roseric Shoal (20-031)","I",3.45905727270228,-21.8813419342041,148.70889282,-20.18407631,NaN,NaN,NaN,NaN,NaN,NaN,NaN,NaN,NaN,NaN,192252.9037,0.346510960261177,0.0671875014731436,1657.93341296084
"Pioneer Rocks Reef (20-032)","I",2.05082267430155,-8.85436630249023,148.75732422,-20.22656441,NaN,NaN,NaN,NaN,NaN,NaN,NaN,NaN,NaN,NaN,34233.61525,0.346510960261177,0.0671875014731436,799.090415686169
"North Molle Reef (20-033)","I",5.27186310048013,-5.46287631988525,148.82090759,-20.23189163,NaN,NaN,NaN,NaN,NaN,NaN,NaN,NaN,NaN,NaN,403882.0382,0.346510960261177,0.0671875014731436,13316.8559054373
"Repair Reef (20-049a)","I",0.638916069962835,-3.09339141845703,148.79159546,-20.29678726,NaN,NaN,NaN,NaN,NaN,NaN,NaN,NaN,NaN,NaN,238639.0053,0.346510960261177,0.0671875014731436,2257.58321650034
"Tancred Reef (20-049b)","I",0.914123424875696,-2.90714240074158,148.79595947,-20.29909706,NaN,NaN,NaN,NaN,NaN,NaN,NaN,NaN,NaN,NaN,393752.7163,0.346510960261177,0.0671875014731436,2903.85499396102
"Alert Bank (20-050)","I",3.67030463600316,-24.5613498687744,148.84660339,-20.30469131,NaN,NaN,NaN,NaN,NaN,NaN,NaN,NaN,NaN,NaN,281799.7738,0.346510960261177,0.0671875014731436,2065.073955756
"Esk Island Reef (20-070)","I",24.7153247378709,-4.53059864044189,149.0413208,-20.23356819,NaN,NaN,NaN,NaN,NaN,NaN,NaN,NaN,NaN,NaN,173013.6924,0.346510960261177,0.0671875014731436,2183.27402149836
"Gloucester Reef (No 2) (20-003b)","I",7.80133573079065,-2.01603555679321,148.46907043,-19.99414444,NaN,NaN,NaN,NaN,NaN,NaN,NaN,NaN,NaN,NaN,145924.5997,0.346510960261177,0.02714690573057,3798.35076488134
"Gloucester Reef (No 3) (20-003c)","I",7.32886990703178,4.70241069793701,148.47633362,-19.99939156,NaN,NaN,NaN,NaN,NaN,NaN,NaN,NaN,NaN,NaN,5548.49085,0.346510960261177,0.02714690573057,318.083112678603
"Gloucester Reef (No 4) (20-003d)","I",6.8786039460131,3.45538544654846,148.47612,-20.00348282,NaN,NaN,NaN,NaN,NaN,NaN,NaN,NaN,NaN,NaN,18810.73561,0.346510960261177,0.02714690573057,668.306767442691
"Gloucester Reef (No 5) (20-003e)","I",5.20056305220698,-0.133347555994987,148.47497559,-20.01872063,NaN,NaN,NaN,NaN,NaN,NaN,NaN,NaN,NaN,NaN,124967.9505,0.346510960261177,0.0379102027004716,2845.99071297916
"Gloucester Reef (No 6) (20-003f)","I",4.36465714112099,3.78166794776917,148.47555542,-20.02669525,NaN,NaN,NaN,NaN,NaN,NaN,NaN,NaN,NaN,NaN,5464.747133,0.346510960261177,0.0379102027004716,223.30953629328
"Gloucester Reef (No 7) (20-003g)","I",3.99674410428924,4.75604581832886,148.4756012,-20.03020859,NaN,NaN,NaN,NaN,NaN,NaN,NaN,NaN,NaN,NaN,3703.553765,0.346510960261177,0.0379102027004716,166.681772379341
"Mid Molle Reef (20-034)","I",4.53320788288134,-3.52350282669067,148.83024597,-20.24907303,NaN,NaN,NaN,NaN,NaN,NaN,NaN,NaN,NaN,NaN,114828.6713,0.346510960261177,0.0671875014731436,2307.59176293038
"Daydream Reef (No 1) (20-035a)","I",3.18922284514434,-4.93679857254028,148.81378174,-20.25341225,NaN,NaN,NaN,NaN,NaN,NaN,NaN,NaN,NaN,NaN,58803.74501,0.346510960261177,0.0671875014731436,2602.19704722195
"White Rock Reef (20-051)","I",1.79766441839227,-4.3926362991333,148.80989075,-20.30286217,NaN,NaN,NaN,NaN,NaN,NaN,NaN,NaN,NaN,NaN,17286.33796,0.346510960261177,0.0671875014731436,762.452603120087
"U/N Reef (20-052)","I",0.61906342454571,-1.79777848720551,148.78392029,-20.30244064,NaN,NaN,NaN,NaN,NaN,NaN,NaN,NaN,NaN,NaN,3944181.028,0.346510960261177,0.0671875014731436,16978.9724171262
"Henning Reef (20-053)","I",9.86455578121618,-4.55829238891602,148.92999268,-20.32267761,NaN,NaN,NaN,NaN,NaN,NaN,NaN,NaN,NaN,NaN,1453073.68,0.346510960261177,0.0671875014731436,6805.6022121491
"Ireby Reef (20-071)","I",34.3904158974768,-12.4605112075806,149.14250183,-20.22736168,NaN,NaN,NaN,NaN,NaN,NaN,NaN,NaN,NaN,NaN,44150.01632,0.346510960261177,0.0671875014731436,1112.62057710698
"Sillago Reef (20-072)","I",35.7079449950923,-10.6252584457397,149.16030884,-20.2368145,NaN,NaN,NaN,NaN,NaN,NaN,NaN,NaN,NaN,NaN,30467.60237,0.346510960261177,0.0671875014731436,1300.84662401923
"Gloucester Reef (No 8) (20-003h)","I",2.80641040099247,-2.67795538902283,148.47570801,-20.04196358,NaN,NaN,NaN,NaN,NaN,NaN,NaN,NaN,NaN,NaN,92352.25826,0.346510960261177,0.0379102027004716,2183.47762057973
"Daydream Reef (No 2) (20-035b)","I",2.47282052306526,-4.08844661712646,148.81378174,-20.2606411,NaN,NaN,NaN,NaN,NaN,NaN,NaN,NaN,NaN,NaN,40430.41558,0.346510960261177,0.0671875014731436,1416.9713667547
"Daydream Reef (No 3) (20-035c)","I",2.921267578714,4.90770530700684,148.81478882,-20.25654411,NaN,NaN,NaN,NaN,NaN,NaN,NaN,NaN,NaN,NaN,31977.07763,0.346510960261177,0.0671875014731436,1339.51091402664
"Daydream Reef (No 4) (20-035d)","I",3.25976680524083,0.00930484104901552,148.81532288,-20.25338173,NaN,NaN,NaN,NaN,NaN,NaN,NaN,NaN,NaN,NaN,6638.945483,0.346510960261177,0.0671875014731436,453.645687068852
"Conder Shoal (20-036)","I",12.2206566020144,-16.0424308776855,148.91166687,-20.24215126,NaN,NaN,NaN,NaN,NaN,NaN,NaN,NaN,NaN,NaN,105981.0177,0.346510960261177,0.0671875014731436,1254.07002772738
"Ross Islet Reef (20-037)","I",13.1129599361112,-6.41275691986084,148.92556763,-20.26183891,NaN,NaN,NaN,NaN,NaN,NaN,NaN,NaN,NaN,NaN,34272.80356,0.346510960261177,0.0671875014731436,877.149578984631
"U/N Reef (20-038)","I",0.540490089830111,-4.64491987228394,148.74642944,-20.25092316,NaN,NaN,NaN,NaN,NaN,NaN,NaN,NaN,NaN,NaN,3443614.992,0.346510960261177,0.0671875014731436,17216.2338290315
"Hill Rock Reef (20-039)","I",11.5739789493862,-4.31914901733398,148.91085815,-20.26172447,0.18,4.4,35.21,0.89,0,0.01,0.00989,0.42569,0.45399,"Conservation Park",482925.5141,0.346510960261177,0.0671875014731436,9688.1963526807
"Cid Reef (20-040)","I",11.9233625153281,-1.27301836013794,148.91755676,-20.26990128,NaN,NaN,NaN,NaN,NaN,NaN,NaN,NaN,NaN,NaN,386252.3814,0.346510960261177,0.0671875014731436,7487.11446626682
"East Rocks Reef (20-054)","I",2.72434804577133,-4.81453704833984,148.86065674,-20.33601952,NaN,NaN,NaN,NaN,NaN,NaN,NaN,NaN,NaN,NaN,15080.26623,0.346510960261177,0.0671875014731436,542.788768095904
"Wirrainbeia Reef (20-073)","I",34.0692948600093,-9.31054496765137,149.14204407,-20.23366547,NaN,NaN,NaN,NaN,NaN,NaN,NaN,NaN,NaN,NaN,35006.57381,0.346510960261177,0.0671875014731436,1030.59060319639
"Harold Reef (20-074)","I",34.8670753493607,-12.843279838562,149.15301514,-20.24010658,NaN,NaN,NaN,NaN,NaN,NaN,NaN,NaN,NaN,NaN,109104.0637,0.346510960261177,0.0671875014731436,4136.50050590463
"Stone Reef (20-004)","I",2.47717477551235,-2.14169049263,148.28443909,-20.03719139,NaN,NaN,NaN,NaN,NaN,NaN,NaN,NaN,NaN,NaN,2363509.751,0.346510960261177,0.0232983261048783,14506.3649698898
"U/N Reef (20-005)","I",0.488723643520359,-1.33440661430359,148.26647949,-20.06920052,NaN,NaN,NaN,NaN,NaN,NaN,NaN,NaN,NaN,NaN,7147090.95,0.346510960261177,0.0308458562823141,26183.6052108881
"Black Currant-Manta Ray Reef (No 2) (20-010b)","I",1.00932132590143,-3.65679144859314,148.44236755,-20.06514931,0.185,4.5,34.99,1.505,76.26,0,0.06735,0.42932,0.37942,"Habitat Protection",4390930.075,0.346510960261177,0.0379102027004716,14331.0686986535
"Chyebassa Shoal (20-007)","I",5.49232839134875,-10.0919246673584,148.33752441,-20.07639503,NaN,NaN,NaN,NaN,NaN,NaN,NaN,NaN,NaN,NaN,229418.5456,0.346510960261177,0.0308458562823141,1780.63033041052
"Winter Shoal (20-008)","I",3.10772278065217,-7.78125047683716,148.30184937,-20.07342529,NaN,NaN,NaN,NaN,NaN,NaN,NaN,NaN,NaN,NaN,104778.9532,0.346510960261177,0.0308458562823141,1216.9789726514
"Whitsunday Island Reef (No 1) (20-041a)","I",20.8656892997873,-2.14623522758484,148.98013306,-20.19519615,0.13316,4.42331,35.33737,0.47559,26.41829,0.09592,0.00952,0.25356,0.56667,"Habitat Protection",1265341.462,0.346510960261177,0.0671875014731436,12552.3033547716
"Whitsunday Island Reef (No 2) (20-041b)","I",20.92785308369,-0.138425052165985,148.99261475,-20.22229195,NaN,NaN,NaN,NaN,NaN,NaN,NaN,NaN,NaN,NaN,355199.2399,0.346510960261177,0.0671875014731436,4988.73125781487
"Whitsunday Island Reef (No 3) (20-041c)","I",20.5546771540054,0.284759879112244,148.99784851,-20.24028397,NaN,NaN,NaN,NaN,NaN,NaN,NaN,NaN,NaN,NaN,825354.3485,0.346510960261177,0.0671875014731436,8759.92111171656
"Whitsunday Island Reef (No 4) (20-041d)","I",21.5700812141944,-1.64582467079163,149.01274109,-20.24419212,0.13935,4.41932,35.33107,0.5045,31.31927,0.07799,0.00759,0.28838,0.54887,"Habitat Protection",2490300.025,0.346510960261177,0.0671875014731436,10618.5962301116
"Perseverance Reef (20-055)","I",15.6819107670237,-4.04475927352905,148.99220276,-20.35527611,NaN,NaN,NaN,NaN,NaN,NaN,NaN,NaN,NaN,NaN,115575.7675,0.346510960261177,0.0671875014731436,4774.70647383606
"Young Island Reef (20-056)","I",15.7999494929055,-6.3268346786499,148.99694824,-20.35725975,NaN,NaN,NaN,NaN,NaN,NaN,NaN,NaN,NaN,NaN,32650.72867,0.346510960261177,0.0671875014731436,1448.50110331231
"Edward Island Reef (20-075a)","I",37.3685635703157,-13.7537612915039,149.17373657,-20.24800873,NaN,NaN,NaN,NaN,NaN,NaN,NaN,NaN,NaN,NaN,354347.8631,0.346510960261177,0.0671875014731436,6894.36302635887
"Thomas Reef (20-009)","I",2.19968894456873,-3.34546041488647,148.29556274,-20.08224487,NaN,NaN,NaN,NaN,NaN,NaN,NaN,NaN,NaN,NaN,412976.2837,0.346510960261177,0.0308458562823141,3050.45804994201
"Poole Reef (20-011)","I",1.34128356410191,-2.35471439361572,148.30851746,-20.10821152,NaN,NaN,NaN,NaN,NaN,NaN,NaN,NaN,NaN,NaN,1762726.116,0.346510960261177,0.0308458562823141,7425.35373735784
"Whitsunday Island Reef (No 5) (20-041e)","I",23.003555399258,-2.45493698120117,149.05473328,-20.30198097,NaN,NaN,NaN,NaN,NaN,NaN,NaN,NaN,NaN,NaN,670340.8828,0.346510960261177,0.0671875014731436,8700.47227188072
"Whitsunday Island Reef (No 6) (20-041f)","I",21.7845455124947,-8.97733592987061,149.04536438,-20.31279182,NaN,NaN,NaN,NaN,NaN,NaN,NaN,NaN,NaN,NaN,53552.93763,0.346510960261177,0.0671875014731436,1260.62880515374
"Whitsunday Island Reef (No 7) (20-041g)","I",21.5769831296853,-6.02093982696533,149.04203796,-20.30731583,NaN,NaN,NaN,NaN,NaN,NaN,NaN,NaN,NaN,NaN,461889.516,0.346510960261177,0.0671875014731436,4765.32416706825
"Hamilton Island Reef (No 1) (20-057a)","I",12.9452523030017,-1.56341159343719,148.96455383,-20.34486198,NaN,NaN,NaN,NaN,NaN,NaN,NaN,NaN,NaN,NaN,799557.2616,0.346510960261177,0.0671875014731436,7045.97662878815
"Hamilton island Reef (No 2) (20-057b)","I",12.8593705204457,-2.76587510108948,148.96372986,-20.36150932,NaN,NaN,NaN,NaN,NaN,NaN,NaN,NaN,NaN,NaN,679899.0826,0.346510960261177,0.0671875014731436,9748.35628824097
"U/N Reef (20-075b)","I",37.7306444509845,-12.1940793991089,149.18463135,-20.25502205,NaN,NaN,NaN,NaN,NaN,NaN,NaN,NaN,NaN,NaN,5750.824445,0.346510960261177,0.0671875014731436,326.244482670402
"Lagoon Rock Reef (20-076)","I",23.0251875904178,-5.33927631378174,149.04193115,-20.2667141,NaN,NaN,NaN,NaN,NaN,NaN,NaN,NaN,NaN,NaN,39468.21894,0.346510960261177,0.0671875014731436,860.422260040593
"U/N Reef (20-077)","I",26.8929171938087,-1.2256475687027,149.08009338,-20.26204109,NaN,NaN,NaN,NaN,NaN,NaN,NaN,NaN,NaN,NaN,140785.1184,0.346510960261177,0.0671875014731436,1632.31690144252
"Haslewood Island Reef (No 1) (20-078a)","I",28.0878083914113,-1.70736038684845,149.09307861,-20.26375389,NaN,NaN,NaN,NaN,NaN,NaN,NaN,NaN,NaN,NaN,939372.8314,0.346510960261177,0.0671875014731436,9038.62383968955
"Eshelby Reef (20-012)","I",8.47917885023198,-27.5336570739746,148.62390137,-20.01794243,NaN,NaN,NaN,NaN,NaN,NaN,NaN,NaN,NaN,NaN,298482.9552,0.346510960261177,0.0355152645195299,2718.54416030758
"U/N Reef (20-013)","I",8.36658572424908,-14.0558986663818,148.62631226,-20.02226257,NaN,NaN,NaN,NaN,NaN,NaN,NaN,NaN,NaN,NaN,21001.12522,0.346510960261177,0.0355152645195299,823.355856967736
"Whitsunday Island Reef (No 8) (20-041h)","I",15.4197246283246,-2.21582102775574,148.98327637,-20.31527519,NaN,NaN,NaN,NaN,NaN,NaN,NaN,NaN,NaN,NaN,377079.6059,0.346510960261177,0.0671875014731436,3188.11803737612
"Whitsunday Island Reef (No 9) (20-041j)","I",12.607940443171,-3.96802449226379,148.9546051,-20.31395149,0.11679,4.41583,35.33542,0.54808,29.47248,0.04768,0.01101,0.54691,0.34895,"Conservation Park",2949662.698,0.346510960261177,0.0671875014731436,8813.11439850554
"Whitsunday Island Reef (No 10) (20-041k)","I",13.0042102268371,-1.59400570392609,148.95071411,-20.29681396,NaN,NaN,NaN,NaN,NaN,NaN,NaN,NaN,NaN,NaN,2688417.195,0.346510960261177,0.0671875014731436,15957.4712848966
"Hamilton Island Reef (No 3) (20-057c)","I",11.287878403893,-3.43490791320801,148.94784546,-20.33783913,NaN,NaN,NaN,NaN,NaN,NaN,NaN,NaN,NaN,NaN,328999.2796,0.346510960261177,0.0671875014731436,5779.94462028424
"Hamilton Island Reef (No 4) (20-057d)","I",11.0701455781227,-5.42631721496582,148.94662476,-20.35720634,NaN,NaN,NaN,NaN,NaN,NaN,NaN,NaN,NaN,NaN,34262.50965,0.346510960261177,0.0671875014731436,1594.36705415765
"Hamilton Island Reef (No 5) (20-057e)","I",11.3424260796683,-1.90165829658508,148.94903564,-20.36409378,NaN,NaN,NaN,NaN,NaN,NaN,NaN,NaN,NaN,NaN,416241.5743,0.346510960261177,0.0671875014731436,3123.27383001247
"Haslewood Island Reef (No 2) (20-078b)","I",25.9039183328434,-0.99380624294281,149.07511902,-20.27492523,NaN,NaN,NaN,NaN,NaN,NaN,NaN,NaN,NaN,NaN,443059.7448,0.346510960261177,0.0671875014731436,5312.06761542128
"Haslewood Island Reef (No 3) (20-078c)","I",25.0427946621261,-0.400794804096222,149.07316589,-20.29553604,NaN,NaN,NaN,NaN,NaN,NaN,NaN,NaN,NaN,NaN,330359.4575,0.346510960261177,0.0671875014731436,4994.8493746122
"Hayman Island Reef (20-014)","I",23.526416367444,-1.9638671875,148.89082336,-20.06110573,0.158376666666667,4.42537,35.2661733333333,0.6657,31.4474833333333,0.0544366666666667,0.0087,0.09597,0.57902,"Conservation Park",3149428.547,0.346510960261177,0.0671875014731436,12087.16737199
"Saddleback Island Reef (No 1) (20-015a)","I",1.33690164279171,-2.77532744407654,148.53865051,-20.06451797,NaN,NaN,NaN,NaN,NaN,NaN,NaN,NaN,NaN,NaN,330250.0811,0.346510960261177,0.0355152645195299,5914.5505313655
"Saddleback Island Reef (No 2) (20-015b)","I",1.65532976788879,2.19598245620728,148.54428101,-20.06041527,NaN,NaN,NaN,NaN,NaN,NaN,NaN,NaN,NaN,NaN,82049.45568,0.346510960261177,0.0355152645195299,2421.19454155674
"U/N Reef (19-130)","M",80.4824056313935,-6.88057565689087,149.33648682,-19.74901962,0.19,4.45,35.31,0.23,5.6,0.04,0.01073,0.01924,0.18192,"Habitat Protection",415880.3777,0.782657657657658,0.00608108108108108,2410.76295113666
"U/N Reef (19-131a)","M",82.0982785624909,-5.79502391815186,149.36825562,-19.76073265,0.226268,4.442016,35.278248,0.283442,6.318632,0.038,0.011072,0.017822,0.163882,"Habitat Protection",4098328.542,0.578573061971187,0.0459181340041162,18238.5855845017
"U/N Reef (19-131b)","M",81.4666169622164,-2.29394197463989,149.36654663,-19.76760483,NaN,NaN,NaN,NaN,NaN,NaN,NaN,NaN,NaN,NaN,9618.912443,0.97029702970297,0,348.784699344019
"U/N Reef (19-131c)","M",81.8028062500281,-3.53386235237122,149.37147522,-19.76841354,NaN,NaN,NaN,NaN,NaN,NaN,NaN,NaN,NaN,NaN,20826.25839,0.951111111111111,0,677.845194464446
"U/N Reef (19-131d)","M",83.1185505909896,-11.1779766082764,149.37661743,-19.75582695,NaN,NaN,NaN,NaN,NaN,NaN,NaN,NaN,NaN,NaN,6063.702102,0.597014925373134,0,211.739006761133
"U/N Reef (19-131e)","M",83.261706380417,-11.2072696685791,149.37753296,-19.75484848,NaN,NaN,NaN,NaN,NaN,NaN,NaN,NaN,NaN,NaN,3569.501141,0.794871794871795,0,157.275055008662
"U/N Reef (19-131f)","M",83.1641853259928,-12.7433233261108,149.37763977,-19.75631523,NaN,NaN,NaN,NaN,NaN,NaN,NaN,NaN,NaN,NaN,7516.955126,0.493975903614458,0.0481927710843374,289.447593723732
"U/N Reef (19-131g)","M",83.3682008691431,-7.65107393264771,149.3795929,-19.75565338,NaN,NaN,NaN,NaN,NaN,NaN,NaN,NaN,NaN,NaN,41561.23437,0.634920634920635,0.018140589569161,959.094574819712
"U/N Reef (19-132)","M",84.6997303872878,-4.62176132202148,149.39979553,-19.75977516,0.25146,4.4729,35.31247,0.30723,8.80686,0.08536,0.01151,0.01546,0.14766,"Habitat Protection",121671.0273,0.886574074074074,0.00308641975308642,1367.77314232063
"Sinker Reef (19-133)","M",73.1872915934598,-8.48898601531982,149.19891357,-19.71930695,0.22316,4.47201,35.29998,0.36856,8.20377,0.06724,0.01563,0.02178,0.27513,"Marine National Park",355143.3677,0.637972009506205,0.0525481911803538,2423.05545005325
"Circular Quay Reef (19-134)","M",93.0457777269924,-9.60411930084229,149.48550415,-19.74379349,0.228829145299145,4.47572709401709,35.2869217094017,0.295511709401709,7.0485894017094,0.085624188034188,0.00827547008547009,0.00901478632478632,0.0608847008547009,"Habitat Protection",134933798.5,0.260111929569659,0.0566183323910951,60420.9039455522
"Hardy Reef (19-135)","M",71.9844560422103,-5.29563093185425,149.23330688,-19.76042366,0.219043055555556,4.45594583333333,35.2773388888889,0.386257777777778,8.15514083333333,0.0589125,0.0128122222222222,0.0230769444444444,0.265273888888889,"Marine National Park",42891833.45,0.328103261878501,0.0357070315486006,33032.3246742009
"U/N Reef (19-227)","O",160.021145088357,-3.97808599472046,150.34483337,-19.9741745,NaN,NaN,NaN,NaN,NaN,NaN,NaN,NaN,NaN,NaN,808823.6555,0.822827346465817,0.0273464658169177,4330.68098720152
"U/N Reef (19-228)","O",148.773483586799,-6.86059713363647,150.23931885,-19.9932003,NaN,NaN,NaN,NaN,NaN,NaN,NaN,NaN,NaN,NaN,414038.9936,0.688999547306474,0.0941602535083748,2508.52155900665
"Thompson Shoal (19-229)","O",160.572332893127,-48.3219909667969,150.32232666,-19.9044075,NaN,NaN,NaN,NaN,NaN,NaN,NaN,NaN,NaN,NaN,186813.5503,0.569352896178137,0.0208202636632401,1567.08017474817
"Blossom Bank (West) (19-230)","O",168.442005906185,-44.453010559082,150.34951782,-19.79316902,0.41919,4.46261,35.33146,0.32416,3.4938,0.0293,0.00388,0.00448,0.00955,"Habitat Protection",826462.9723,0.379615245133588,0.00583024588785087,3482.81502856125
"Marilyn Shoal (19-231)","O",171.22822414646,-44.4738845825195,150.3888855,-19.8113327,0.2,4.69,35.2,0.41,3.17,0.01,0.00388,0.00432,0.0075,"Habitat Protection",1683647.694,0.486573153123067,0.0111536949685535,6397.58818412077
"Ferris Shoal (19-232)","O",167.163631463358,-42.8564147949219,150.37007141,-19.8595829,0.22,4.62,35.18,0.38,3.52,0.01,0.00388,0.0043,0.01149,"Habitat Protection",1394472.361,0.486573153123067,0.0111536949685535,5374.37157665804
"Maschke Shoal (19-233)","O",164.770690890396,-25.5597019195557,150.35675049,-19.88422775,NaN,NaN,NaN,NaN,NaN,NaN,NaN,NaN,NaN,NaN,722248.3779,0.569352896178137,0.0208202636632401,3207.38206204513
"Blossom Bank (East) (19-234)","O",169.557372675135,-51.0484848022461,150.36332703,-19.79660225,NaN,NaN,NaN,NaN,NaN,NaN,NaN,NaN,NaN,NaN,218058.5893,0.486573153123067,0.0111536949685535,1707.10838294703
"U/N Reef (19-235)","O",164.910086122766,-57.6537132263184,150.34358215,-19.85396385,NaN,NaN,NaN,NaN,NaN,NaN,NaN,NaN,NaN,NaN,505517.7661,0.486573153123067,0.0111536949685535,2671.78554274576
"U/N Reef (19-236)","O",111.651440276588,-21.071174621582,149.41110229,-19.43678665,0.30459,4.51572,35.32492,0.35908,5.94544,0.04576,0.00767,0.00517,0.01174,"Habitat Protection",728514.1282,0.239015363728188,0,3088.63034008998
"U/N Reef (19-237)","M",107.571930356763,-30.2204666137695,149.41893005,-19.48898888,0.19,4.51,35.27,0.25,4.98,0.02,0.00753,0.0061,0.01894,"Habitat Protection",1170508.154,0.531032189387153,0,4099.03712476562
"U/N Reef (19-238)","O",115.146373519595,-30.3385639190674,149.51867676,-19.48023605,0.34216,4.51869,35.32265,0.35508,5.23866,0.12332,0.0059,0.00474,0.01284,"Habitat Protection",1754116.213,0.371666769710702,0.000685530577027633,5206.13760518543
"Wheeler Reef (18-095)","M",57.9617075105202,-14.5007438659668,147.52622986,-18.79788971,0.35262,4.50536,35.28825,0.37935,11.85724,0.03556,0.00479,0.00398,0.02487,"Marine National Park",2904542.034,0.375546558704453,0.0150283400809717,6523.43067057357
"Davies Reef (18-096)","M",59.6603599339902,-12.6425142288208,147.64483643,-18.8224926,0.221965,4.51247857142857,35.1805528571429,0.682946428571429,15.7926242857143,0.0445007142857143,0.00577428571428571,0.00438571428571429,0.0233357142857143,"Conservation Park",16614663.82,0.207529416411513,0.0149014174557092,17000.8633875782
"U/N Reef (18-097)","O",85.4198885391703,-20.473123550415,148.0166626,-18.7971859,NaN,NaN,NaN,NaN,NaN,NaN,NaN,NaN,NaN,NaN,357149.9286,0.0116003163722647,0,2448.39397960835
"U/N Reef (18-098)","M",80.3320353590692,-20.5849323272705,147.97666931,-18.8237896,0.09,4.52,35.14,0.57,9.87,0.06,0.00799,0.00659,0.01358,"Habitat Protection",832275.3546,0.148298858370069,0,4407.40000781452
"Saville-Kent Reef (18-099)","M",70.4811819118585,-22.3454608917236,147.88334656,-18.85930061,0.262087272727273,4.51043954545455,35.2169509090909,0.499006363636364,11.81697,0.0624386363636364,0.00749636363636364,0.00608,0.0193890909090909,"Marine National Park",23939323.95,0.107902699728848,0.0121939717844933,17788.9467056405
"(Big) Broadhurst Reef (No 1) (18-100a)","M",56.7537872188091,-18.7064247131348,147.74226379,-18.90699196,0.201812911392405,4.50940037974684,35.1848040506329,0.625981772151899,14.5870406329114,0.0479910126582278,0.00691886075949367,0.00623227848101266,0.0285410126582278,"Habitat Protection",91426745.23,0.126260839153646,0.0150210354156166,44359.3783186134
"U/N Reef (19-053)","O",108.073365031111,-31.2572803497314,148.81947327,-19.12701416,0.145431666666667,4.55680666666667,35.23131,0.479405,14.4188916666667,0.0164416666666667,0.00451666666666667,0.00537666666666667,0.0156933333333333,"Marine National Park",6203878.609,0.0909559157703378,0,9095.68017890833
"Tiger Reef (19-054)","M",90.7815177535454,-22.8121681213379,148.54875183,-19.20061874,0.142406052631579,4.56010947368421,35.1804273684211,0.740920263157895,11.9326471052632,0.04537,0.00787131578947368,0.00944894736842105,0.0849286842105263,"Marine National Park",41957657.81,0.0517159172563232,0.0041233051805457,29338.5041059085
"U/N Reef (19-055)","O",107.49073575214,-30.7899513244629,148.87086487,-19.14626694,0.20323,4.53335,35.28844,0.39308,14.50496,0.02441,0.00499,0.00596,0.01846,"Marine National Park",1178824.719,0.152477891984289,0.00342880208122175,4021.5846731369
"U/N Reef (19-056)","O",107.410820476999,-19.0716667175293,148.92875671,-19.1659832,0.2083,4.53377,35.2847,0.41452,13.42341,0.02507,0.00468,0.00557,0.02063,"Marine National Park",2356250.468,0.253251935200702,0,5849.73136872174
"U/N Reef (19-057)","M",92.9675296021372,-10.8328084945679,148.59382629,-19.19772339,0.20508,4.54078,35.24696,0.53852,14.0208,0.04841,0.00785,0.00652,0.04337,"Marine National Park",1183298.212,0.313541832036831,0,4561.11154080684
"U/N Reef (19-058)","O",106.10984176372,-24.0994434356689,148.95988464,-19.19041443,0.31813,4.50165,35.32095,0.41714,12.69725,0.02151,0.00468,0.00557,0.02063,"Marine National Park",2073112.226,0.0987715878699968,0,5472.10802797793
"U/N Reef (19-059)","M",103.410529913092,-18.121711730957,148.88011169,-19.18770027,0.14,4.55,35.14,0.92,14.85,0.02,0.00529,0.00577,0.02256,"Marine National Park",1566929.701,0.282331075004497,0.0101924575813898,5335.30862764781
"U/N Reef (19-060)","M",93.2340218373504,-33.7801628112793,148.61181641,-19.2031517,NaN,NaN,NaN,NaN,NaN,NaN,NaN,NaN,NaN,NaN,157833.5459,0.154943096822638,0.00493068734448833,1682.06773342865
"Jacqueline Reef (19-061)","M",101.497312506759,-17.3072147369385,148.90376282,-19.21391678,0.150363333333333,4.55788,35.238725,0.527981666666667,13.6307533333333,0.024625,0.00569833333333333,0.00618666666666667,0.0274016666666667,"Preservation",5797360.864,0.354770741827258,0.0163535875784048,10973.3499144769
"Hook Reef (19-136a)","M",65.9959824973977,-9.51303100585938,149.18539429,-19.79242516,0.202985476190476,4.45876226190476,35.2825845238095,0.389323214285714,9.3688869047619,0.0700113095238095,0.0146204761904762,0.019205119047619,0.230557857142857,"Conservation Park",97036738.36,0.242923638314895,0.110950904347876,41972.5908816573
"Barb Reef (19-136b)","M",60.5605271409473,-16.8357200622559,149.11845398,-19.80438423,0.188668,4.454732,35.307082,0.37319,8.653634,0.06369,0.015232,0.015484,0.207908,"Conservation Park",6493156.97,0.130614247777393,0.0148221914328599,10683.3143808732
"U/N Reef (19-136c)","M",65.660573278742,-20.731912612915,149.12548828,-19.7527504,0.18119,4.45918,35.32045,0.320535,9.11134,0.06902,0.01643,0.01181,0.23507,"Conservation Park",1403822.642,0.345294725136079,0.0671875014731436,5789.73218671329
"Bait Reef (19-137)","M",57.6146818089243,-4.07499265670776,149.07359314,-19.80712891,0.194203333333333,4.45154666666667,35.2858866666667,0.455193333333333,7.93240166666667,0.0670083333333333,0.0130566666666667,0.0131433333333333,0.1831,"Marine National Park",6060599.76,0.662346289315949,0.0757894086386949,9120.26417904798
"U/N Reef (19-138)","M",84.1701408628018,-4.18965435028076,149.42539978,-19.80061722,0.262155,4.47335,35.32259,0.314025,9.65148,0.067445,0.013915,0.01476,0.146525,"Habitat Protection",2656204.631,0.663081046765888,0.0407349932990054,6535.55955111345
"U/N Reef (19-139)","M",117.412820864471,-14.1825895309448,149.58778381,-19.51589012,0.3027,4.51486,35.30601,0.33102,5.26371,0.08415,0.00461,0.00394,0.01495,"Habitat Protection",1323762.732,0.463867810793561,0.0020565917310829,4475.67677144218
"Gable Reef (19-140)","O",129.016357481383,-37.4593276977539,149.74319458,-19.52979279,0.30773,4.5320225,35.2826175,0.33633,3.7641175,0.09942,0.00388,0.00386,0.007845,"Marine National Park",5105016.876,0.0419240953221536,0,17131.7492209442
"Stucco Reef (19-141)","M",115.013133674123,-9.4011697769165,149.59751892,-19.55791283,0.26329,4.50497625,35.2778525,0.3080325,4.996055,0.06085375,0.0045,0.00397,0.02238,"Habitat Protection",11987013.31,0.396238082564929,0.0425740094243624,13430.5719693028
"U/N Reef (19-239)","O",123.076508748321,-42.2228088378906,149.52593994,-19.3914299,0.26124,4.5362125,35.30974875,0.31001625,5.01618875,0.0623325,0.007945,0.0052925,0.00652875,"Habitat Protection",10104335.15,0.334946653709237,0.000685530577027633,15144.9408681262
"U/N Reef (19-240)","M",112.168821078495,-9.26010036468506,149.53842163,-19.53556633,NaN,NaN,NaN,NaN,NaN,NaN,NaN,NaN,NaN,NaN,393103.4007,0.494024856596558,0,2412.15382902475
"U/N Reef (19-241)","O",129.336208286324,-40.0252952575684,149.55230713,-19.33899498,0.35911,4.49816,35.36087,0.34007,5.15926,0.05063,0.00842,0.00522,0.00538,"Habitat Protection",1022239.066,0.255407552265577,0.000685530577027633,3645.44277018497
"U/N Reef (19-242)","O",124.266730609622,-46.9574203491211,149.57891846,-19.42103958,0.308345,4.5345,35.3066175,0.33472,4.530865,0.06403,0.006,0.00434,0.00651,"Habitat Protection",6423699.578,0.451376916651683,0.0148768670518151,10556.6337171011
"U/N Reef (19-243)","M",105.447984341251,-12.5831279754639,149.64784241,-19.76291084,NaN,NaN,NaN,NaN,NaN,NaN,NaN,NaN,NaN,NaN,13938.30667,0.326530612244898,0,382.268254386558
"U/N Reef (19-244)","O",123.786449785374,-47.2965698242188,149.65208435,-19.49703407,0.33,4.54,35.28,0.34,1.76,0.07,0.00447,0.00396,0.01067,"Habitat Protection",2493464.095,0.402397793838142,0.0222314670608391,7269.72312831367
"U/N Reef (19-245)","M",105.257485039639,-5.99981880187988,149.65914917,-19.78281212,NaN,NaN,NaN,NaN,NaN,NaN,NaN,NaN,NaN,NaN,3869.361297,1,0,125.516003332934
"U/N Reef (19-246)","M",104.413571889568,-2.09785223007202,149.66798401,-19.81144524,0.239711428571429,4.45448285714286,35.2691685714286,0.311582857142857,3.41045285714286,0.0910571428571429,0.00428,0.00463428571428571,0.0459042857142857,"Habitat Protection",8156762.263,0.532064980124538,0.0267571976746858,19310.1517215601
"U/N Reef (19-247)","O",122.309458016377,-57.6393165588379,149.67152405,-19.53846359,NaN,NaN,NaN,NaN,NaN,NaN,NaN,NaN,NaN,NaN,73349.69491,0.261749888681006,0.0215459364838115,995.147404943672
"(Big) Broadhurst Reef (No 2) (18-100b)","M",57.9618883296524,-30.9943084716797,147.6938324,-18.8633194,0.194355,4.50973,35.189465,0.5792,14.12436,0.05563,0.00578,0.00499,0.02635,"Habitat Protection",3507512.564,0.110896200827827,0.0157571208585715,10648.4069989665
"Judith Wright Reef (18-101)","M",72.6731553315114,-23.4904003143311,147.95126343,-18.89966774,0.25222972972973,4.50868756756757,35.2205681081081,0.487915135135135,10.6217418918919,0.0547378378378378,0.00654,0.00506891891891892,0.0164435135135135,"Marine National Park",39646138.09,0.123411422810035,0.00811339778186347,25461.7928561883
"U/N Reef (18-102)","M",70.6278742142971,-28.624885559082,147.92066956,-18.89479446,0.18653,4.510575,35.187375,0.54464,10.561625,0.07024,0.00718,0.00515,0.01911,"Habitat Protection",4576768.625,0.123865641990116,0.00396507686824042,8904.89915457763
"U/N Reef (18-103)","M",67.6205168277447,-19.8193054199219,147.89230347,-18.90571022,0.28606,4.51288,35.2456,0.42281,12.40889,0.05793,0.00841,0.00502,0.02109,"Habitat Protection",913457.0029,0.120437203547123,0,3561.56550844888
"U/N Reef (18-104)","M",65.7629286679427,-20.6975555419922,147.8682251,-18.90539932,NaN,NaN,NaN,NaN,NaN,NaN,NaN,NaN,NaN,NaN,656464.8579,0.11869606762972,0.00532526820245037,3165.70976400335
"Banfield Reef (North) (18-105a)","M",66.5233245757087,-21.7964172363281,147.89686584,-18.9248848,0.234655,4.51621,35.223735,0.4641,12.33795,0.0618625,0.007795,0.005085,0.0201,"Habitat Protection",6540552.971,0.127748299613189,0.0037818328228578,9718.14154281419
"Banfield Reef (South) (18-105b)","M",66.4900805356143,-22.2298545837402,147.90930176,-18.93882942,0.29062,4.517535,35.24918,0.413605,12.52195,0.05214,0.00616,0.0048,0.019885,"Habitat Protection",4295110.709,0.152643335815339,0.00575971267136788,8178.02476583492
"(Little) Broadhurst Reef (18-106)","M",49.3834295247991,-26.1221809387207,147.69447327,-18.95594597,0.200502173913043,4.5110852173913,35.2218673913044,0.536161304347826,13.4903026086957,0.0459347826086956,0.00487695652173913,0.00608086956521739,0.0394947826086957,"Habitat Protection",27111207.13,0.0856469119533932,0.0175954502895586,20331.2446980389
"U/N Reef (19-062)","M",99.1442903866053,-36.9931144714355,148.81642151,-19.20934486,0.168104,4.547988,35.250684,0.505022,16.195222,0.02596,0.004696,0.004832,0.028316,"Marine National Park",5660938.666,0.242685910867364,0.00884868171993153,9522.91322865947
"Kangaroo Reef (East) (19-063a)","M",87.6879093844845,-20.8989448547363,148.61715698,-19.26265907,0.141457444444444,4.56200377777778,35.1984036666667,0.717754777777778,13.2614814444444,0.0449091111111111,0.00787266666666667,0.00755822222222222,0.0758095555555556,"Marine National Park",106622026,0.099571541174761,0.0106687568529193,43469.5983434382
"Kangaroo Reef (West) (19-063b)","M",84.8018283853592,-6.78320217132568,148.55070496,-19.25987816,0.191,4.54581,35.22863,0.6146,14.92263,0.05784,0.00861,0.00936,0.10897,"Marine National Park",2494421.948,0.287193193796115,0.0630176178286403,6075.68695663844
"U/N Reef (19-064)","M",98.6008213686611,-35.0693511962891,148.98477173,-19.27558517,0.15584,4.54958875,35.2182975,0.62049625,10.34175125,0.00565875,0.00523,0.00828,0.03936,"Marine National Park",10188187.75,0.0176342619052009,0,13124.762504126
"U/N Reef (19-065)","M",83.5507602050224,-17.2573986053467,148.63209534,-19.31987572,0.14531125,4.5567825,35.14368625,0.98431375,11.444565,0.04429,0.007175,0.007455,0.10394,"Marine National Park",10350443.44,0.223507005849544,0.0347617104248855,15660.9393727534
"U/N Reef (19-066)","M",81.1538901022944,-13.6582880020142,148.63243103,-19.34154129,0.165333333333333,4.54631333333333,35.1862966666667,0.799813333333333,12.7663366666667,0.04816,0.0072,0.00741666666666667,0.102386666666667,"Marine National Park",4507402.035,0.265596368482425,0.0431659170414793,10552.3061671094
"Lath Reef (19-142)","M",119.030088260907,-13.6839046478271,149.66111755,-19.57308006,0.273895,4.5181025,35.276195,0.3245825,4.2112125,0.070485,0.004025,0.0038975,0.0145775,"Marine National Park",4158144.764,0.347087488155936,0.0220638000270721,8111.37737241979
"U/N Reef (19-143)","M",122.264069523884,-15.1097631454468,149.70823669,-19.5850811,NaN,NaN,NaN,NaN,NaN,NaN,NaN,NaN,NaN,NaN,308829.9744,0.492757128881773,0.0171384372511828,2101.62010845295
"U/N Reef (19-144)","M",110.973775241264,-4.45082664489746,149.56803894,-19.5813427,0.23,4.52,35.29,0.26,4.34,0.04,0.0045,0.00397,0.02238,"Habitat Protection",262579.5693,0.878170775276885,0.00714540907466953,1885.87987667621
"U/N Reef (19-145)","M",105.568163399832,-29.1849670410156,149.50488281,-19.58831215,0.215,4.48,35.265,0.25,5.06,0.1,0.00453,0.00409,0.02889,"Habitat Protection",1432219.992,0.121035386631717,0,4540.49795478412
"Rafter Reef (19-146)","M",114.368711014605,-23.0473899841309,149.6325531,-19.61058044,0.243247777777778,4.51204111111111,35.2627366666667,0.3133,4.46593333333333,0.0494511111111111,0.00480666666666667,0.00397666666666667,0.0306166666666667,"Marine National Park",11271248.13,0.121154118224715,0.00718203077537637,14362.5687835109
"Plaster Reef (19-147)","M",116.013999126283,-16.1832962036133,149.66975403,-19.62962532,0.238109333333333,4.50490533333333,35.25367,0.319227333333333,3.983662,0.0652846666666667,0.00424266666666667,0.003882,0.032262,"Marine National Park",16329735.06,0.261754027161799,0.0214111726451732,17174.7759031012
"Eave Reef (19-148)","O",126.123723718196,-7.29069042205811,149.76974487,-19.60277557,0.30663,4.52568,35.28609,0.34325,4.46396,0.0943,0.00388,0.00386,0.02135,"Marine National Park",678706.0921,0.488019803972476,0.0097838372421588,3216.24689849016
"Brick Reef (19-149)","M",121.894258145822,-6.84139823913574,149.72477722,-19.60995483,0.2947,4.52195,35.2881,0.33904,4.56743,0.08644,0.00388,0.00386,0.02061,"Marine National Park",2655797.941,0.652126306866346,0.0293515117264764,6325.17086740501
"U/N Reef (19-150)","M",120.910361687266,-11.7861757278442,149.72479248,-19.62449837,NaN,NaN,NaN,NaN,NaN,NaN,NaN,NaN,NaN,NaN,143432.3454,0.479057591623037,0,1405.52224705521
"U/N Reef (19-248)","M",97.6780489086447,-23.9324512481689,149.67947388,-19.97695732,0.2347875,4.4886575,35.296005,0.44676,5.8311425,0.133865,0.00388,0.00395,0.04165,"Habitat Protection",3747971.035,0.213395329941514,0.0162486533341539,14308.0519799679
"U/N Reef (19-249)","O",121.925433382784,-18.5263900756836,149.68495178,-19.56377029,NaN,NaN,NaN,NaN,NaN,NaN,NaN,NaN,NaN,NaN,200182.4303,0.347045963448145,0.0171384372511828,1655.03101585995
"U/N Reef (19-250)","O",127.133407496081,-39.6188850402832,149.70014954,-19.50313568,0.272113,4.529651,35.285728,0.309381,3.469155,0.074537,0.00388,0.003935,0.006631,"Marine National Park",12378432.65,0.284293131423884,0.00804013058605167,29705.8461794055
"U/N Reef (19-251)","O",124.523840956977,-52.6214179992676,149.7013092,-19.54587936,0.31213,4.53551428571429,35.28443,0.328491428571429,3.49611714285714,0.0711114285714286,0.00388,0.00388714285714286,0.0117014285714286,"Marine National Park",7537082.353,0.347045963448145,0.0171384372511828,16508.7338173853
"U/N Reef (19-252)","M",117.22380268467,-7.23634958267212,149.70855713,-19.65945053,NaN,NaN,NaN,NaN,NaN,NaN,NaN,NaN,NaN,NaN,143761.6703,0.805970149253731,0.00843608046722907,1450.20741522497
"U/N Reef (19-253)","M",117.736206402344,-8.22678089141846,149.75471497,-19.71500969,NaN,NaN,NaN,NaN,NaN,NaN,NaN,NaN,NaN,NaN,23744.78769,0.758064516129032,0,746.20055262856
"U/N Reef (19-254)","M",114.070024459821,-7.90081596374512,149.76200867,-19.79163742,NaN,NaN,NaN,NaN,NaN,NaN,NaN,NaN,NaN,NaN,9484.80073,0.627450980392157,0,337.432112415478
"U/N Reef (18-107)","O",85.236060606629,-20.2686252593994,148.03285217,-18.81633377,0.13,4.54,35.06,0.94,6.42,0.06,0.00846,0.00502,0.01083,"Habitat Protection",959595.6597,0.151408105190855,0,4068.37923725965
"U/N Reef (18-108)","O",91.6779439407305,-17.1258716583252,148.12889099,-18.83682823,0.09,4.53,35.15,0.5,7.83,0.04,0.00417,0.00547,0.01059,"Habitat Protection",500176.1587,0.264225015473254,0.0006433516045189,2659.92294883832
"U/N Reef (18-109)","O",86.876026100439,-18.0444526672363,148.07098389,-18.83655357,NaN,NaN,NaN,NaN,NaN,NaN,NaN,NaN,NaN,NaN,225522.4392,0.229559383527808,0.0006433516045189,1834.01190139289
"U/N Reef (18-110)","O",93.3745467883794,-16.7721519470215,148.16461182,-18.85705757,NaN,NaN,NaN,NaN,NaN,NaN,NaN,NaN,NaN,NaN,391469.3066,0.115597212208604,0,2401.01780061516
"Eagle Reef (18-111)","O",86.3047306666283,-14.201210975647,148.07872009,-18.8542881,0.15726,4.529905,35.19974,0.43971,8.401595,0.041475,0.00481,0.00519,0.01162,"Habitat Protection",1219177.265,0.525669729020304,0.0019300548135567,4484.97866752568
"Viper Reef (18-112)","O",91.144823911749,-11.9430170059204,148.15063477,-18.87314415,0.24723,4.52928,35.24926,0.38301,12.20038,0.04406,0.00417,0.00547,0.01059,"Habitat Protection",2474707.379,0.368119374470033,0.00448992815139217,6051.77426754343
"U/N Reef (18-113)","O",94.3161750939311,-16.7282199859619,148.19631958,-18.88841629,NaN,NaN,NaN,NaN,NaN,NaN,NaN,NaN,NaN,NaN,209088.4282,0.368119374470033,0.00448992815139217,1694.54132568946
"U/N Reef (18-114)","O",101.095519597801,-36.321418762207,148.245224,-18.89240456,NaN,NaN,NaN,NaN,NaN,NaN,NaN,NaN,NaN,NaN,644084.7377,0.253839651809097,0.00384657654687327,3316.5237379165
"Jupiter Reef (18-115)","O",98.3113553144436,-15.2220039367676,148.25306702,-18.92404175,0.13919,4.54773333333333,35.15827,0.605253333333333,12.1565433333333,0.03259,0.00388,0.00695,0.00868,"Habitat Protection",2568013.226,0.463091182181192,0.0115397296406198,6179.64260969672
"U/N Reef (18-116)","O",100.703413120499,-39.3191947937012,148.31797791,-18.93338776,0.185335,4.5520675,35.240005,0.37465,14.89202,0.03282,0.00388,0.00643,0.00845,"Habitat Protection",5241864.285,0.237397041241828,0.00432089144643234,8527.74892096397
"U/N Reef (18-117)","O",97.1040750297455,-42.4721755981445,148.2897644,-18.95526123,0.128291666666667,4.55725333333333,35.2067583333333,0.427556666666667,15.5712616666667,0.031875,0.00388,0.00532,0.01189,"Habitat Protection",8532877.668,0.237397041241828,0.00432089144643234,11840.1589998192
"U/N Reef (19-067)","M",79.219304034261,-17.6479187011719,148.63449097,-19.3591938,0.1375,4.5575,35.15,0.9825,10.195,0.01,0.006575,0.00844,0.11066,"Habitat Protection",3813998.885,0.176065347898829,0.0212085424662927,8069.12722210597
"U/N Reef (19-068)","M",80.7330152138243,-28.0673274993896,148.68278503,-19.35120201,0.139740714285714,4.55534714285714,35.2085778571429,0.723302142857143,10.0874057142857,0.0772428571428571,0.00746071428571429,0.00899928571428571,0.130868571428571,"Habitat Protection",15803135.91,0.0233834421234565,0,22045.6847651234
"U/N Reef (19-069)","M",92.1954583650129,-21.595516204834,148.98989868,-19.34318352,0.14,4.55,35.22,0.59,7.8,0,0.0067,0.01182,0.07072,"Habitat Protection",1567523.892,0.129374638533161,0,4650.53172990194
"U/N Reef (19-070)","M",81.5035707014451,-37.4238395690918,148.727005,-19.35190201,0.115263333333333,4.56052166666667,35.2371016666667,0.596763333333333,10.0564683333333,0.0731483333333333,0.00855666666666667,0.0110766666666667,0.167843333333333,"Habitat Protection",6969006.976,0.0831675249511632,0.0104223475599862,14536.0689270692
"Wallaby Reef (19-071)","M",72.375572933592,-13.7398633956909,148.65942383,-19.42391014,0.156848157894737,4.54099026315789,35.2001828947368,0.767028684210526,15.0641821052632,0.0658555263157895,0.00686657894736842,0.00930657894736842,0.116778947368421,"Habitat Protection",49267712.43,0.159992688137646,0.0287523754031997,32570.4385545847
"Tile Reef (19-151)","O",132.124500994557,-8.56427097320557,149.84999084,-19.61589622,0.30539,4.528348,35.263874,0.349656,3.71619,0.096866,0.00388,0.003998,0.023392,"Preservation",7436317.608,0.531490945800997,0.0177424443182535,13876.0931188649
"Reimer Reef (19-152)","O",133.624196453909,-9.10368156433105,149.87913513,-19.63298798,0.26902,4.53462,35.237745,0.36092,3.053995,0.097005,0.00388,0.00437,0.02936,"Preservation",2121750.715,0.638824986728013,0.0198637409308087,5484.47648714205
"U/N Reef (19-153)","M",122.800032134307,-7.26267528533936,149.75926208,-19.6398983,0.28586,4.51722,35.27699,0.34614,4.73616,0.10388,0.00388,0.00401,0.02926,"Habitat Protection",232127.2597,0.725426482534525,0,2184.06706007922
"U/N Reef (19-154)","O",129.929579809971,-8.24229907989502,149.8429718,-19.64156151,NaN,NaN,NaN,NaN,NaN,NaN,NaN,NaN,NaN,NaN,79062.07491,0.760047281323877,0,1073.35168155885
"U/N Reef (19-155)","M",118.450859021568,-12.1218423843384,149.71958923,-19.65496635,NaN,NaN,NaN,NaN,NaN,NaN,NaN,NaN,NaN,NaN,389587.585,0.462833774356507,0.0459465961029589,2856.43108345733
"Girder Reef (19-156)","M",120.793933799746,-28.8432064056396,149.75398254,-19.66420555,0.248075,4.50190166666667,35.2493883333333,0.34053,5.07942833333333,0.120085,0.00388,0.00415166666666667,0.03028,"Habitat Protection",7876674.473,0.22475857059503,0.00334607461389157,12078.0784230318
"Little Reef (19-157)","M",106.035246053409,-5.35269641876221,149.57910156,-19.66706085,0.27677,4.50051,35.30331,0.32476,6.13979,0.06191,0.0048,0.00398,0.03396,"Habitat Protection",1582585.221,0.789601468585302,0.00225025167288447,5187.26415304836
"U/N Reef (19-158)","M",115.078221768834,-31.2835445404053,149.69174194,-19.67049789,0.22,4.48,35.24,0.3,2.9,0.23,0.0042,0.00386,0.03485,"Habitat Protection",1225044.28,0.0538037654982397,0.00321444971682229,6929.79424944545
"U/N Reef (19-255)","M",114.175502287486,-8.90044212341309,149.762146,-19.78988457,NaN,NaN,NaN,NaN,NaN,NaN,NaN,NaN,NaN,NaN,11496.90722,0.447154471544715,0,347.670072177524
"U/N Reef (19-256)","M",114.195706321746,-13.4884662628174,149.76325989,-19.79142189,NaN,NaN,NaN,NaN,NaN,NaN,NaN,NaN,NaN,NaN,5175.799951,0.0545454545454545,0.127272727272727,209.771334290757
"U/N Reef (19-257)","M",118.318946015675,-23.1837959289551,149.76641846,-19.72271729,0.22,4.53,35.24,0.4,8.66,0.11456,0.00388,0.00404,0.0352,"Habitat Protection",835987.4613,0.253954010095345,0.000673022994952328,5238.07608060754
"U/N Reef (19-258)","M",118.844969509076,-33.4001579284668,149.77563477,-19.72782707,NaN,NaN,NaN,NaN,NaN,NaN,NaN,NaN,NaN,NaN,103248.5203,0.249904469474534,0.000867411273037063,1460.6593083762
"U/N Reef (19-259)","O",130.807878127777,-14.9924411773682,149.79785156,-19.5679512,0.2,4.54,35.25,0.32,3.25,0.098,0.00388,0.00386,0.01384,"Marine National Park",679830.3713,0.0865066225165563,0,3912.78100060082
"U/N Reef (19-260)","M",112.934462621172,-19.1924896240234,149.83598328,-19.95151711,NaN,NaN,NaN,NaN,NaN,NaN,NaN,NaN,NaN,NaN,284633.3606,0.164465297291805,0.00640287901207503,3249.20966011943
"U/N Reef (19-261)","M",114.340800842309,-24.3128414154053,149.84414673,-19.93984032,NaN,NaN,NaN,NaN,NaN,NaN,NaN,NaN,NaN,NaN,86556.73574,0.164465297291805,0.00640287901207503,1686.67355008876
"U/N Reef (19-262)","O",134.637337554327,-18.1980304718018,149.87124634,-19.60515594,NaN,NaN,NaN,NaN,NaN,NaN,NaN,NaN,NaN,NaN,127479.9614,0.425855260912905,0.0125353950830207,1578.64428882648
"U/N Reef (19-263)","O",134.434982875519,-14.8654317855835,149.88063049,-19.62174797,NaN,NaN,NaN,NaN,NaN,NaN,NaN,NaN,NaN,NaN,154718.4491,0.107249850209706,0,1462.07285290403
"U/N Reef (19-264)","O",133.545350192953,-33.5275840759277,149.90777588,-19.67838669,NaN,NaN,NaN,NaN,NaN,NaN,NaN,NaN,NaN,NaN,311067.2972,0.690514957272296,0.000638394892840857,2550.65407552858
"U/N Reef (19-265)","O",136.056761389279,-28.8408260345459,149.918396,-19.65096664,0.31456,4.55054,35.26564,0.37587,3.03344,0.10132,0.00388,0.0047,0.02369,"Marine National Park",688054.175,0.428294192976472,0.000638394892840857,3726.32597314889
"U/N Reef (19-266)","O",138.165355034559,-8.12800312042236,149.94993591,-19.66402626,NaN,NaN,NaN,NaN,NaN,NaN,NaN,NaN,NaN,NaN,10455.47607,0.62962962962963,0,384.653875471572
"Shrimp Reef (18-118)","M",76.7198595017382,-32.7383003234863,148.05303955,-18.96915054,0.157376129032258,4.52709741935484,35.2033058064516,0.476724516129032,11.3799519354839,0.0490048387096774,0.00410677419354839,0.00456967741935484,0.0173838709677419,"Habitat Protection",36721011.59,0.0570253710668957,0.00311857498022086,29316.7083109007
"Lion Reef (18-119)","O",102.414279361786,-28.6489543914795,148.37664795,-18.95051575,0.12,4.56,35.07,0.9,12.76,0.03,0.00388,0.00652,0.0151,"Marine National Park",1334647.626,0.182830561037496,0,4247.52692734268
"Jaguar Reef (18-120)","O",103.239227785357,-14.3685073852539,148.42677307,-18.9756794,0.1746025,4.5525175,35.2078225,0.5077175,11.65681,0.033275,0.00388,0.00651,0.01749,"Marine National Park",3522021.054,0.0888046463952162,0.000474314899559077,7208.20742356009
"Hall Reef (North) (18-121a)","M",75.704868760476,-35.7429656982422,147.51361084,-18.63195801,0.255571875,4.514951875,35.228495625,0.434805625,13.537308125,0.045203125,0.005821875,0.00527625,0.018474375,"Marine National Park",19452106.17,0.122960437232886,0.00660176784735443,18778.7146441048
"Hall Reef (South) (18-121b)","M",70.7513815978674,-41.3561782836914,147.48963928,-18.67331696,0.40864,4.491115,35.286725,0.38556,12.884285,0.03847,0.00521,0.00556,0.01942,"Habitat Protection",3745384.99,0.145128152218377,0.00794545263236419,8248.3341081975
"U/N Reef (18-122)","O",115.58332253237,-37.1068000793457,148.54544067,-18.92514992,0.232655,4.519485,35.298255,0.347125,9.45076,0.023025,0.00388,0.00626,0.004155,"Habitat Protection",2795107.783,0.109446070421312,0.000265935021047784,6497.27453358488
"U/N Reef (18-123)","O",106.135785275413,-40.2203254699707,148.48419189,-18.98755074,0.14867,4.549435,35.22312,0.425985,7.760495,0.032785,0.00388,0.00605,0.01486,"Habitat Protection",1819025.714,0.109446070421312,0.000265935021047784,4851.96233386586
"U/N Reef (18-124)","O",97.0392915157228,-32.487606048584,147.39006042,-18.3849144,0.356608,4.470572,35.302932,0.329382,10.439344,0.03723,0.004966,0.004146,0.009424,"Habitat Protection",4802521.147,0.219839118584428,0.00802629783297463,8403.32905518564
"Gould Reef (No 1) (19-072a)","M",80.3210709610379,-20.7946548461914,148.77920532,-19.37535858,0.149653921568627,4.5401768627451,35.2059098039216,0.742178431372549,12.0246447058824,0.134359803921569,0.00774254901960784,0.0107382352941176,0.135192156862745,"Habitat Protection",63690419.37,0.050053784831204,0.0100585002136658,44683.6529277761
"Gould Reef (No 2) (19-072b)","M",70.0589256992314,-13.6512460708618,148.72174072,-19.4563446,0.163556666666667,4.524561,35.1958666666667,0.800340333333333,13.6276123333333,0.0526736666666667,0.00820366666666667,0.010128,0.147705333333333,"Habitat Protection",42400699.21,0.146358190200607,0.0434995177289902,32470.3953444682
"Gould Reef (No 3) (19-072c)","M",65.4733368882855,-14.6999607086182,148.73600769,-19.50256348,0.165402307692308,4.51597576923077,35.206145,0.775860384615385,14.3509046153846,0.0452788461538462,0.00695846153846154,0.00775769230769231,0.107801538461538,"Habitat Protection",33525178.46,0.138490712745397,0.0159341934870348,25559.8973120551
"Gould Reef (No 4) (19-072d)","M",67.5431433693253,-12.9305124282837,148.78492737,-19.49802017,0.173747619047619,4.50603428571429,35.1799838095238,0.870602857142857,13.2669033333333,0.0746404761904762,0.00663714285714286,0.0112433333333333,0.132806666666667,"Habitat Protection",25031301.58,0.177311129011108,0.0220070059756851,20248.8918202662
"Slate Reef (19-159)","O",135.873516318955,-13.6919355392456,149.92649841,-19.66704559,0.21,4.57,35.2,0.405,1.795,0.100565,0.00388,0.0047,0.02369,"Marine National Park",3773037.161,0.453475935828877,0.00191518467852257,9098.23178960033
"U/N Reef (19-160)","O",138.676779545965,-12.836483001709,149.95227051,-19.65864372,0.21,4.57,35.19,0.39,1.96,0.10732,0.00388,0.00469,0.02164,"Marine National Park",327210.2628,0.201777013470909,0,2890.92766205923
"U/N Reef (19-161)","M",110.938265749767,-17.6105709075928,149.65237427,-19.6830101,0.2395725,4.4835375,35.25704,0.31789,3.2243975,0.1536125,0.004685,0.004035,0.04205,"Habitat Protection",4916954.677,0.0680717146671753,0.00127789433530422,9523.10015984782
"U/N Reef (19-162)","M",100.409428607468,-47.9229049682617,149.52592468,-19.68199158,NaN,NaN,NaN,NaN,NaN,NaN,NaN,NaN,NaN,NaN,680874.3282,0.480546537076027,0.0196228613546599,3315.62151857341
"U/N Reef (19-163)","M",101.011226583856,-12.001651763916,149.53811646,-19.69139862,0.21,4.5,35.26,0.3,5.3,0.05,0.00552,0.00427,0.04187,"Habitat Protection",701158.9778,0.391926213073119,0,3602.96453567758
"U/N Reef (19-164)","M",117.032348205478,-34.9096336364746,149.72843933,-19.68892097,0.258065,4.50906916666667,35.267935,0.348208333333333,5.35991583333333,0.1742175,0.00388,0.00403666666666667,0.0363416666666667,"Habitat Protection",13575478.44,0.0542536071223832,0.00231380756027987,16529.6735174465
"Rib Reef (18-032)","M",56.3908010488177,-18.2506103515625,146.8711853,-18.48267555,0.343691428571429,4.50554,35.3057814285714,0.587144285714286,17.2259128571429,0.0342542857142857,0.0231571428571429,0.0158785714285714,0.0499071428571429,"Habitat Protection",10444160.9,0.200173278942998,0.0111728818454207,11994.1468620802
"Pith Reef (18-033)","O",80.4091914281175,-28.5015449523926,147.01611328,-18.20892143,0.284431363636364,4.51357909090909,35.2544322727273,0.468252727272727,21.875395,0.0632795454545454,0.00997727272727273,0.00613727272727273,0.0194390909090909,"Habitat Protection",27019362.66,0.0853411409564804,0.00285099365514157,23549.964558305
"Myrmidon Reef (18-034)","O",109.065557410497,-21.6133480072021,147.38424683,-18.26569939,0.228913333333333,4.524985,35.2261083333333,0.418958333333333,10.06494,0.01611,0.00548,0.00386,0.00583666666666667,"Marine National Park",10703954.4,0.304192197487326,0.0330526779810447,13099.5297159995
"Thread Shoal (18-035)","O",94.7458933899076,-23.2446060180664,147.17472839,-18.34340477,0.301625,4.493655,35.282235,0.38362,15.46817,0.088535,0.00528,0.00413,0.01005,"Habitat Protection",1582213.601,0.120566902620078,0.00132960562650358,5014.7787609365
"Urchin Shoal (18-036)","M",81.1414969124309,-18.2970447540283,147.08123779,-18.34713173,0.47122,4.42038,35.35853,0.36915,16.01758,0.07996,0.00755,0.00452,0.01284,"Habitat Protection",502354.3216,0.136910406576138,0.00431949918482398,2678.57855792531
"U/N Reef (18-125)","M",82.2344004043856,-48.5481643676758,147.41734314,-18.54785347,NaN,NaN,NaN,NaN,NaN,NaN,NaN,NaN,NaN,NaN,379112.7682,0.162349587679975,0,2253.73015496021
"U/N Reef (18-126)","M",83.6384032098135,-43.0863037109375,147.44174194,-18.55168343,0.325377142857143,4.50549428571429,35.2667285714286,0.364171428571429,10.9616942857143,0.0539385714285714,0.00547,0.00574428571428571,0.01625,"Marine National Park",7526616.061,0.191883259457276,0.00343917652333253,14443.0225119344
"U/N Reef (18-127)","M",82.5672768135673,-19.4702281951904,147.47769165,-18.56454659,NaN,NaN,NaN,NaN,NaN,NaN,NaN,NaN,NaN,NaN,101676.0062,0.134935304990758,0,1254.04772346976
"U/N Reef (18-128)","O",99.6591737227719,-33.0618171691895,147.58180237,-18.42511177,0.24117,4.54702333333333,35.2478433333333,0.31015,8.46087666666667,0.02321,0.00388,0.00415,0.00722,"Marine National Park",1886057.943,0.225145727677244,0.0102543747839017,6082.6870536299
"U/N Reef (18-129)","O",100.029936628365,-72.9257431030273,147.80171204,-18.49124527,0.346292352941176,4.43491117647059,35.3601517647059,0.254077058823529,4.59453647058824,0.0132529411764706,0.00506588235294118,0.00446294117647059,0.00673058823529412,"Marine National Park",20183269.34,0.0241659070140477,0.00110489686986299,42294.4633587987
"U/N Reef (18-130)","O",89.9584069595819,-22.1433620452881,148.09921265,-18.82547188,NaN,NaN,NaN,NaN,NaN,NaN,NaN,NaN,NaN,NaN,116168.6332,0.264225015473254,0.0006433516045189,1282.54400721308
"U/N Reef (18-131)","O",94.2029056659582,-21.3973903656006,148.12013245,-18.78942108,0.27933,4.51579,35.27241,0.33284,9.37868,0.04075,0.00547,0.00505,0.0076,"Habitat Protection",1034729.781,0.264225015473254,0.0006433516045189,3874.41242028526
"U/N Reef (18-132)","O",97.1966573223055,-31.3203201293945,148.18132019,-18.82021141,0.25989,4.52002,35.27031,0.33936,10.35715,0.03658,0.00411,0.00598,0.00871,"Habitat Protection",1975445.496,0.368119374470033,0.00448992815139217,5739.71575895193
"U/N Reef (18-133)","O",101.021975842767,-31.2414855957031,148.245224,-18.84744453,0.26311,4.52235,35.27323,0.34651,12.37178,0.03329,0.00397,0.0068,0.00763,"Habitat Protection",1697343.164,0.368119374470033,0.00448992815139217,5933.15721859203
"U/N Reef (18-134)","O",105.019430261063,-34.0289726257324,148.29475403,-18.87655067,0.294,4.52219,35.28562,0.33823,13.95977,0.03332,0.00388,0.00704,0.00521,"Habitat Protection",1080928.957,0.253839651809097,0.00384657654687327,4871.44009879144
"Gould Reef (No 5) (19-072e)","M",72.4039690395218,-14.3772974014282,148.7893219,-19.4530983,0.1488075,4.5196425,35.1781041666667,0.843755,11.3270658333333,0.11587,0.00829416666666667,0.0132316666666667,0.158025,"Habitat Protection",15786239.04,0.0863533745247148,0.0387713878326996,19423.5037988818
"U/N Reef (19-073)","M",86.1854295225207,-18.0295734405518,148.99861145,-19.41063881,0.20475,4.51618,35.29362,0.4255,9.14551,0.07677,0.00987,0.02184,0.15795,"Habitat Protection",188150.2716,0.185712921166866,0.0153570438677511,1731.1545467637
"Cobham Reef (North) (19-074a)","M",81.2218342415299,-11.9251251220703,148.87091064,-19.39793015,0.15869358974359,4.53060461538462,35.2139448717949,0.71214,9.40390333333333,0.138877435897436,0.00901230769230769,0.0145494871794872,0.114027179487179,"Habitat Protection",45818846.41,0.182229322846258,0.0237003809757896,39014.436971861
"Cobham Reef (South) (19-074b)","M",76.6810036239071,-12.1121578216553,148.85443115,-19.43570137,0.152402950819672,4.52974344262295,35.216257704918,0.716273770491803,8.9587,0.118317213114754,0.0103809836065574,0.0158216393442623,0.153314754098361,"Habitat Protection",75892199.07,0.152378785949444,0.0326402342006654,37559.8200215165
"U/N Reef (19-165)","M",122.885060479019,-33.0227127075195,149.80114746,-19.69753647,0.281933333333333,4.52252333333333,35.261564,0.368301333333333,5.078028,0.104314666666667,0.00388,0.00422,0.035962,"Habitat Protection",18219291.51,0.0668729152081703,0.00149796153687765,21925.5940667812
"U/N Reef (19-166)","O",132.582422503673,-3.75706911087036,149.90956116,-19.69875526,NaN,NaN,NaN,NaN,NaN,NaN,NaN,NaN,NaN,NaN,16299.46066,0.988439306358382,0,472.349380918362
"Thatch Reef (19-167)","O",139.605672381101,-7.83505582809448,149.97798157,-19.69270134,0.32002,4.55751,35.26165,0.38888,2.86378,0.09497,0.00388,0.00469,0.02818,"Marine National Park",2592956.371,0.669897645484466,0.00972910412673153,6552.02281183173
"U/N Reef (19-168)","M",105.51437098098,-12.0784664154053,149.61073303,-19.71202278,0.22,4.5,35.26,0.34,3.84,0.02,0.00537,0.00417,0.04198,"Habitat Protection",489002.7309,0.502778310021077,0.00785591109407933,3451.17904918342
"U/N Reef (19-169)","M",105.124571098505,-6.83206033706665,149.61276245,-19.72046471,0.23,4.43,35.25,0.27,3.96,0.02,0.00537,0.00417,0.04198,"Habitat Protection",835299.898,0.739393939393939,0.00695847362514029,3555.59161833562
"U/N Reef (19-170)","M",112.375441126741,-40.0585441589355,149.68640137,-19.70529366,0.29281,4.50864,35.28929,0.34898,4.13719,0.15873,0.00422,0.00421,0.04167,"Habitat Protection",1450377.376,0.401902697894817,0.017161809850474,7491.70678366491
"U/N Reef (19-171)","M",117.081471747003,-12.4040384292603,149.74281311,-19.70845795,NaN,NaN,NaN,NaN,NaN,NaN,NaN,NaN,NaN,NaN,97346.04294,0.506743737957611,0.0154142581888247,1334.41746214328
"U/N Reef (19-172)","M",118.379764580383,-16.2536735534668,149.75904846,-19.71062469,0.29547,4.51954,35.28328,0.36474,6.1497,0.11689,0.00388,0.00404,0.0352,"Habitat Protection",277260.5154,0.531886024423338,0.00271370420624152,2457.1674052517
"Needle Reef (18-037)","O",93.4367532493845,-16.9760189056396,147.2053833,-18.36123848,0.28265,4.509815,35.189565,0.58499,13.694165,0.090025,0.00421,0.00395,0.01221,"Conservation Park",2207054.145,0.213415416185712,0,5602.83553032804
"Thimble Shoal (18-038)","O",93.4771689670123,-22.661205291748,147.2587738,-18.37366486,0.51508,4.38324,35.37182,0.31971,12.36462,0.06114,0.00403,0.00397,0.01471,"Habitat Protection",671583.8094,0.344668257502115,0.0168107183618242,2996.99072422057
"Dip Reef (18-039)","O",96.8576099177423,-28.2735042572021,147.44873047,-18.41375351,0.244820833333333,4.51946583333333,35.1979358333333,0.4882025,9.69945833333333,0.0295208333333333,0.004435,0.004285,0.00871666666666667,"Marine National Park",14091026.9,0.123313433634952,0.0066994163944959,14368.0308389629
"Arab Reef (18-040)","M",86.2931989952423,-15.2042465209961,147.13941956,-18.41486359,0.13,4.6,35.11,0.65,18.02,0.11,0.00704,0.00713,0.0272,"Habitat Protection",4214631.791,0.120566902620078,0.00132960562650358,8874.74978732838
"Faraday Reef (18-041)","O",91.5187717636876,-9.01125240325928,147.34922791,-18.42234421,0.15,4.56,35.06,0.8,9.58,0.03,0.00561,0.005,0.00973,"Marine National Park",2497874.397,0.516397158833308,0.017379477104428,6867.08933218318
"Roxburgh Reef (18-042)","M",76.7107776632812,-24.7216033935547,147.05809021,-18.43182755,0.2724675,4.5292495,35.2269085,0.5667985,19.499724,0.091638,0.0086625,0.0074405,0.0321925,"Habitat Protection",23629780.53,0.0447107269832529,0.00191132871262634,19014.1597290313
"Fore And Aft Reef (18-043)","M",75.317696401917,-18.5320930480957,147.03765869,-18.50482941,0.315253157894737,4.51995684210526,35.2457842105263,0.588301578947368,19.9649084210526,0.0660221052631579,0.0180110526315789,0.0113236842105263,0.0411821052631579,"Habitat Protection",20803183.48,0.133443581088734,0.00643816686677389,19677.7403463605
"U/N Reef (18-135)","O",110.134898327983,-28.3948764801025,148.39254761,-18.87726212,0.122705,4.5682,35.2185,0.365195,14.70662,0.0218575,0.00388,0.0060675,0.006035,"Marine National Park",4088763.868,0.237397041241828,0.00432089144643234,9183.38413559594
"U/N Reef (18-136)","O",111.575714615056,-35.8648376464844,148.44256592,-18.89353371,0.20456,4.55546,35.27106,0.30802,11.58427,0.0227,0.00388,0.00638,0.00838,"Marine National Park",2911334.967,0.0888046463952162,0.000474314899559077,8236.86152485336
"U/N Reef (18-137)","O",113.041451657884,-30.4580078125,148.48335266,-18.90562248,0.06,4.6,35.2,0.33,7.45,0.01,0.00388,0.00625,0.00544,"Marine National Park",1327501.098,0.109446070421312,0.000265935021047784,5064.48387301257
"U/N Reef (18-138)","O",79.0812808042267,-25.0059566497803,146.9695282,-18.15676689,NaN,NaN,NaN,NaN,NaN,NaN,NaN,NaN,NaN,NaN,727894.552,0.249455927441097,0.0041280928993759,3376.13014300141
"U/N Reef (18-139)","O",80.5417828161518,-19.6237297058105,146.97866821,-18.14605331,NaN,NaN,NaN,NaN,NaN,NaN,NaN,NaN,NaN,NaN,580095.8861,0.249455927441097,0.0041280928993759,3002.68016518597
"U/N Reef (18-800)","I",1.66294990240246,-5.17204761505127,146.34620667,-18.93754005,NaN,NaN,NaN,NaN,NaN,NaN,NaN,NaN,NaN,NaN,921584.4579,0.346510960261177,0.0245901204557573,4013.04573774084
"Bramble Rock Reef (19-001)","I",13.9412463423165,-1.94243109226227,146.62770081,-19.0226078,NaN,NaN,NaN,NaN,NaN,NaN,NaN,NaN,NaN,NaN,8951.877399,0.346510960261177,0.0183648783721425,391.882820394464
"Martin Reef (19-075)","M",70.8516646903002,-5.65218353271484,148.82408142,-19.4805069,0.16723,4.515088,35.22181,0.717564,11.122566,0.076502,0.00749,0.017708,0.163692,"Habitat Protection",6833633.149,0.138681096495089,0.0311395426696834,11459.8222483235
"Showers Reef (19-076)","M",73.1384354917068,-6.74195623397827,148.89859009,-19.49141884,0.16765,4.50347666666667,35.185965,0.812791666666667,5.05194333333333,0.0220983333333333,0.012385,0.01765,0.174525,"Habitat Protection",8205639.444,0.406062793658097,0.0538184752277979,14042.3647368276
"U/N Reef (19-077)","O",107.314002939516,-31.3005523681641,149.02012634,-19.20467186,0.175095,4.54322,35.2421866666667,0.532523333333333,11.0872516666667,0.00936833333333333,0.005195,0.00669,0.011505,"Marine National Park",6752450.228,0.123219261658633,0,9877.34403957817
"U/N Reef (19-078)","O",108.881194466407,-28.9265918731689,149.09428406,-19.22669411,0.164458,4.544036,35.230768,0.547094,8.605572,0.033012,0.00673,0.00779,0.00526,"Marine National Park",7280366.741,0.0428089419917595,0,10206.2692282502
"U/N Reef (19-079)","O",104.099987632125,-21.1260280609131,149.09663391,-19.27848244,0.13,4.54,35.18,0.66,6.25,0.04,0.00764,0.00759,0.01496,"Habitat Protection",891379.2157,0.129374638533161,0,3649.12412260409
"U/N Reef (19-080)","O",101.848119418822,-19.4085655212402,149.06382751,-19.28318977,NaN,NaN,NaN,NaN,NaN,NaN,NaN,NaN,NaN,NaN,526306.0474,0.129374638533161,0,2614.55163826688
"U/N Reef (19-173)","M",118.99469594434,-20.1060676574707,149.76667786,-19.7116375,NaN,NaN,NaN,NaN,NaN,NaN,NaN,NaN,NaN,NaN,274241.1887,0.283031751451007,0,2115.4591152511
"U/N Reef (19-174)","M",122.366900955825,-28.7397975921631,149.807724,-19.71658516,NaN,NaN,NaN,NaN,NaN,NaN,NaN,NaN,NaN,NaN,1054495.245,0.110528187800107,0,4189.37903529306
"U/N Reef (19-175)","O",133.445458908589,-5.71183347702026,149.92483521,-19.70869827,NaN,NaN,NaN,NaN,NaN,NaN,NaN,NaN,NaN,NaN,93208.38012,0.535618127514936,0.00146253588434586,1113.72368469588
"U/N Reef (19-176)","O",137.900374514652,-31.3420009613037,149.97590637,-19.71895981,0.27131,4.55489,35.22591,0.39878,2.35043,0.09055,0.00388,0.00469,0.02818,"Marine National Park",1757968.724,0.0711960292469445,0,6832.0264418885
"Crab Reef (19-177)","M",113.108178936955,-3.25478553771973,149.70863342,-19.7245388,0.244763333333333,4.49884666666667,35.2589633333333,0.348856666666667,3.91450666666667,0.203073333333333,0.00400333333333333,0.00408666666666667,0.0410233333333333,"Habitat Protection",1895013.107,0.691805225653207,0.0243962787015044,8655.0063662063
"U/N Reef (19-178)","O",135.558361747863,-25.3088817596436,149.96109009,-19.73672485,0.283405,4.56953,35.241945,0.4265,2.54309,0.090325,0.00388,0.00467,0.03312,"Marine National Park",1974237.853,0.16493914035755,0.00247242297451502,6710.15277421301
"Howse Reef (19-179)","M",118.989114951304,-23.2472629547119,149.78657532,-19.74257851,0.328273333333333,4.52865,35.2890966666667,0.376023333333333,5.35010666666667,0.107633333333333,0.00388,0.00442,0.03867,"Habitat Protection",3645350.81,0.212727646877251,0.00192921082415886,11294.8912301249
"Westmoreland Reef (18-044)","M",77.2024068427623,-19.6670398712158,147.10232544,-18.49254036,0.368695,4.487715,35.295705,0.459475,18.76337,0.107215,0.01233,0.00959,0.03978,"Habitat Protection",4402681.582,0.103574564691268,0.00207748816688441,9628.41564574172
"Cotton Shoal (18-045)","O",88.0671385653482,-15.5018062591553,147.3999939,-18.47879601,0.33533,4.49224,35.27365,0.3793,10.14575,0.04858,0.00525,0.00547,0.01028,"Preservation",780103.7379,0.0198067632850242,0,3465.96664151363
"Coil Reef (18-046)","O",97.4844431930324,-13.4127235412598,147.5223999,-18.43486214,0.20904,4.527825,35.15269,0.58101,9.51542,0.026955,0.00388,0.00418,0.00858,"Marine National Park",2229575.826,0.348276591245506,0.0144639458659336,5838.36847357891
"Pelorus (North Palm or Yanooa) Reef (18-048)","I",15.7588171171708,-16.9006824493408,146.48890686,-18.5564518,NaN,NaN,NaN,NaN,NaN,NaN,NaN,NaN,NaN,NaN,970175.2013,0.346510960261177,0.0216306985041925,6875.64309037267
"Orpheus (Goolboddi) Island Reef (No 1) (18-049a)","I",15.776491889748,-7.12270259857178,146.48745728,-18.60209465,0.158625,4.672245,35.457105,0.81812,31.040095,0.03621,0.045655,0.368625,0.42628,"Scientific Research",1622684.09,0.346510960261177,0.0216306985041925,6564.34872158171
"Herald Island Reef (19-002)","I",13.6949280455182,-4.05025672912598,146.62962341,-19.0282917,NaN,NaN,NaN,NaN,NaN,NaN,NaN,NaN,NaN,NaN,277775.9062,0.346510960261177,0.0183648783721425,2492.99960341385
"Rattlesnake Island Reef (19-003)","I",11.4101109312772,-3.78403067588806,146.60942078,-19.03806686,NaN,NaN,NaN,NaN,NaN,NaN,NaN,NaN,NaN,NaN,329521.4332,0.346510960261177,0.0183648783721425,2583.43768229024
"Lorne Reef (19-004)","I",10.1972042808718,-12.7827596664429,146.5867157,-19.03454971,NaN,NaN,NaN,NaN,NaN,NaN,NaN,NaN,NaN,NaN,967.5213061,0.346510960261177,0.0183648783721425,50
"Paluma Shoals (19-005)","I",3.03080329815036,-5.22112846374512,146.56114197,-19.09809113,0.16,4.64,35.52,1.07,35.49,0.13,0.21861,0.64876,0.07831,"Habitat Protection",1265413.076,0.346510960261177,0.0219608766355034,5084.30639121629
"Orchard Rocks Reef (19-006)","I",14.3242771738352,-8.69906425476074,146.88076782,-19.10871315,NaN,NaN,NaN,NaN,NaN,NaN,NaN,NaN,NaN,NaN,31113.47864,0.346510960261177,0.0188140247369173,727.397998242376
"Ellen Reef (19-081)","O",110.325358658066,-33.7259254455566,149.24351501,-19.31081772,0.2136725,4.53379666666667,35.2815558333333,0.383130833333333,5.59548583333333,0.05975,0.0091075,0.0110241666666667,0.0129933333333333,"Habitat Protection",13476131.62,0.0759337487975239,0.00261407838052616,13751.5299703704
"Elizabeth Reef (19-082)","M",96.6600502459974,-31.3986835479736,149.04302979,-19.32583809,0.178476428571429,4.53630357142857,35.2641828571429,0.481875714285714,7.91689928571429,0.0332742857142857,0.008375,0.0112871428571429,0.062905,"Habitat Protection",13580154.84,0.129374638533161,0,15039.8377424965
"U/N Reef (19-083)","M",104.705080848792,-23.2700157165527,149.18797302,-19.33321953,NaN,NaN,NaN,NaN,NaN,NaN,NaN,NaN,NaN,NaN,559204.4406,0.0742700124371355,0.00601825225633789,2950.6970272726
"U/N Reef (19-084)","M",105.730618611701,-28.0226821899414,149.21507263,-19.34224129,NaN,NaN,NaN,NaN,NaN,NaN,NaN,NaN,NaN,NaN,1563537.083,0.0742700124371355,0.00601825225633789,5244.67899600239
"U/N Reef (19-085)","M",101.180864421281,-23.0221710205078,149.15846252,-19.35162735,0.22552,4.5231,35.30212,0.38024,6.96551,0.03866,0.0123,0.01351,0.03365,"Habitat Protection",345664.4272,0.0742700124371355,0.00601825225633789,2384.23910380855
"U/N Reef (19-086)","M",93.4098564597224,-36.2767028808594,149.02552795,-19.35000229,0.19783,4.525995,35.286385,0.433705,9.12328,0.05029,0.01041,0.01513,0.10796,"Habitat Protection",1764198.612,0.129374638533161,0,5082.57250389215
"U/N Reef (19-087)","M",91.7356541345713,-17.2507762908936,149.03140259,-19.37111664,0.19781,4.52293,35.2908,0.41704,9.03497,0.0608,0.01041,0.01513,0.10796,"Habitat Protection",323712.1516,0.3584686774942,0,2372.27895138757
"U/N Reef (19-088)","M",96.6646464434849,-20.5090084075928,149.09709167,-19.35921288,0.14,4.55,35.21,0.57,5.78,0.01,0.01302,0.0136,0.08892,"Habitat Protection",1163742.57,0.0120209762000807,0,4170.86467473804
"U/N Reef (19-089)","M",97.6285002707696,-32.4240493774414,149.11444092,-19.36029816,0.21496,4.52057,35.29438,0.40405,8.03775,0.0391,0.01429,0.0139,0.08116,"Habitat Protection",1219499.911,0.168448322002694,0.0051468927961625,4994.20995686132
"Gargoyle Reef (19-180)","M",109.900499825625,-8.26836585998535,149.68336487,-19.74087906,0.245835,4.50174,35.27197,0.34111,3.447515,0.17842,0.00425,0.00421,0.04477,"Habitat Protection",5411358.158,0.460099102533005,0.0238747011330954,9780.29643912064
"U/N Reef (19-181)","M",103.095187270392,-12.5282211303711,149.61726379,-19.75793076,0.256695,4.489585,35.29722,0.33805,5.581815,0.06945,0.005705,0.00446,0.04561,"Habitat Protection",2451662.398,0.144418960244648,0.0218272171253823,8009.81204818442
"U/N Reef (19-182)","M",113.150435510835,-25.3054504394531,149.72958374,-19.75511932,0.246216666666667,4.47585,35.2556066666667,0.32798,4.93424333333333,0.125743333333333,0.00388,0.00409,0.04056,"Habitat Protection",3958968.057,0.147248999313138,0.00149214845692902,9589.4538212571
"U/N Reef (19-183)","M",106.286291968675,-19.5948657989502,149.65403748,-19.75805664,NaN,NaN,NaN,NaN,NaN,NaN,NaN,NaN,NaN,NaN,116146.8591,0.190361445783133,0.00803212851405622,1428.54493390833
"U/N Reef (19-184)","M",106.07981134182,-5.76278066635132,149.65615845,-19.76452446,NaN,NaN,NaN,NaN,NaN,NaN,NaN,NaN,NaN,NaN,85082.41274,0.505630686009344,0.00267737617135207,1149.98589803868
"U/N Reef (19-185)","M",106.273608719085,-23.2749805450439,149.65937805,-19.76601601,NaN,NaN,NaN,NaN,NaN,NaN,NaN,NaN,NaN,NaN,41450.812,0.505630686009344,0.00267737617135207,844.855691642957
"U/N Reef (19-186)","M",111.999031553876,-10.3379955291748,149.72521973,-19.76840973,NaN,NaN,NaN,NaN,NaN,NaN,NaN,NaN,NaN,NaN,154167.0872,0.607317073170732,0.00853658536585366,1499.04200681231
"Hewitt Reef (19-187)","M",102.056020501705,-3.94697761535645,149.62379456,-19.78406334,0.239203043478261,4.47959869565217,35.2819617391304,0.331022608695652,4.35979043478261,0.0606286956521739,0.00562391304347826,0.00508869565217391,0.0463260869565217,"Habitat Protection",27806838.97,0.372087928384609,0.0675337719416507,25209.994030571
"U/N Reef (19-188)","M",114.526348492966,-6.7875018119812,149.76205444,-19.78318405,0.293046666666667,4.50201,35.2754533333333,0.35518,3.88809666666667,0.105443333333333,0.00388,0.00448,0.03997,"Habitat Protection",3836067.384,0.436057163796262,0.0387687797728106,11332.1601704504
"Orpheus (Goolboddi) Island Reef (No 2) (18-049b)","I",16.6740383721988,-5.19930410385132,146.49493408,-18.63393593,NaN,NaN,NaN,NaN,NaN,NaN,NaN,NaN,NaN,NaN,989394.4876,0.346510960261177,0.0216306985041925,4749.2742445027
"Orpheus (Goolboddi) Island Reef (No 3) (18-049c)","I",16.4881420974895,-9.54139804840088,146.489151,-18.65820313,NaN,NaN,NaN,NaN,NaN,NaN,NaN,NaN,NaN,NaN,1643078.16,0.346510960261177,0.0216306985041925,10103.9877152623
"Orpheus (Goolboddi) Island Reef (No 4) (18-049d)","I",17.8888762903817,-8.79812240600586,146.50602722,-18.63929176,NaN,NaN,NaN,NaN,NaN,NaN,NaN,NaN,NaN,NaN,504933.1016,0.346510960261177,0.0216306985041925,4301.53638876145
"Orpheus (Goolboddi) Island Reef (No 5) (18-049e)","I",16.8949005484424,-6.06561040878296,146.49836731,-18.59331703,0.16644,4.61815,35.44242,0.59078,24.95012,0.04284,0.04799,0.33974,0.42214,"Scientific Research",2035340.771,0.346510960261177,0.0216306985041925,15456.5553057522
"Lady Elliot Reef (18-050)","I",4.61415113236655,-6.32155179977417,146.33102417,-18.6824894,NaN,NaN,NaN,NaN,NaN,NaN,NaN,NaN,NaN,NaN,512768.5111,0.346510960261177,0.0216306985041925,3076.29161309726
"Pandora Reef (18-051)","I",16.2975276346733,-8.84981060028076,146.43373108,-18.81227303,NaN,NaN,NaN,NaN,NaN,NaN,NaN,NaN,NaN,NaN,237783.1868,0.346510960261177,0.0216306985041925,2088.67737352533
"Curacoa (Noogoo) Reef (No 1) (18-052a)","I",24.2739303128535,-4.10104036331177,146.56321716,-18.66501045,NaN,NaN,NaN,NaN,NaN,NaN,NaN,NaN,NaN,NaN,336007.5677,0.346510960261177,0.0216306985041925,3559.84462791949
"Cockle Bay Reef (19-009a)","I",4.42956644895087,-1.25289249420166,146.80999756,-19.16818237,0.174745,4.597935,35.41814,0.92977,10.816845,0.029805,0.26651,0.62617,0.06686,"Conservation Park",7796842.518,0.346510960261177,0.0188140247369173,20129.7709224881
"Magnetic Island Reef (No 1) (19-009b)","I",8.64825585620597,-1.79233884811401,146.85035706,-19.16638565,NaN,NaN,NaN,NaN,NaN,NaN,NaN,NaN,NaN,NaN,484588.3979,0.346510960261177,0.0188140247369173,5831.59867328731
"Magnetic Island Reef (No 2) (19-009c)","I",10.326410791344,-1.48998177051544,146.86457825,-19.15415764,NaN,NaN,NaN,NaN,NaN,NaN,NaN,NaN,NaN,NaN,373808.4449,0.346510960261177,0.0188140247369173,3442.10847642854
"Magnetic Island Reef (No 3) (19-009d)","I",13.5109176077311,-2.93024873733521,146.88096619,-19.12154007,NaN,NaN,NaN,NaN,NaN,NaN,NaN,NaN,NaN,NaN,51558.39863,0.346510960261177,0.0188140247369173,941.985135860139
"Magnetic Island Reef (No 4) (19-009e)","I",13.8815887233824,-1.66903901100159,146.88215637,-19.11715317,NaN,NaN,NaN,NaN,NaN,NaN,NaN,NaN,NaN,NaN,123808.5729,0.346510960261177,0.0188140247369173,1946.68509729317
"Magnetic Island Reef (No 5) (19-009f)","I",12.6560923893258,-1.94948077201843,146.86222839,-19.11130142,NaN,NaN,NaN,NaN,NaN,NaN,NaN,NaN,NaN,NaN,256780.7662,0.346510960261177,0.0188140247369173,4658.31094653189
"U/N Reef (19-090)","M",93.9120194566132,-35.044189453125,149.07164001,-19.37266159,0.18189,4.53106,35.271578,0.446294,7.743084,0.031978,0.01302,0.0136,0.08892,"Habitat Protection",7387420.937,0.168448322002694,0.0051468927961625,11264.7650457589
"Eulalie Reef (19-091)","O",120.610985532812,-39.0571746826172,149.41616821,-19.34141922,0.207392,4.548656,35.285177,0.300246,5.384684,0.040171,0.008913,0.006516,0.00954,"Habitat Protection",12449515.58,0.0469472937375933,0,13222.8687428765
"U/N Reef (19-092)","M",101.419651368566,-41.585994720459,149.18487549,-19.36894798,0.175011111111111,4.53506777777778,35.2539288888889,0.417394444444444,5.50077777777778,0.0198188888888889,0.0117444444444444,0.0133944444444444,0.0303211111111111,"Habitat Protection",11309167.57,0.0742700124371355,0.00601825225633789,14367.514260546
"U/N Reef (19-093)","M",89.8092500348552,-29.1366767883301,149.03660583,-19.39489746,NaN,NaN,NaN,NaN,NaN,NaN,NaN,NaN,NaN,NaN,178144.7103,0.185712921166866,0.0153570438677511,1675.56647640343
"U/N Reef (19-094)","O",113.65256448239,-27.6423511505127,149.45074463,-19.44294167,0.19,4.56,35.29,0.25,5.01,0.06,0.00787,0.00574,0.0097,"Habitat Protection",563076.1315,0.531032189387153,0,2817.90919068342
"U/N Reef (19-095)","M",96.9699397581067,-29.4183235168457,149.22598267,-19.45908928,0.187224545454545,4.52056272727273,35.2622730909091,0.380909090909091,5.35258963636364,0.0276050909090909,0.010696,0.0160832727272727,0.0722567272727273,"Habitat Protection",65440171.71,0.16739064352023,4.53494172599883e-05,36142.3226843424
"U/N Reef (19-189)","M",108.068188937573,-15.1879177093506,149.69541931,-19.79045868,0.22,4.48,35.25,0.33,2.78,0.10091,0.00428,0.00468,0.04585,"Habitat Protection",1580213.308,0.32121679316888,0.0116816888045541,5657.62803393951
"U/N Reef (19-190)","M",108.128827608415,-12.1220855712891,149.70526123,-19.8054924,NaN,NaN,NaN,NaN,NaN,NaN,NaN,NaN,NaN,NaN,1134430.435,0.386795570980003,0.000330523880350355,8336.87659737087
"U/N Reef (19-191)","M",109.749535045507,-21.4336738586426,149.72145081,-19.8028698,0.2705,4.50343,35.29658,0.37357,4.79811,0.10454,0.00388,0.00482,0.04246,"Habitat Protection",574611.1272,0.438443145773205,0.0068495993502527,4118.49338990395
"U/N Reef (19-192)","M",99.366704567801,-15.0707263946533,149.61602783,-19.81798172,0.25608,4.48552,35.31208,0.35358,6.11726,0.07876,0.00462,0.00425,0.04641,"Habitat Protection",450490.3793,0.528788193722719,0.0151735605903139,2724.79847498919
"U/N Reef (19-193)","M",109.282921277653,-21.5316162109375,149.73262024,-19.83778763,0.257918333333333,4.503342,35.285333,0.39819,3.51462366666667,0.104381,0.003906,0.00466266666666667,0.043525,"Habitat Protection",36912099.44,0.408389594818442,0.00216057690578274,37725.8718525153
"Curacoa (Noogoo) Reef (No 2) (18-052b)","I",23.736995349062,-14.7467880249023,146.55496216,-18.67755318,0.15,4.675,35.46,0.805,21.51,0.04,0.02199,0.11337,0.46776,"Habitat Protection",2401801.804,0.346510960261177,0.0216306985041925,13572.1662482521
"Fantome (Eumilli) Island Reef (18-053)","I",19.3253767593218,-1.41335809230804,146.51159668,-18.67670441,0.17243,4.61767,35.4681,0.64213,28.44181,0.04082,0.03566,0.25243,0.53203,"Habitat Protection",1829623.859,0.346510960261177,0.0216306985041925,8411.0570764346
"Great Palm Island Reef (No 1) (18-054a)","I",27.2566304150553,-3.30202150344849,146.57614136,-18.71694756,0.163933333333333,4.63649333333333,35.4509766666667,0.74766,23.5810633333333,0.0435866666666667,0.0345466666666667,0.204586666666667,0.549206666666667,"Habitat Protection",7179100.184,0.346510960261177,0.0216306985041925,18696.0566890626
"Magnetic Island Reef (No 6) (19-009g)","I",9.14172849348469,-2.10623216629028,146.81520081,-19.11626816,NaN,NaN,NaN,NaN,NaN,NaN,NaN,NaN,NaN,NaN,73727.96441,0.346510960261177,0.0188140247369173,4386.65515967983
"Magnetic Island Reef (No 7) (19-009h)","I",10.833056218852,-1.43620932102203,146.83276367,-19.10866547,NaN,NaN,NaN,NaN,NaN,NaN,NaN,NaN,NaN,NaN,144129.2974,0.346510960261177,0.0188140247369173,5908.811942844
"Magnetic Island Reef (No 8) (19-009j)","I",7.68553745291876,-2.86309313774109,146.78871155,-19.11935616,NaN,NaN,NaN,NaN,NaN,NaN,NaN,NaN,NaN,NaN,191878.3957,0.346510960261177,0.0188140247369173,8171.66455426258
"U/N Reef (19-010)","I",6.41038173531202,-3.47634768486023,146.83479309,-19.18525124,NaN,NaN,NaN,NaN,NaN,NaN,NaN,NaN,NaN,NaN,299334.3685,0.346510960261177,0.0188140247369173,3059.04045508861
"Middle Reef (19-011)","I",4.18756337795236,-3.87275385856628,146.81465149,-19.19767761,0.16577,4.58357,35.3912,0.68168,21.78683,0.04875,0.26628,0.62836,0.06626,"Conservation Park",405330.5589,0.346510960261177,0.0188140247369173,2898.94483023002
"Virago Shoal (19-012)","I",1.75152947630036,-3.9515745639801,146.79325867,-19.20972633,NaN,NaN,NaN,NaN,NaN,NaN,NaN,NaN,NaN,NaN,470712.6787,0.346510960261177,0.0188140247369173,2501.56368465694
"Salamander Reef (19-013)","I",4.07921632811912,-17.3369426727295,147.06556702,-19.17939186,NaN,NaN,NaN,NaN,NaN,NaN,NaN,NaN,NaN,NaN,125906.345,0.346510960261177,0.0188140247369173,1293.51988251648
"Kennedy Reef (19-096)","M",92.5156967925144,-23.191967010498,149.15634155,-19.45158958,0.169601884057971,4.51855260869565,35.2503247826087,0.443378550724638,5.77376884057971,0.0281557971014493,0.0150920289855072,0.0176508695652174,0.138157101449275,"Habitat Protection",82846722.46,0.134855312313802,0.0154406783884875,53307.5298058603
"Net Reef (19-097)","M",81.535874117744,-15.6904296875,149.05377197,-19.49880409,0.171858163265306,4.50625153061224,35.2431735714286,0.548691326530612,7.04970663265306,0.0797010204081633,0.0157487755102041,0.0188578571428571,0.198230306122449,"Habitat Protection",114056878.6,0.186649109806318,0.0460711316032533,49722.8681347661
"U/N Reef (19-194)","M",113.861267829238,-8.00141906738281,149.77648926,-19.82637787,0.32123,4.52284,35.29658,0.38521,3.74504,0.10498,0.00388,0.0044,0.04165,"Habitat Protection",1676211.468,0.682817657919767,0.00475577687013932,5742.23125002013
"Napier Reef (19-195)","M",123.643036918337,-5.18082332611084,149.89492798,-19.84568024,0.31374,4.550765,35.273155,0.430465,2.78739,0.106615,0.00388,0.00491,0.03753,"Marine National Park",4937956.394,0.554769178225148,0.0123901865168966,8442.13672830591
"U/N Reef (19-196)","M",95.574229397855,-19.2996253967285,149.59968567,-19.85923386,0.22,4.48,35.28,0.38,4.16,0.1,0.0062,0.00633,0.04653,"Habitat Protection",272696.3169,0.313981449673652,0,2214.20840511321
"Ross Reef (19-197)","M",93.1687392871457,-7.21840238571167,149.58132935,-19.87267685,0.247263,4.459881,35.297286,0.331826,7.074965,0.09906,0.005708,0.006672,0.047436,"Habitat Protection",14819578.49,0.323182524934582,0.103796124236793,17533.4286855253
"U/N Reef (19-198)","M",105.636370726357,-16.6739597320557,149.71878052,-19.87999916,0.238453333333333,4.50086666666667,35.28427,0.414963333333333,2.57115,0.106133333333333,0.00388,0.00415,0.04512,"Habitat Protection",2684453.317,0.155555555555556,0.00139542996685854,7110.83747628599
"U/N Reef (19-199)","M",102.854845054934,-29.0807361602783,149.69760132,-19.89555359,0.23,4.47333333333333,35.2866666666667,0.39,1.95666666666667,0.107086666666667,0.00405333333333333,0.00436333333333333,0.0457266666666667,"Habitat Protection",3604205.401,0.233610411284343,0.00971863097577305,11962.096048515
"Great Palm Island Reef (No 2) (18-054b)","I",32.8387433231363,-5.19540691375732,146.6103363,-18.76537895,0.166693333333333,4.62873333333333,35.4530866666667,0.746923333333333,21.79494,0.04783,0.03915,0.15557,0.56015,"Conservation Park",6172275.211,0.346510960261177,0.025836855769275,16549.8323727294
"Great Palm Island Reef (No 3) (18-054c)","I",39.5536254881884,-9.04279041290283,146.67880249,-18.76471901,NaN,NaN,NaN,NaN,NaN,NaN,NaN,NaN,NaN,NaN,1628659.023,0.346510960261177,0.025836855769275,9300.03932130791
"Great Palm Island Reef (No 4) (18-054d)","I",39.9900051392916,-9.4745512008667,146.69200134,-18.75086212,0.16,4.65,35.39,1.01,0,0.03,0.03148,0.09061,0.44139,"Conservation Park",908865.1494,0.346510960261177,0.025836855769275,5113.80148382316
"Great Palm Island Reef (No 5) (18-054e)","I",34.9766391447739,-5.70729112625122,146.64472961,-18.74154854,0.16,4.645,35.43,0.97,25.84,0.04,0.025945,0.09073,0.446335,"Conservation Park",2291562.659,0.346510960261177,0.025836855769275,15087.4925367457
"Great Palm Island Reef (No 6) (18-054f)","I",28.6931641329497,-0.656030654907227,146.59866333,-18.69507027,NaN,NaN,NaN,NaN,NaN,NaN,NaN,NaN,NaN,NaN,747132.1559,0.346510960261177,0.0216306985041925,5747.00655936725
"Great Palm Island Reef (No 7) (18-054g)","I",26.7785031219684,-3.97251653671265,146.58349609,-18.68226433,NaN,NaN,NaN,NaN,NaN,NaN,NaN,NaN,NaN,NaN,548748.2961,0.346510960261177,0.0216306985041925,3385.50145103483
"Bray Reef (19-016)","I",0.697871834683925,-1.50189852714539,147.06283569,-19.24640274,NaN,NaN,NaN,NaN,NaN,NaN,NaN,NaN,NaN,NaN,115045.051,0.346510960261177,0.0188140247369173,1396.74159940153
"Bald Reef (19-018)","I",0.26143652842318,-4.27828359603882,147.06291199,-19.27323532,NaN,NaN,NaN,NaN,NaN,NaN,NaN,NaN,NaN,NaN,69071.64186,0.346510960261177,0.0188140247369173,892.693310467099
"Bowden Reef (19-019)","M",61.7975315680361,-13.7079792022705,147.92767334,-19.03274727,0.19177,4.518065,35.1552121428571,0.722457142857143,13.5115342857143,0.0430692857142857,0.00400857142857143,0.00472571428571429,0.0264878571428571,"Habitat Protection",14825249,0.201285651796299,0.0248698816414249,14691.9514417317
"Morinda Shoal (19-020)","I",30.0921065112849,-27.9945430755615,147.6365509,-19.14126396,0.129727777777778,4.51164555555556,35.2380566666667,0.575113333333333,7.44417222222222,0.0276055555555556,0.01174,0.02894,0.10536,"Habitat Protection",8351381.257,0.346510960261177,0.0191621224488667,13124.9832702662
"Tink Shoal (19-021)","I",38.8330835214735,-26.9750461578369,147.85797119,-19.36170387,0.09,4.51,35.205,0.72,4.12,0.06,0.02699,0.025,0.14479,"Habitat Protection",2180370.448,0.346510960261177,0.0159137986742949,6175.83518331952
"Wilson Shoal (19-022)","I",40.9604014023773,-25.3076858520508,147.94281006,-19.35899925,0.15252,4.50888,35.240315,0.5759,8.950215,0.051835,0.01628,0.0174,0.13525,"Marine National Park",2536098.011,0.178618791525673,0.0159137986742949,6684.5579130169
"Wansfell Reef (19-098)","M",85.9165594618152,-4.19416284561157,149.11933899,-19.50007629,0.163333333333333,4.50666666666667,35.2333333333333,0.52,4.72333333333333,0.11,0.0166333333333333,0.0198866666666667,0.220736666666667,"Habitat Protection",4927024.463,0.512224845761292,0.0280295528981644,12524.3599192033
"Joist Reef (19-099)","O",125.06453788859,-39.8277473449707,149.63226318,-19.46017265,0.249205714285714,4.53314333333333,35.2793752380952,0.29189619047619,4.06473476190476,0.0766823809523809,0.00465285714285714,0.00401571428571429,0.00751190476190476,"Habitat Protection",23593616.89,0.402397793838142,0.0222314670608391,22677.2236370061
"U/N Reef (19-101)","I",0.197440258490954,-0.894293069839478,147.75914001,-19.72694969,NaN,NaN,NaN,NaN,NaN,NaN,NaN,NaN,NaN,NaN,277015.5333,0.346510960261177,0.0159137986742949,2371.76032376866
"Camp Reef (19-102)","I",2.63860366123579,-4.4840726852417,147.89576721,-19.8535881,NaN,NaN,NaN,NaN,NaN,NaN,NaN,NaN,NaN,NaN,409728.8287,0.346510960261177,0.0230699537744605,3032.41309014485
"Holbourne Island Reef (No 1) (19-103a)","I",29.4280747357098,11.85582447052,148.35734558,-19.72500038,NaN,NaN,NaN,NaN,NaN,NaN,NaN,NaN,NaN,NaN,220385.4509,0.346510960261177,0.0353635411004586,2719.20570679674
"U/N Reef (19-200)","M",114.366514700991,-21.4156646728516,149.8289032,-19.91683769,0.248407333333333,4.52419133333333,35.2789366666667,0.462870666666667,2.775568,0.115063333333333,0.00388,0.00552466666666667,0.043016,"Habitat Protection",16377686.82,0.567029228533207,0.012118200141087,26230.0944209905
"U/N Reef (19-201)","M",108.582913233354,-24.0831718444824,149.77935791,-19.94067192,0.27264,4.51083,35.30794,0.42311,5.11623,0.11586,0.00388,0.00443,0.04473,"Habitat Protection",549731.6347,0.0563068959734072,0.00079956508421112,4401.33411059706
"U/N Reef (19-202)","M",110.460547130304,-20.8889579772949,149.79165649,-19.92757034,0.234145,4.5195275,35.2779,0.4569175,2.8616825,0.1137175,0.00388,0.0047325,0.044375,"Habitat Protection",5023522.938,0.0563068959734072,0.00079956508421112,20686.1253960077
"U/N Reef (19-203)","M",105.45033849948,-23.1213645935059,149.745224,-19.94345474,0.24983125,4.48923625,35.30027375,0.41898625,4.04085875,0.11563875,0.00388,0.00419,0.0445125,"Habitat Protection",7493598.3,0.0563068959734072,0.00079956508421112,19368.2822292383
"Round Reef (19-204)","M",92.366478204094,-11.3827333450317,149.62385559,-19.96522522,0.295576666666667,4.49495333333333,35.3437233333333,0.38528,9.33232,0.15971,0.00407,0.00406,0.04117,"Habitat Protection",2977315.322,0.336236440811193,0.00625687784939475,6723.2578183327
"Eclipse (Garoogubbee) Reef (18-058)","I",27.1092636617138,-0.026922594755888,146.55006409,-18.76878738,NaN,NaN,NaN,NaN,NaN,NaN,NaN,NaN,NaN,NaN,120223.1897,0.346510960261177,0.0216306985041925,1988.10391793545
"Esk (Soopun) Reef (18-059)","I",24.2838165743369,-7.05661487579346,146.52073669,-18.77420425,NaN,NaN,NaN,NaN,NaN,NaN,NaN,NaN,NaN,NaN,232201.7436,0.346510960261177,0.0216306985041925,2561.03773994248
"Barber (Boodthean) Reef (18-061)","I",37.6326981947825,-5.41290855407715,146.6660614,-18.77711105,NaN,NaN,NaN,NaN,NaN,NaN,NaN,NaN,NaN,NaN,101894.0571,0.346510960261177,0.025836855769275,1307.7229402812
"Brisk-Falcon Reef (18-062)","I",25.8602979735328,-1.30128169059753,146.53538513,-18.77733803,NaN,NaN,NaN,NaN,NaN,NaN,NaN,NaN,NaN,NaN,805992.465,0.346510960261177,0.0216306985041925,5779.47271285116
"Fly Island Reef (18-064)","I",22.9166461593551,-5.46876382827759,146.52542114,-18.82943153,NaN,NaN,NaN,NaN,NaN,NaN,NaN,NaN,NaN,NaN,230188.5581,0.346510960261177,0.025836855769275,1940.14955196921
"Pakhoi Bank (19-023)","I",29.8820610991781,-34.6086540222168,147.88291931,-19.44683075,NaN,NaN,NaN,NaN,NaN,NaN,NaN,NaN,NaN,NaN,386272.5794,0.346510960261177,0.0159137986742949,2284.32771502672
"Prawn Reef (19-024)","M",77.7259591605394,-25.5011825561523,148.09669495,-19.02057266,0.164167083333333,4.52362333333333,35.1865775,0.57056875,14.7591775,0.0669479166666667,0.00388208333333333,0.00563041666666667,0.02495625,"Habitat Protection",31211308.04,0.0930495907094971,0.00690583607900301,23314.7261789185
"Castor Reef (19-025)","M",94.3382559446697,-32.1875267028809,148.34069824,-19.01529503,0.189541875,4.546719375,35.2198725,0.50239125,15.866805,0.03659125,0.00389875,0.006498125,0.02550625,"Habitat Protection",16517122.73,0.066269380506796,0.00142294469867723,20093.7245678383
"U/N Reef (19-026)","M",98.3185264529674,-37.1304168701172,148.42927551,-19.03603363,0.136688571428571,4.55436857142857,35.2087728571429,0.482402857142857,11.3408842857143,0.03503,0.00398,0.00574,0.04098,"Habitat Protection",7253791.325,0.0173139976413566,0,11229.5056404553
"Pollux Reef (19-027)","M",89.2277446901884,-30.5301971435547,148.30413818,-19.04730606,0.161331,4.549757,35.188483,0.613534,18.580923,0.039879,0.004002,0.00831,0.03379,"Habitat Protection",10251123.4,0.0544464110488523,0.00144896967251451,15590.3424657778
"Shell Reef (19-028)","M",81.4992456702906,-14.8510894775391,148.18159485,-19.05929375,0.295983333333333,4.53081,35.2550133333333,0.421573333333333,16.21616,0.0560866666666667,0.00425,0.00581,0.02664,"Habitat Protection",3584812.631,0.277710748570529,0.00870796831558517,7545.82604530093
"Mid Reef (19-029)","M",75.9002641035177,-12.9748344421387,148.0774231,-19.07060051,0.212058333333333,4.52273166666667,35.1886083333333,0.610983333333333,12.9654866666667,0.043465,0.00390166666666667,0.00597666666666667,0.0321116666666667,"Habitat Protection",5625519.901,0.261933802275651,0.0186295968321331,8637.63167836835
"Holbourne Island Reef (No 2) (19-103b)","I",29.5104939034045,-6.56584596633911,148.36372375,-19.7290554,NaN,NaN,NaN,NaN,NaN,NaN,NaN,NaN,NaN,NaN,69549.85628,0.346510960261177,0.0353635411004586,1657.01987790293
"Middle Island Reef (19-106)","I",10.2325458068926,-2.79826617240906,148.36381531,-19.98838997,NaN,NaN,NaN,NaN,NaN,NaN,NaN,NaN,NaN,NaN,318835.8764,0.346510960261177,0.0226616316650376,3773.81486836874
"Tideway Reef (No 1) (19-205a)","M",99.5989121333591,-7.88037586212158,149.72459412,-20.01020241,0.258145,4.49739,35.316725,0.432186,5.833484,0.125233,0.00388,0.004163,0.042589,"Habitat Protection",15225524.12,0.290738850840414,0.0414858168672921,16625.3009703652
"Tideway Reef (No 2) (19-205b)","M",103.045516101123,-17.5688381195068,149.75500488,-19.99752617,0.2694,4.50405,35.320905,0.42979,6.00388,0.122025,0.00388,0.004655,0.043925,"Habitat Protection",2425374.572,0.000154434191730049,0,9400.67640246784
"Tideway Reef (No 3) (19-205c)","M",102.327834462436,-21.5440921783447,149.73295593,-19.97673225,0.250667272727273,4.48798545454545,35.3032345454545,0.413204545454545,4.73284818181818,0.120151818181818,0.00388,0.00436,0.0434854545454545,"Habitat Protection",15026013.36,0.0132106981729355,0.00100326528577482,18677.6060954931
"U/N Reef (19-206)","O",141.204194539568,-18.4422264099121,150.00669861,-19.70957565,0.336443333333333,4.56323666666667,35.27043,0.395356666666667,2.97226,0.0888533333333333,0.00388,0.00463,0.02236,"Marine National Park",4536022.826,0.35464659415195,0.00583150667934985,15461.7227397426
"Havannah Reef (18-065)","I",23.0523803494709,-3.10932874679565,146.53756714,-18.84302711,NaN,NaN,NaN,NaN,NaN,NaN,NaN,NaN,NaN,NaN,851119.2514,0.346510960261177,0.025836855769275,4645.44343845548
"Acheron Reef (18-066)","I",19.2120064309438,-5.08510637283325,146.63087463,-18.96382713,NaN,NaN,NaN,NaN,NaN,NaN,NaN,NaN,NaN,NaN,262583.8599,0.346510960261177,0.0183648783721425,2121.03459390545
"Phillips Reef (18-067)","I",17.3764624286411,-16.9842071533203,146.6191864,-18.97616577,NaN,NaN,NaN,NaN,NaN,NaN,NaN,NaN,NaN,NaN,9969.929574,0.346510960261177,0.0183648783721425,337.985026821971
"Cordelia Rocks Reef (18-068)","I",19.3017703888112,-15.6633434295654,146.68490601,-18.99560356,NaN,NaN,NaN,NaN,NaN,NaN,NaN,NaN,NaN,NaN,609164.1658,0.346510960261177,0.0183648783721425,3183.79016790923
"Backnumbers Reef (18-069a)","M",76.1585664034321,-17.2621269226074,147.14831543,-18.50876045,0.256138125,4.5375734375,35.20917875,0.5632928125,16.38057125,0.1224425,0.009641875,0.0080784375,0.0301740625,"Habitat Protection",33122337.09,0.116517037774774,0.0239197552820659,24887.94369755
"Braggs Reef (18-069b)","M",71.777775084993,-23.4411468505859,147.1398468,-18.54733849,0.264382941176471,4.53364,35.2390917647059,0.521655882352941,15.3471729411765,0.0864776470588235,0.0119652941176471,0.00956941176470588,0.0447047058823529,"Habitat Protection",19766695.97,0.0553113797574556,0.00359431012127221,18726.0690398063
"U/N Reef (19-030)","M",80.3325830597842,-30.4094066619873,148.20133972,-19.08122635,0.106666666666667,4.55,35.1733333333333,0.616666666666667,10.4433333333333,0.08,0.00542,0.00708,0.03103,"Habitat Protection",3312437.664,0.323667553201092,0.0124551659912093,7530.60949944927
"Crotan Reef (19-031)","M",82.2711632624954,-14.863673210144,148.23110962,-19.07741928,0.25656,4.53787,35.2455,0.4459,18.6276,0.05923,0.00556,0.00797,0.03095,"Habitat Protection",2650609.699,0.253989078788738,0.0105311680022693,6469.21571215362
"U/N Reef (19-032)","M",81.6484024792576,-15.5302019119263,148.24681091,-19.09322357,0.15,4.54,35.01,1.28,20.05,0.04,0.00556,0.00797,0.03095,"Habitat Protection",1014113.12,0.204852031227627,0.014829660182052,4005.32043133419
"U/N Reef (19-033)","M",82.7996011949896,-30.3095569610596,148.26704407,-19.09339714,0.1,4.54,35.16,0.67,21.21,0.04,0.00516,0.00919,0.03648,"Habitat Protection",1031757.797,0.0367740760968505,0,4538.0513318421
"Tabias Reef (19-034)","M",83.7819121925903,-8.67761898040771,148.28695679,-19.09561729,0.149423333333333,4.54117333333333,35.2010933333333,0.580976666666667,20.2152966666667,0.0450866666666667,0.00516,0.00919,0.03648,"Habitat Protection",3346209.056,0.323792938797292,0.0339578125438868,7564.81155182655
"U/N Reef (19-035)","M",97.753209992318,-26.0151309967041,148.46107483,-19.08310509,0.1,4.55,35.18,0.57,9.78,0.12,0.00442,0.00573,0.03695,"Habitat Protection",2403622.024,0.0533373982208293,0.00689187555514229,6050.50188649401
"U/N Reef (19-036)","M",85.9458736149482,-26.910083770752,148.32249451,-19.09608269,0.13189,4.54829833333333,35.1713716666667,0.678635,19.061915,0.0436783333333333,0.00468,0.00969666666666667,0.0536133333333333,"Habitat Protection",6403423.329,0.145878810233117,0.0128650139988679,10181.1555834961
"U/N Reef (19-037)","M",84.1851446595741,-26.4297180175781,148.30632019,-19.10439682,NaN,NaN,NaN,NaN,NaN,NaN,NaN,NaN,NaN,NaN,319831.9435,0.139988031915783,0.0123820241080297,2144.12592295581
"Dingo Reef (No 1) (19-038a)","M",75.9588156745143,-13.4415969848633,148.29811096,-19.19438744,0.145773333333333,4.54691666666667,35.1446947222222,0.853054166666667,21.7263788888889,0.108772777777778,0.00724972222222222,0.01215,0.109479444444444,"Habitat Protection",41548025.64,0.187888198757764,0.0408360230365167,26984.7679746088
"Seagull Reef (19-107)","M",74.5587345930143,-9.25518417358398,148.97894287,-19.5239315,0.175045555555556,4.50032333333333,35.23167,0.638742222222222,6.65933333333333,0.0664233333333333,0.0167688888888889,0.0166088888888889,0.175452222222222,"Marine National Park",14125446.16,0.389506816385888,0.0553080156448175,17089.4083164384
"U/N Reef (19-108)","M",68.4658937659857,-6.50454092025757,148.8815155,-19.53052902,0.24474,4.49366,35.29816,0.47778,11.52447,0.04624,0.01077,0.01821,0.17751,"Habitat Protection",1214972.449,0.531548904659056,0.0534557235421166,5322.98645296982
"Fairey Reef (No 1) (19-109a)","M",71.0889493189245,-7.39376544952393,148.94335938,-19.53862,0.224344,4.488104,35.238194,0.66964,6.604554,0.057332,0.01669,0.014842,0.174674,"Marine National Park",8676417.781,0.562053556381614,0.0476393986120471,12088.9720807884
"Fairey Reef (No 2) (19-109b)","M",68.594043650011,-7.54763841629028,148.93582153,-19.56092834,0.21722,4.48534,35.29453,0.46152,10.98391,0.06572,0.01535,0.01459,0.16829,"Marine National Park",2000298.631,0.534260690365791,0.0753594679406117,6745.80503392684
"Hyde Reef (19-207)","O",146.604398615196,-3.91304636001587,150.08551025,-19.75622559,0.319348571428571,4.57571571428571,35.2530485714286,0.403651428571429,3.25173714285714,0.0972857142857143,0.00388,0.00445714285714286,0.02191,"Habitat Protection",7974073.723,0.587787695962554,0.0470662950287549,12710.4793627392
"U/N Reef (19-208)","O",148.188671261422,-27.7355251312256,150.1234436,-19.78590012,0.2891225,4.5894,35.23800375,0.4339725,4.33378125,0.11041125,0.00388,0.004385,0.024705,"Habitat Protection",9055331.373,0.100644105707895,0.00086985336757518,17945.4452271341
"Rebe Reef (19-209)","O",150.090060358421,-9.58487796783447,150.15289307,-19.79887581,0.243314,4.608914,35.214752,0.462354,5.072186,0.083692,0.00388,0.00439,0.02174,"Habitat Protection",7452974.707,0.564773227653016,0.00933509467195068,14507.5537136651
"U/N Reef (19-210)","O",144.269385695967,-24.3312225341797,150.09761047,-19.81380081,0.276605,4.57851,35.233465,0.42391,4.76829,0.11579,0.00388,0.00432,0.02937,"Habitat Protection",2486625.601,0.214689691576804,0.0128949551315889,6433.64307610345
"Arc Reef (18-070)","O",89.7268347648015,-11.2480878829956,147.44549561,-18.49704361,NaN,NaN,NaN,NaN,NaN,NaN,NaN,NaN,NaN,NaN,580615.5661,0.332306694764143,0,2973.27715449983
"Glow Reef (18-071)","M",83.3626615424463,-32.2267303466797,147.40255737,-18.52807808,0.273363333333333,4.519785,35.205665,0.492003333333333,11.0357983333333,0.050425,0.0053,0.00545,0.01262,"Marine National Park",8840947.44,0.162349587679975,0,11181.3526386795
"French Reef (18-072)","M",74.2387882401532,-28.7810935974121,147.23179626,-18.54670715,0.204406,4.548456,35.1633,0.63292,11.030714,0.106494,0.010304,0.006874,0.025156,"Habitat Protection",6629972.457,0.132819550356762,0.0163600881042993,10815.8901642204
"Hopkinson Reef (18-073)","M",72.6547510733746,-16.7447929382324,147.19277954,-18.55063438,0.258511666666667,4.535665,35.2076216666667,0.551236666666667,12.9979633333333,0.0769683333333333,0.0112866666666667,0.00770333333333333,0.03564,"Habitat Protection",7380080.093,0.226630233538057,0.0215661989095599,10122.6602035909
"Yankee Reef (18-074)","M",83.2107514523357,-14.0830907821655,147.49894714,-18.56134033,0.165428,4.541072,35.11473,0.702188,9.388848,0.049276,0.005478,0.00539,0.016852,"Marine National Park",6683161.008,0.128370339114252,0.0078755122010366,10218.3164236197
"John Brewer Reef (18-075)","M",61.3722418586691,-15.6781921386719,147.05296326,-18.63109779,0.238248181818182,4.53613363636364,35.2613663636364,0.587757272727273,11.9948436363636,0.0348272727272727,0.0133127272727273,0.0110463636363636,0.0595654545454545,"Conservation Park",24587672.61,0.141889122548963,0.0283303263963105,18955.2798508623
"Helix Reef (18-076)","M",68.7853045919692,-14.7394733428955,147.2984314,-18.62459183,0.29112,4.518815,35.24524,0.4636,9.475195,0.049685,0.00645,0.00555,0.02336,"Marine National Park",1580023.92,0.197293860083266,0.0148013498064342,4519.48605156419
"Grub Reef (18-077)","M",75.3372050818361,-26.1182632446289,147.42596436,-18.62554359,0.263157307692308,4.51710884615385,35.1889573076923,0.607133076923077,10.4678103846154,0.0588319230769231,0.00648115384615385,0.00579269230769231,0.0163357692307692,"Habitat Protection",31306639.38,0.108407778616927,0.0103175295699976,22499.8535475568
"Dingo Reef (No 2) (19-038b)","M",84.2794686324697,-13.0321340560913,148.3894043,-19.16968155,0.146515238095238,4.55042365079365,35.1482871428571,0.838192063492063,17.1750171428571,0.085048253968254,0.00607222222222222,0.0124625396825397,0.108187619047619,"Habitat Protection",73725069.68,0.156490193479989,0.0379556667821974,34487.7195388656
"Dingo Reef (No 3) (19-038c)","M",79.9034805437399,-20.0132179260254,148.29582214,-19.14525986,0.118974642857143,4.5445575,35.1689532142857,0.710857142857143,22.9258825,0.0712921428571429,0.00640214285714286,0.0110382142857143,0.0799689285714286,"Habitat Protection",31134180.23,0.0797147375537206,0.0194209039548023,29723.5482878867
"Dingo Reef (No 4) (19-038d)","M",86.0610450486012,-23.5684509277344,148.34477234,-19.11131477,0.127134545454545,4.54861727272727,35.1811163636364,0.644042727272727,19.3725290909091,0.0449036363636364,0.00485272727272727,0.0102672727272727,0.0718663636363636,"Habitat Protection",14177345.13,0.0593970808532075,0.0031882597802023,16764.5946511724
"Dingo Reef (No 5) (19-038e)","M",88.0828637095152,-24.2385425567627,148.3848114,-19.12049294,0.133322258064516,4.54842580645161,35.1951767741935,0.620998064516129,17.2959519354839,0.0466583870967742,0.00517290322580645,0.0100483870967742,0.0826483870967742,"Habitat Protection",34887888.05,0.0343131315579034,0.00356755330463136,27489.5901890003
"Fairey Reef (No 3) (19-109c)","M",67.4941970809228,-5.94355201721191,148.94422913,-19.57868195,NaN,NaN,NaN,NaN,NaN,NaN,NaN,NaN,NaN,NaN,328439.0789,0.762393162393162,0.0122507122507122,2120.91539149271
"Rattray Reef (19-110)","I",8.04927258866171,-8.09574317932129,148.55473328,-19.99648857,NaN,NaN,NaN,NaN,NaN,NaN,NaN,NaN,NaN,NaN,214183.0484,0.346510960261177,0.0379102027004716,6094.83894631804
"U/N Reef (19-111)","M",92.957083804561,-21.3299255371094,149.22164917,-19.51968384,0.20213,4.50314,35.28512,0.36173,6.29295,0.0398,0.01547,0.02079,0.18112,"Habitat Protection",2069346.566,0.161262527776518,0.000136048251779965,5949.78535982
"U/N Reef (19-112)","M",92.3491616691961,-24.0080242156982,149.23088074,-19.53125954,0.20413,4.50174,35.29004,0.34715,6.2834,0.04087,0.01547,0.02079,0.18112,"Habitat Protection",1253363.634,0.247826738609113,0,5069.52560592153
"U/N Reef (19-113)","M",75.6420159145167,-5.30217123031616,149.00218201,-19.52801323,NaN,NaN,NaN,NaN,NaN,NaN,NaN,NaN,NaN,NaN,308185.9795,0.818763326226013,0.0134023758757234,2695.69885114291
"Wackett Reef (19-211)","O",141.818060641119,-5.28583860397339,150.07618713,-19.82304573,0.260638571428571,4.59131571428571,35.23218,0.469152857142857,3.7333,0.121441428571429,0.00388,0.00429714285714286,0.0314971428571429,"Habitat Protection",9111468.209,0.520361339177315,0.020186431261189,14851.7833208357
"Oom Reef (19-212)","O",151.251137196871,-6.58687257766724,150.18334961,-19.82825089,0.21,4.63,35.21,0.54,7.7,0.06686,0.00388,0.00436,0.02469,"Habitat Protection",999903.8847,0.751781027371579,0.0228721409823772,4125.77638689517
"U/N Reef (19-213)","O",143.466546433222,-17.9760913848877,150.10075378,-19.83302116,NaN,NaN,NaN,NaN,NaN,NaN,NaN,NaN,NaN,NaN,235257.4932,0.269184890656064,0,3109.70578690751
"Wyatt Earp Reef (19-214)","O",152.703131280927,-22.3017444610596,150.21989441,-19.86567879,0.23389,4.6089825,35.22278125,0.4802375,10.9379075,0.06066,0.00388,0.00431625,0.0250875,"Habitat Protection",18349267.11,0.221228627783626,0.00962707845762348,18335.9537126553
"Sharon Shoal (No 1) (19-215a)","O",158.433760423867,-14.0002107620239,150.28781128,-19.87928772,0.29895,4.5743,35.27577,0.42563,5.98774,0.04631,0.00388,0.00425,0.02081,"Habitat Protection",150533.8657,0.476751394916305,0,2047.76293958073
"Sharon Shoal (No 2) (19-215b)","O",158.373814048074,-39.3651123046875,150.28036499,-19.86578751,NaN,NaN,NaN,NaN,NaN,NaN,NaN,NaN,NaN,NaN,541572.4727,0.379615245133588,0.00583024588785087,2712.65755271593
"Sharon Shoal (No 3) (19-215c)","O",160.535630348111,-31.0543689727783,150.29707336,-19.85360909,0.23,4.655,35.22,0.48,4.89,0.03,0.00388,0.00427,0.01875,"Habitat Protection",1999963.479,0.379615245133588,0.00583024588785087,6409.15180931163
"Lodestone Reef (18-078)","M",55.4586304880444,-14.1011323928833,147.10308838,-18.69019508,0.180278888888889,4.56597,35.2130977777778,0.666454444444444,10.1675855555556,0.0402522222222222,0.00966333333333333,0.0117288888888889,0.0589155555555556,"Habitat Protection",8720343.895,0.245921287048534,0.0155914268746963,11000.5444774725
"Keeper Reef (18-079)","M",55.3007956053034,-13.2551364898682,147.26829529,-18.74611664,0.2720025,4.51392,35.2567825,0.55861,10.1754475,0.035545,0.0073025,0.008575,0.036435,"Habitat Protection",7178492.702,0.256843568094814,0.0125203209397451,10651.5156055226
"Bowl Reef (18-080)","O",90.6825368783633,-24.9812984466553,147.53889465,-18.49941254,0.232521304347826,4.51662217391304,35.1849647826087,0.533750869565217,12.1688382608696,0.0444978260869565,0.0043404347826087,0.00474260869565217,0.0117869565217391,"Marine National Park",25990137.37,0.203847158151275,0.00959976209127571,24086.7002485515
"Knife Reef (18-081)","M",83.0199602160724,-31.117000579834,147.57148743,-18.57635307,0.245816153846154,4.51097307692308,35.2074907692308,0.489141538461538,14.3093338461538,0.0407846153846154,0.00583615384615385,0.00507461538461538,0.0162723076923077,"Marine National Park",16204769.64,0.0413069551449634,0.0046755915039447,15346.4192442523
"Cowboys Reef (18-082)","O",92.8715742637966,-32.4472351074219,147.84124756,-18.5816021,0.269255714285714,4.50612285714286,35.2476342857143,0.35858,7.23959857142857,0.0249471428571429,0.00527714285714286,0.00533,0.0101114285714286,"Marine National Park",8222282.872,0.0114040114613181,0,10391.6769023524
"Fork Reef (18-083)","M",79.1463339276061,-34.4160308837891,147.55445862,-18.6082859,0.206896538461538,4.51950192307692,35.2082176923077,0.447745384615385,14.2283276923077,0.0430619230769231,0.00586384615384615,0.00501038461538462,0.0184830769230769,"Marine National Park",30932813.99,0.0463285542007236,0.0140267745118341,23339.0515671598
"Dingo Reef (No 6) (19-038f)","M",92.8717220322283,-17.8532123565674,148.472229,-19.13640022,0.135695,4.55757131578947,35.1635260526316,0.765803421052632,11.4112440789474,0.0681371052631579,0.00601039473684211,0.00895815789473684,0.065705,"Habitat Protection",89530801.19,0.108385065463228,0.0171080733607955,38236.2943714617
"U/N Reef (19-039)","M",75.7396260636716,-5.6541953086853,148.18856812,-19.12188721,NaN,NaN,NaN,NaN,NaN,NaN,NaN,NaN,NaN,NaN,1076801.891,0.439302832244009,0.0181263616557734,3798.59104153547
"U/N Reef (19-040)","M",74.3797119541972,-10.8205947875977,148.18035889,-19.13153839,0.09,4.54,35.14,0.77,14.71,0.08,0.00651,0.00833,0.0534,"Habitat Protection",217160.2076,0.401731601731602,0.012987012987013,2067.52895118366
"U/N Reef (19-041)","M",68.3259595426075,-25.3524513244629,148.15959167,-19.18313789,0.1300475,4.5313,35.171625,0.703355,11.3487775,0.0456775,0.00672,0.00876,0.08055,"Habitat Protection",4423530.582,0.0816967792615868,0.00513789516146154,9069.3580081622
"U/N Reef (19-042)","M",62.8568804881151,-32.7595634460449,148.07209778,-19.19550705,0.156028333333333,4.52062416666667,35.2174908333333,0.55648,7.14121916666667,0.0343666666666667,0.00469083333333333,0.00789166666666667,0.06581,"General Use",14882995.92,0.0172637902096137,0.00182986080438157,18697.7808959794
"U/N Reef (19-114)","M",77.4187614294545,-22.142520904541,149.04370117,-19.53903961,0.17444,4.4953275,35.235825,0.5837,8.2477175,0.0658,0.0171525,0.017395,0.19307,"Habitat Protection",3634376.67,0.159428143789838,0.00121287192588578,9822.69966257122
"U/N Reef (19-115)","M",75.6873616369458,-19.0494785308838,149.03916931,-19.5559063,NaN,NaN,NaN,NaN,NaN,NaN,NaN,NaN,NaN,NaN,267436.0429,0.561020843395924,0.00487174926720306,2006.04319685976
"Knuckle Reef (19-116)","M",94.4585450287118,-16.6915283203125,149.27287292,-19.53398705,0.195420285714286,4.50143457142857,35.2632168571429,0.351766571428571,4.21281742857143,0.0289971428571429,0.0104162857142857,0.0164157142857143,0.100672285714286,"Habitat Protection",42195527.48,0.221304932685573,0.0277373236539894,29658.8506107626
"U/N Reef (19-117)","M",100.388553474739,-3.20933508872986,149.36636353,-19.53208733,0.19,4.5,35.245,0.28,4.135,0.02,0.00679,0.00582,0.02026,"Habitat Protection",1570159.571,0.816975493126121,0.00651524208009564,5356.38283293542
"U/N Reef (19-118a)","M",102.221725999326,-4.02744770050049,149.39524841,-19.53289223,NaN,NaN,NaN,NaN,NaN,NaN,NaN,NaN,NaN,NaN,292314.3318,0.918570968780174,0,2285.07682483357
"U/N Reef (19-118b)","M",101.299857459313,-14.9313974380493,149.38755798,-19.53765297,NaN,NaN,NaN,NaN,NaN,NaN,NaN,NaN,NaN,NaN,116699.2938,0.320967741935484,0,1439.43827191392
"U/N Reef (19-118c)","M",103.314908630184,-16.7536506652832,149.38973999,-19.51598167,NaN,NaN,NaN,NaN,NaN,NaN,NaN,NaN,NaN,NaN,117562.7797,0.2712,0,1658.39092636036
"U/N Reef (19-118d)","M",101.763821566639,-7.94812631607056,149.39117432,-19.53505135,NaN,NaN,NaN,NaN,NaN,NaN,NaN,NaN,NaN,NaN,111967.095,0.526622296173045,0,1448.73008611616
"Sharon Shoal (No 4) (19-215d)","O",160.466762912712,-33.6774253845215,150.30505371,-19.87081337,NaN,NaN,NaN,NaN,NaN,NaN,NaN,NaN,NaN,NaN,381182.2845,0.373112920043085,0.0227221695072397,2318.16512381021
"U/N Reef (19-216)","O",154.249634103498,-15.9680433273315,150.24853516,-19.88918304,0.23561,4.60908666666667,35.234505,0.50041,10.8977533333333,0.048345,0.00388,0.00422666666666667,0.0264033333333333,"Habitat Protection",7615350.558,0.389768964710806,0.0174907376635526,16486.9594004369
"U/N Reef (19-217)","O",158.271141164272,-23.3269348144531,150.29302979,-19.8934269,NaN,NaN,NaN,NaN,NaN,NaN,NaN,NaN,NaN,NaN,211764.5721,0.272325375773652,0,1826.930698998
"Williams Reef (19-218)","O",145.502951807291,-2.97940230369568,150.16259766,-19.90272141,0.257803333333333,4.58696,35.23842,0.467646666666667,9.25794666666667,0.0621233333333333,0.00388,0.00421333333333333,0.0332066666666667,"Habitat Protection",3345337.292,0.342032967032967,0.0820251177394034,7541.93200924708
"Conder Reef (19-219)","O",148.121694172612,-11.6220226287842,150.19985962,-19.92139053,0.2944575,4.5793325,35.2764575,0.4510125,8.289225,0.0658825,0.00388,0.00427,0.03426,"Habitat Protection",5716473.214,0.281567560479906,0.0933750737559824,11371.1061300554
"Cup Reef (North) (18-084a)","M",81.5176388318656,-34.6201438903809,147.63328552,-18.6073761,0.1769056,4.5231392,35.2000888,0.4220196,12.486744,0.0386988,0.0070744,0.0044796,0.0166836,"Marine National Park",30955059.62,0.0148096081402638,0,27415.9242014244
"Cup Reef (South) (18-084b)","M",76.7340323499854,-22.9560413360596,147.59799194,-18.64159966,0.12,4.53,35.1166666666667,0.606666666666667,16.1366666666667,0.04,0.00623,0.00466,0.01952,"Marine National Park",4165676.265,0.0627827030939027,0,8456.42220508451
"Saucer Reef (18-084c)","M",75.5943407563485,-29.6773662567139,147.61497498,-18.65775681,0.243937777777778,4.51095333333333,35.2169388888889,0.446862222222222,16.4197611111111,0.0401044444444444,0.00667222222222222,0.00441555555555556,0.0245022222222222,"Marine National Park",10393569.77,0.0327781201290463,0,13158.1162538668
"Spoon Reef (North) (18-085a)","M",74.1048392601415,-16.7244777679443,147.56567383,-18.65759468,0.15,4.54,35.09,0.9,16.41,0.04,0.00471,0.0047,0.02117,"Marine National Park",2395535.518,0.304964817799442,0.00577852903022918,6590.75019380353
"Spoon Reef (South) (18-085b)","M",72.872395773464,-30.1341724395752,147.56385803,-18.66860008,0.18,4.52,35.09,1,16.22,0.04,0.00471,0.0047,0.02117,"Marine National Park",599973.9644,0.0175879396984925,0,5018.43394981129
"Chicken Reef (18-086)","M",80.6461944018964,-33.4916343688965,147.71723938,-18.64651299,0.220654166666667,4.513975,35.2121877083333,0.42244875,14.7161152083333,0.0347139583333333,0.008198125,0.0045125,0.0161579166666667,"Habitat Protection",56971185.42,0.0369278025667774,0.00331469060958896,33078.3573184433
"Anzac Reefs (No 1) (18-087)","O",83.0568314756151,-34.03173828125,147.85687256,-18.6938839,0.187546666666667,4.51866,35.204805,0.410973333333333,11.4798533333333,0.0402916666666667,0.00533,0.005305,0.014575,"Marine National Park",7191582.684,0.405056536235831,0.0186056751105025,10198.9689146871
"Darley Reef (19-043)","M",68.3516431706171,-18.5199871063232,148.18327332,-19.19681931,0.142976666666667,4.5326519047619,35.1659592380952,0.71497180952381,14.025909047619,0.0535169523809524,0.00734961904761905,0.0103540952380952,0.0993835238095238,"Habitat Protection",130010864.1,0.131075446583016,0.0186664586596984,67487.2356989417
"Faith Reef (19-044)","M",73.1661773788308,-8.00593185424805,148.349823,-19.27865601,0.232103333333333,4.5352,35.2458533333333,0.53175,23.053,0.05202,0.00576,0.01014,0.0926,"Habitat Protection",4416372.604,0.381912858660999,0.0259086078639745,7606.01689924166
"Stanley Reef (19-045)","M",53.3996191631258,-13.6710367202759,148.0796814,-19.29451752,0.15304649122807,4.53004736842105,35.1355529824561,0.777418596491228,7.82019105263158,0.0537935087719298,0.00703824561403509,0.0145845614035088,0.124074210526316,"Marine National Park",69544882.49,0.144600163545538,0.021413400478762,32649.9879579466
"U/N Reef (19-118e)","M",101.391439874182,-14.0394010543823,149.39642334,-19.54352951,NaN,NaN,NaN,NaN,NaN,NaN,NaN,NaN,NaN,NaN,189683.2703,0.24814631735047,0,2148.86718224307
"U/N Reef (19-118f)","M",102.798255227805,-12.0369205474854,149.39776611,-19.52812576,NaN,NaN,NaN,NaN,NaN,NaN,NaN,NaN,NaN,NaN,242477.9103,0.403325599381284,0,2033.15052998608
"U/N Reef (19-119)","M",99.8732067417798,-4.20629215240479,149.37538147,-19.54483604,NaN,NaN,NaN,NaN,NaN,NaN,NaN,NaN,NaN,NaN,364654.5325,0.851036600972613,0,2819.87132810334
"Outlier Reef (19-120)","M",98.1849351787076,-3.90814304351807,149.35287476,-19.54730606,0.213896666666667,4.507865,35.2824633333333,0.286241666666667,4.78659333333333,0.038025,0.00752,0.01021,0.02833,"Habitat Protection",7615799.827,0.662993278678073,0.00217174736003188,10825.9726348601
"U/N Reef (19-121)","M",103.561893394755,-24.9297103881836,149.43383789,-19.54832458,0.222663333333333,4.51651,35.2696766666667,0.26795,6.09901333333333,0.0393666666666667,0.00614,0.00552,0.02683,"Habitat Protection",6809644.337,0.0410148982207583,0,12066.1703602403
"U/N Reef (19-122)","M",88.8507325958282,-25.8135471343994,149.24784851,-19.57890129,0.191446666666667,4.48446333333333,35.2652833333333,0.346563333333333,3.33986333333333,0.02636,0.0127066666666667,0.0193166666666667,0.157933333333333,"Habitat Protection",3222026.447,0.107018156424581,0.00194948789571695,9661.68549739782
"U/N Reef (19-123)","M",87.3353793148571,-12.9798965454102,149.23719788,-19.58856964,0.176666666666667,4.49333333333333,35.2366666666667,0.386666666666667,2.44,0.02,0.0178066666666667,0.0209,0.25998,"Habitat Protection",2400086.103,0.359039437719641,0.0671222178836392,6231.83037232705
"U/N Reef (19-124)","M",106.10173772054,-27.2733516693115,149.49443054,-19.57124138,NaN,NaN,NaN,NaN,NaN,NaN,NaN,NaN,NaN,NaN,570625.5733,0.157107641741988,0,2890.15978454397
"White Tip Reef (19-220)","O",155.35517741664,-7.89319705963135,150.27107239,-19.91143227,0.240247272727273,4.60129818181818,35.2412336363636,0.481634545454545,8.3787,0.0366181818181818,0.00388,0.00423,0.02797,"Habitat Protection",12939731.13,0.370261989439298,0.068166508521719,14439.5059256964
"Bond Reef (19-221)","O",158.81551650537,-7.5092830657959,150.313797,-19.92573357,NaN,NaN,NaN,NaN,NaN,NaN,NaN,NaN,NaN,NaN,634575.4422,0.710642688679245,0.0334610849056604,3211.96585174047
"Abott Reef (19-222)","O",159.985648081399,-6.32977724075317,150.33111572,-19.93745041,0.22,4.6,35.21,0.4,4.45,0.03,0.00388,0.00425,0.02463,"Habitat Protection",957438.9722,0.725090624081513,0.02899970608406,3862.76656460884
"U/N Reef (19-223)","O",145.124701857001,-16.0397987365723,150.17866516,-19.9426136,0.30336,4.57685,35.28367,0.45254,7.6168,0.06621,0.00388,0.00427,0.03426,"Habitat Protection",332658.3998,0.300591049817056,0.0379960596678863,2162.21925520629
"U/N Reef (19-224)","O",160.027850765317,-10.6235017776489,150.33477783,-19.94491577,0.28302,4.57238,35.28249,0.42882,4.43063,0.04642,0.00388,0.00425,0.02463,"Habitat Protection",354422.0362,0.752853553075525,0.0299357522688794,3476.71771780298
"U/N Reef (19-225)","O",161.05116414718,-13.9373388290405,150.34921265,-19.95414543,0.26438,4.60099857142857,35.2707971428571,0.435384285714286,3.51457857142857,0.0416971428571429,0.00388,0.00425142857142857,0.0258114285714286,"Habitat Protection",7619970.519,0.752853553075525,0.0299357522688794,12160.9318781581
"Kerwin Reef (19-226)","O",147.254188315728,-8.58955764770508,150.20741272,-19.95633316,0.271531666666667,4.58102,35.2730383333333,0.481103333333333,7.50643666666667,0.0560883333333333,0.00388,0.00421666666666667,0.03417,"Habitat Protection",8659073.922,0.316564589780769,0.0887527863743589,11577.1816477467
"Centipede Reef (18-088)","M",66.5841611796185,-21.9282150268555,147.54231262,-18.72175407,0.202114074074074,4.52473777777778,35.1729544444444,0.622981111111111,13.9011340740741,0.0347074074074074,0.00511407407407407,0.00435296296296296,0.0193281481481481,"Habitat Protection",30078104.98,0.112831699157197,0.0180578288668634,23198.8070452043
"Anzac Reefs (No 2) (18-089)","O",82.5808729201944,-17.0084667205811,147.88897705,-18.72080612,0.13,4.53,35.08,0.9,10.87,0.04,0.0057,0.00529,0.01549,"Marine National Park",2913138.595,0.38796613455697,0.0126025980740645,7434.59149296234
"Anzac Reefs (No 3) (18-090)","M",78.699248865263,-12.7589073181152,147.84161377,-18.73146439,0.11,4.52,35.1,0.8,12.97,0.04,0.0072,0.00467,0.01789,"Marine National Park",1344340.112,0.509000490299082,0.00259158086432724,4731.54169625657
"Lynchs Reef (18-091)","M",67.8230862824629,-17.9171161651611,147.70838928,-18.7698307,0.249556052631579,4.50194684210526,35.1978960526316,0.580816052631579,17.2332044736842,0.0466236842105263,0.00631763157894737,0.00462289473684211,0.0201923684210526,"Marine National Park",42276835.76,0.120780851376441,0.0146548768705393,25964.945772411
"Anzac Reefs (No 4) (18-092)","O",83.8392322198865,-15.5116653442383,147.94596863,-18.75042152,0.19428,4.518055,35.160335,0.644765,11.592035,0.045195,0.00801,0.00479,0.01177,"Habitat Protection",1577648.532,0.348248911162818,0,9320.99241919409
"Anzac Reefs (No 5) (18-093)","O",81.8356111382168,-20.9979953765869,147.93412781,-18.76456451,0.125333333333333,4.52784333333333,35.1321916666667,0.665738333333333,12.4542716666667,0.0587566666666667,0.00804,0.00554333333333333,0.0132533333333333,"Habitat Protection",5221662.47,0.106453531330534,0,9808.86222890902
"Anzac Reefs (No 6) (18-094)","M",76.9010191075826,-14.5978670120239,147.8735199,-18.77412605,0.20762,4.51897,35.1568,0.75749,12.05371,0.05574,0.00657,0.00617,0.01857,"Marine National Park",5053525.875,0.318202983851441,0.0406228463931159,10496.0320851975
"Hope Reef (19-046)","M",72.9003253581147,-7.73997592926025,148.43589783,-19.32163239,0.21788,4.5396125,35.1455625,0.955465,24.4657475,0.0651875,0.00541,0.00992,0.08257,"Habitat Protection",4126359.858,0.366571181739644,0.0540399217932979,7451.36320299722
"Charity Reef (19-047)","M",63.6725004870139,-8.13789558410645,148.33796692,-19.36690331,0.2711225,4.528165,35.280265,0.4444925,25.487975,0.0543975,0.00561,0.01263,0.10343,"Habitat Protection",5233600.767,0.444030251980358,0.0232983261048783,8521.09126253091
"Old Reef (19-048)","M",45.7009585808953,-14.1782312393188,148.08943176,-19.38344193,0.150970588235294,4.52603852941176,35.0782964705882,0.845618676470588,7.61281411764706,0.0738879411764706,0.0123247058823529,0.0217260294117647,0.137348382352941,"Conservation Park",83373510.13,0.212637419505807,0.0244981347397411,39110.5220298917
"Lynx Reef (19-049)","O",107.629328879882,-25.2279071807861,148.56391907,-19.03156471,0.123112,4.559806,35.1834,0.553424,8.08654,0.025192,0.003928,0.005926,0.019494,"Habitat Protection",4830850.485,0.128193652585083,0.000797805063143352,8395.15760481787
"Leopard Reef (19-050)","O",108.784797850072,-25.881175994873,148.69210815,-19.0863533,0.10737375,4.56855,35.178785,0.582715,9.80979,0.02090625,0.00448625,0.00542625,0.0153575,"Marine National Park",8742636.014,0.128829671688658,0.000903313223860374,11168.1008394909
"U/N Reef (19-051)","O",106.005040523683,-27.3729038238525,148.68882751,-19.11245728,0.163724,4.55015,35.235784,0.494466,11.889394,0.027414,0.004432,0.005814,0.018118,"Marine National Park",5446557.472,0.131014842940973,0.00124266482568174,9697.73027615803
"U/N Reef (19-052)","O",111.515553761543,-31.4309196472168,148.90682983,-19.1192894,0.1851375,4.54092125,35.25879375,0.45701,13.82839625,0.01841125,0.00484875,0.00578125,0.01469625,"Marine National Park",9008685.041,0.0841466851780327,9.39486622754366e-05,11269.8112404136
"U/N Reef (19-125)","M",98.766283422156,-22.6346607208252,149.41349792,-19.58921623,0.24302,4.49988,35.30405,0.29727,7.61634,0.06157,0.00713,0.00826,0.03562,"Habitat Protection",2375963.824,0.0309168443496802,0,6279.54297849845
"U/N Reef (19-126)","M",94.6376960416962,-19.7503910064697,149.4180603,-19.64511299,0.230759090909091,4.48376363636364,35.2888290909091,0.286858181818182,7.89037545454545,0.130630909090909,0.00757545454545454,0.00910181818181818,0.0515127272727273,"Habitat Protection",14486841.57,0.106986588649544,0.00201946975973488,17381.2876202295
"Block Reef (19-127)","M",87.0804647267333,-14.9728450775146,149.3734436,-19.69941521,0.220647307692308,4.476297,35.2875095384615,0.282865384615385,5.81303953846154,0.147053384615385,0.00944892307692308,0.0170352307692308,0.130457076923077,"Habitat Protection",155527942.3,0.200564677239048,0.0674358410346189,64061.9581348883
"Line Reef (19-128)","M",74.857533342143,-14.5581665039062,149.18353271,-19.68999863,0.1895875,4.46943222222222,35.2665183333333,0.4033625,4.15043722222222,0.0587225,0.0185416666666667,0.0172275,0.255512222222222,"Habitat Protection",43267465.1,0.126495063744623,0.025558496467296,34747.2432805543
"U/N Reef (19-129)","M",77.8218315491348,-3.73196530342102,149.30276489,-19.75041771,0.2,4.46,35.26,0.32,5.63,0.04,0.00951,0.02622,0.24993,"Habitat Protection",1273506.962,0.813415801487372,0.0410868124585818,4431.67321034592
"U/N Reef (20-608)","O",181.184709892678,-16.2241859436035,150.5904541,-20.05313492,NaN,NaN,NaN,NaN,NaN,NaN,NaN,NaN,NaN,NaN,110153.6219,0.128341848741361,0,1318.01452933581
"U/N Reef (20-609)","O",178.883980688506,-15.5077981948853,150.60531616,-20.10505867,NaN,NaN,NaN,NaN,NaN,NaN,NaN,NaN,NaN,NaN,161360.7704,0.0369942196531792,0,1488.39737204508
"U/N Reef (20-610)","O",185.05353508811,-20.5361576080322,150.61213684,-20.02293968,NaN,NaN,NaN,NaN,NaN,NaN,NaN,NaN,NaN,NaN,81699.3735,0.128341848741361,0,1096.99644458792
"U/N Reef (20-611)","O",179.630475247041,-16.660623550415,150.61270142,-20.10313225,NaN,NaN,NaN,NaN,NaN,NaN,NaN,NaN,NaN,NaN,76020.10243,0.0306461944189202,0,1037.19193471834
"U/N Reef (20-612)","O",181.514352584957,-15.1744432449341,150.61543274,-20.07840347,NaN,NaN,NaN,NaN,NaN,NaN,NaN,NaN,NaN,NaN,233441.2795,0.0306461944189202,0,1951.53661854239
"U/N Reef (20-613)","O",180.210344735263,-12.1410722732544,150.62149048,-20.10549545,NaN,NaN,NaN,NaN,NaN,NaN,NaN,NaN,NaN,NaN,200928.3138,0.0172253258845438,0,1826.52561005605
"U/N Reef (20-614)","O",180.972383693931,-17.0818634033203,150.6337738,-20.10962868,NaN,NaN,NaN,NaN,NaN,NaN,NaN,NaN,NaN,NaN,235657.2234,0.0306461944189202,0,2127.26484158712
"U/N Reef (20-615)","O",184.239744678844,-16.5477600097656,150.64399719,-20.07323074,NaN,NaN,NaN,NaN,NaN,NaN,NaN,NaN,NaN,NaN,255099.1251,0.0306461944189202,0,2124.46689704168
"U/N Reef (20-616)","O",183.087204506886,-16.4568901062012,150.64480591,-20.09158707,NaN,NaN,NaN,NaN,NaN,NaN,NaN,NaN,NaN,NaN,104984.4668,0.0306461944189202,0,1243.556450376
"U/N Reef (20-617)","O",181.273004787106,-15.0380659103394,150.6627655,-20.14331055,NaN,NaN,NaN,NaN,NaN,NaN,NaN,NaN,NaN,NaN,133222.0872,0.216551743395009,0,1531.7924975895
"U/N Reef (20-618)","O",181.688107613657,-16.0634155273438,150.67626953,-20.15525246,NaN,NaN,NaN,NaN,NaN,NaN,NaN,NaN,NaN,NaN,242859.802,0.358279432950346,0,1873.80738556193
"U/N Reef (20-619)","O",183.083752966492,-15.9302167892456,150.68218994,-20.14110184,NaN,NaN,NaN,NaN,NaN,NaN,NaN,NaN,NaN,NaN,73147.43069,0.216793349416961,0,971.28301455263
"Hull Reef (21-045)","I",42.1738310951138,-5.5874457359314,149.88398743,-21.46553802,NaN,NaN,NaN,NaN,NaN,NaN,NaN,NaN,NaN,NaN,339938.3222,0.346510960261177,0.0177950070865176,3663.60939120532
"Elamang Reef (21-046)","I",20.4468687456095,-4.045241355896,149.66429138,-21.47134399,NaN,NaN,NaN,NaN,NaN,NaN,NaN,NaN,NaN,NaN,184919.2075,0.346510960261177,0.0311214662234968,2090.08115778533
"Still Reef (21-047)","I",46.0501058912684,-12.8064870834351,149.92475891,-21.47615433,NaN,NaN,NaN,NaN,NaN,NaN,NaN,NaN,NaN,NaN,75114.66448,0.346510960261177,0.0177950070865176,1013.89643764396
"Henderson Reef (21-048)","I",44.5581688219257,5.35095262527466,149.91114807,-21.48144341,NaN,NaN,NaN,NaN,NaN,NaN,NaN,NaN,NaN,NaN,289387.0849,0.346510960261177,0.0177950070865176,3136.03518440402
"U/N Reef (20-342)","O",176.764792829808,-5.54438495635986,150.95428467,-20.76789093,0.217319285714286,4.52703357142857,35.3687364285714,0.261873571428571,7.705845,0.053425,0.00388,0.00472857142857143,0.0363657142857143,"Habitat Protection",16995934.37,0.40825607451997,0.0714991871347599,17647.1431986727
"U/N Reef (20-343)","O",175.79579791313,-14.523946762085,150.90751648,-20.76881027,0.2,4.54,35.35,0.25,6.65,0.1,0.00388,0.0056,0.03817,"Habitat Protection",273396.7532,0.137683635121285,0.0628629996583533,2089.60689221836
"U/N Reef (20-344)","O",174.341165599868,-10.767804145813,150.89642334,-20.78035736,0.208705,4.5531825,35.355025,0.2519625,8.10267,0.0935475,0.00388,0.0056,0.03817,"Habitat Protection",4125270.274,0.239829856554595,0.0362459839811756,8576.88726389478
"U/N Reef (20-345)","O",161.160666580768,-5.01302480697632,150.81411743,-20.79827118,NaN,NaN,NaN,NaN,NaN,NaN,NaN,NaN,NaN,NaN,565450.0001,0.75482912332838,0.0241043420835397,2815.07632472644
"U/N Reef (20-346)","O",171.453545411312,-5.7789831161499,150.89346313,-20.8062191,NaN,NaN,NaN,NaN,NaN,NaN,NaN,NaN,NaN,NaN,737176.3852,0.625316455696203,0.0272151898734177,3210.88925796284
"U/N Reef (20-347)","M",167.048167380968,-11.1035404205322,150.98609924,-20.86349106,0.188698,4.542654,35.354676,0.232462,15.09709,0.013862,0.0048,0.00431,0.03725,"Marine National Park",6089077.786,0.22277546267925,0.0188901826204192,10250.4452333552
"U/N Reef (20-348)","M",163.754129164755,-8.85211753845215,150.95317078,-20.88706779,0.206306363636364,4.54807454545455,35.3842454545455,0.256880909090909,15.8445172727273,0.0231345454545455,0.00527818181818182,0.00554727272727273,0.0371518181818182,"Marine National Park",12876854.35,0.155529962261964,0.0484799756622265,14727.739949849
"U/N Reef (20-349)","M",138.062735933434,-8.1851863861084,150.62315369,-20.90464211,NaN,NaN,NaN,NaN,NaN,NaN,NaN,NaN,NaN,NaN,783216.1211,0.357321279885809,0.0241465445462115,3406.89873680299
"U/N Reef (20-350)","O",170.848111735196,-9.01897239685059,151.00337219,-20.83214569,NaN,NaN,NaN,NaN,NaN,NaN,NaN,NaN,NaN,NaN,238746.3749,0.38328756375049,0.0306002353864261,2802.14304225202
"U/N Reef (20-444)","O",222.304315968626,-25.9869022369385,152.17593384,-20.92093468,0.381144,4.291834,35.447622,0.184572,1.862536,0.029262,0.005802,0.004766,0.004036,"Habitat Protection",5853619.735,0.439094335731696,0.00586403558440177,24039.3557805275
"U/N Reef (20-445)","O",225.275758495981,-26.4686622619629,152.21174622,-20.91632843,NaN,NaN,NaN,NaN,NaN,NaN,NaN,NaN,NaN,NaN,283497.2707,0.269846698272867,0.0034617623880347,2620.68916273188
"U/N Reef (20-446)","O",225.757505662465,-22.0169143676758,152.22273254,-20.92043114,NaN,NaN,NaN,NaN,NaN,NaN,NaN,NaN,NaN,NaN,130775.691,0.269846698272867,0.0034617623880347,1703.61073738623
"U/N Reef (20-447)","O",224.611938991181,-21.625940322876,152.22897339,-20.94096184,0.3698,4.25519,35.41587,0.20528,3.38403,0.05165,0.00546,0.00461,0.00386,"Habitat Protection",1302633.397,0.269846698272867,0.0034617623880347,5144.69101987271
"U/N Reef (20-448)","O",226.485281005277,-25.6549434661865,152.23457336,-20.92226219,NaN,NaN,NaN,NaN,NaN,NaN,NaN,NaN,NaN,NaN,93709.44348,0.269846698272867,0.0034617623880347,1377.51104673858
"U/N Reef (20-449)","O",227.120329246059,-24.3963356018066,152.24623108,-20.92517471,NaN,NaN,NaN,NaN,NaN,NaN,NaN,NaN,NaN,NaN,141981.8085,0.269846698272867,0.0034617623880347,2343.89310490799
"U/N Reef (20-450)","O",227.437599953989,-32.9053764343262,152.25849915,-20.93284798,NaN,NaN,NaN,NaN,NaN,NaN,NaN,NaN,NaN,NaN,1218750.4,0.269846698272867,0.0034617623880347,5008.23005104342
"U/N Reef (20-451)","O",230.257613091699,-17.0818824768066,152.32730103,-20.96430588,NaN,NaN,NaN,NaN,NaN,NaN,NaN,NaN,NaN,NaN,425712.5859,0.200509314272689,0.0061709224122456,2977.87670505641
"U/N Reef (20-620)","I",0.0660124352644113,-4.08189105987549,148.54473877,-20.07486534,NaN,NaN,NaN,NaN,NaN,NaN,NaN,NaN,NaN,NaN,26626.10325,0.346510960261177,0.0355152645195299,1015.81609195135
"U/N Reef (20-621)","I",1.0264366207848,-2.19376254081726,148.55419922,-20.07240105,NaN,NaN,NaN,NaN,NaN,NaN,NaN,NaN,NaN,NaN,134173.6558,0.346510960261177,0.0355152645195299,1980.86167415884
"U/N Reef (20-622)","I",0.65458406025157,-0.454344183206558,148.55513,-20.09395027,NaN,NaN,NaN,NaN,NaN,NaN,NaN,NaN,NaN,NaN,94924.55931,0.346510960261177,0.0355152645195299,1964.17816253483
"U/N Reef (20-623)","I",0.64978953241692,-1.68416917324066,148.65159607,-20.21060181,NaN,NaN,NaN,NaN,NaN,NaN,NaN,NaN,NaN,NaN,734768.2423,0.346510960261177,0.0671875014731436,7446.25808519273
"U/N Reef (20-624)","I",0.0949235822214252,0.546111226081848,148.66513062,-20.21146011,NaN,NaN,NaN,NaN,NaN,NaN,NaN,NaN,NaN,NaN,307034.761,0.346510960261177,0.0671875014731436,8355.84169860067
"U/N Reef (20-625)","I",1.31538807787993,-4.83918571472168,148.66650391,-20.19644928,NaN,NaN,NaN,NaN,NaN,NaN,NaN,NaN,NaN,NaN,70306.5997,0.346510960261177,0.0671875014731436,1742.07396806919
"Keelan Reef (21-049)","I",45.3480551580805,1.35414826869965,149.9203949,-21.4895401,NaN,NaN,NaN,NaN,NaN,NaN,NaN,NaN,NaN,NaN,250835.2987,0.346510960261177,0.0177950070865176,2678.3152945052
"Noel Reef (21-050)","I",42.5240351463636,-4.89844417572021,149.89349365,-21.49390602,NaN,NaN,NaN,NaN,NaN,NaN,NaN,NaN,NaN,NaN,572175.0435,0.346510960261177,0.0177950070865176,5978.92129977917
"Penn Reef (21-051)","I",46.2026383082174,-8.85767459869385,149.92967224,-21.49528885,NaN,NaN,NaN,NaN,NaN,NaN,NaN,NaN,NaN,NaN,91476.30132,0.346510960261177,0.0177950070865176,1201.65787738897
"Digby Reef (21-052)","I",44.483869000197,-4.12534666061401,149.91355896,-21.49962997,NaN,NaN,NaN,NaN,NaN,NaN,NaN,NaN,NaN,NaN,600682.2682,0.346510960261177,0.0177950070865176,6215.92730150346
"Pompey Reef (No 1) (20-351a)","M",128.185775581405,-13.1005325317383,150.53518677,-20.9407692,0.208754666666667,4.58319533333333,35.299932,0.431987333333333,14.430104,0.0445173333333333,0.00441266666666667,0.00598666666666667,0.236961333333333,"Marine National Park",20636628.9,0.0742325942580578,0.0169486168863124,21133.99308634
"Pompey Reef (No 2) (20-351b)","M",125.098635655803,-9.12698268890381,150.52845764,-20.98368073,0.206415,4.58116833333333,35.3016666666667,0.457686666666667,16.7813483333333,0.040785,0.00509,0.00696,0.27465,"Marine National Park",8329974.813,0.178655278044854,0.0195425172729915,12702.2347196771
"Pompey Reef (No 3) (20-351c)","M",122.862373179825,-6.99622917175293,150.52096558,-21.01173019,0.19774,4.5824,35.327866,0.44104,19.049738,0.0465,0.00509,0.00696,0.27465,"Marine National Park",4832864.394,0.252210599318037,0.0249475042863473,10537.0131421735
"U/N Reef (20-352)","M",138.60213573657,-8.65408229827881,150.65899658,-20.95217323,0.214644285714286,4.56824428571429,35.3492128571429,0.35864,16.7946921428571,0.0244292857142857,0.00415,0.01475,0.15615,"Habitat Protection",18553219.22,0.21553325901152,0.046476242128416,17253.9501325427
"U/N Reef (20-353)","M",154.580687890153,-12.2886390686035,150.91795349,-20.96454239,0.198105,4.5490075,35.36066625,0.28833875,19.1090975,0.05435,0.005775,0.0059525,0.035385,"Marine National Park",7311372.968,0.199648107301773,0.0179133782974003,11696.7135966118
"U/N Reef (20-452)","O",166.052320342455,-37.5151519775391,150.51475525,-20.18414879,0.26352,4.58964,35.32222,0.40713,3.83897,0.07089,0.00388,0.00386,0.02998,"Habitat Protection",1374398.592,0.194828587367804,0.0206556033894163,5937.52590842311
"U/N Reef (20-453)","O",159.03363432868,-6.46580839157104,150.55622864,-20.35976982,NaN,NaN,NaN,NaN,NaN,NaN,NaN,NaN,NaN,NaN,118597.0866,0.271867612293144,0.382190701339638,1266.13943246568
"U/N Reef (20-454)","O",161.280508645208,-6.24858522415161,150.55969238,-20.32524681,NaN,NaN,NaN,NaN,NaN,NaN,NaN,NaN,NaN,NaN,414960.3408,0.730108499095841,0.10126582278481,3886.55373574854
"U/N Reef (20-455)","O",161.833102522278,-4.42592191696167,150.56265259,-20.32019615,0.251225,4.57589,35.33188,0.35792,4.056945,0.054565,0.00388,0.00406,0.03571,"Habitat Protection",793277.519,0.55059348924668,0.0917851686449642,4312.13311095148
"U/N Reef (20-456)","O",156.665682750298,-8.74525833129883,150.57772827,-20.4428997,0.23422,4.588985,35.34331,0.38714,3.857655,0.084765,0.00388,0.00431,0.035815,"Habitat Protection",1893473.821,0.3689200533307,0.221816206607081,9026.1602632016
"U/N Reef (20-457)","O",170.354514244651,-25.7418727874756,150.58520508,-20.21082687,0.25,4.66,35.33,0.45,3.68,0.02,0.00388,0.00386,0.02648,"Marine National Park",513098.9442,0.167745891466728,0,2809.00482376476
"U/N Reef (20-458)","O",157.471129761422,-26.795389175415,150.58978271,-20.44947815,0.26117,4.58516,35.35783,0.35896,5.37542,0.06017,0.00388,0.00434,0.03567,"Habitat Protection",229129.1375,0.0260692464358452,0.00325865580448065,2254.01106898949
"U/N Reef (20-459)","O",161.58922852759,-12.3272762298584,150.59481812,-20.37755775,NaN,NaN,NaN,NaN,NaN,NaN,NaN,NaN,NaN,NaN,183073.0011,0.416155419222904,0.130879345603272,1859.74052197807
"U/N Reef (20-460)","O",152.574071649439,-27.7242641448975,150.60174561,-20.58701515,NaN,NaN,NaN,NaN,NaN,NaN,NaN,NaN,NaN,NaN,614481.0724,0.298116826730426,0.100737891171123,3473.06467584605
"U/N Reef (20-626)","I",0.331637076503121,-3.04222965240479,148.67433167,-20.18635941,NaN,NaN,NaN,NaN,NaN,NaN,NaN,NaN,NaN,NaN,310656.0771,0.346510960261177,0.0671875014731436,4085.54078561811
"U/N Reef (20-628)","I",0.169053924735624,-1.97877740859985,148.77580261,-20.25955772,NaN,NaN,NaN,NaN,NaN,NaN,NaN,NaN,NaN,NaN,540604.2624,0.346510960261177,0.0671875014731436,11493.9116911761
"U/N Reef (20-629)","I",0.122140516963809,-2.02169251441956,148.78921509,-20.27570343,NaN,NaN,NaN,NaN,NaN,NaN,NaN,NaN,NaN,NaN,61147.39008,0.346510960261177,0.0671875014731436,2208.37021973209
"Sandpiper Reef (21-053)","M",85.0457452814925,-4.29299402236938,150.08183289,-21.02591896,0.12919,4.56703,35.36898,0.46355,45.46912,0.14504,0.00401,0.00426,0.25637,"Marine National Park",1138612.411,0.804884024828487,0.0420614178373081,4211.7356009406
"Prince Reef (21-054)","M",96.3630182801739,-5.14046049118042,150.25622559,-21.06552696,NaN,NaN,NaN,NaN,NaN,NaN,NaN,NaN,NaN,NaN,739531.9479,0.823225968797182,0.0113236034222446,3145.21057232001
"Alarm Reef (21-055)","M",91.8294351867828,-7.395348072052,150.23887634,-21.11513329,NaN,NaN,NaN,NaN,NaN,NaN,NaN,NaN,NaN,NaN,181715.7109,0.635010266940452,0,1584.40624652335
"U/N Reef (21-056a)","M",119.621939365986,-7.84196853637695,150.5085907,-21.05124092,0.2,4.58,35.25,0.57,16.69,0.05,0.00649,0.00817,0.28068,"Habitat Protection",1425875.904,0.546741470415552,0.0170917868093157,4835.09702533321
"U/N Reef (21-056b)","M",113.237521302268,-8.79895782470703,150.45472717,-21.07901001,0.179753947368421,4.58619473684211,35.3259610526316,0.479282105263158,26.5373405263158,0.0642113157894737,0.00538684210526316,0.00780105263157895,0.269492105263158,"Habitat Protection",49642996.18,0.149321309385429,0.0461190895796618,41594.2267114847
"U/N Reef (20-354)","M",154.378995407094,-5.78047895431519,150.95201111,-20.97310638,0.21,4.53,35.34,0.31,20.04,0.04,0.00589,0.00593,0.03533,"Marine National Park",1137262.411,0.502128704765024,0.0542819715081055,4306.36082753027
"U/N Reef (20-355)","O",202.979469655934,-20.1585502624512,151.01493835,-20.53880119,0.30197,4.518335,35.39223,0.29022,5.32765,0.03313,0.00388,0.00391,0.01769,"Marine National Park",741856.0139,0.481662791134571,7.6103500761035e-05,3766.74718020563
"U/N Reef (20-356)","O",205.460283124845,-24.3426074981689,151.08761597,-20.53092194,NaN,NaN,NaN,NaN,NaN,NaN,NaN,NaN,NaN,NaN,902695.6201,0.248202682537186,7.6103500761035e-05,6024.62231650381
"U/N Reef (20-357)","O",193.941289415039,-35.8568649291992,151.00131226,-20.61915016,NaN,NaN,NaN,NaN,NaN,NaN,NaN,NaN,NaN,NaN,210436.0566,0.300701648027103,0.00907392508079957,1680.10753233162
"U/N Reef (20-358)","O",192.338137105437,-32.166259765625,151.03184509,-20.63998795,0.264495,4.52135,35.385115,0.272895,4.774985,0.0482325,0.00388,0.00388,0.0221,"Habitat Protection",3519103.716,0.155483860752855,0,7379.97281310464
"U/N Reef (20-359)","O",190.978687820029,-38.6261367797852,151.04504395,-20.65534019,0.23422,4.52341,35.37423,0.267616666666667,4.44525666666667,0.07149,0.00388,0.00390333333333333,0.0229866666666667,"Habitat Protection",2963543.98,0.155483860752855,0,9594.96105177956
"U/N Reef (20-360)","O",187.725399980141,-25.2329845428467,151.01408386,-20.67880058,NaN,NaN,NaN,NaN,NaN,NaN,NaN,NaN,NaN,NaN,989953.7741,0.130975954738331,0,4526.50154752438
"U/N Reef (20-361)","O",185.550413452731,-7.47626113891602,150.9949646,-20.69497871,0.243236666666667,4.51791666666667,35.3839933333333,0.272153333333333,6.49107666666667,0.0887833333333333,0.00388,0.00397333333333333,0.0299966666666667,"Habitat Protection",3169839.09,0.5000589066918,0.0237688501413761,10264.6591899255
"U/N Reef (20-362)","O",187.537082062323,-26.0748271942139,151.03617859,-20.68518829,NaN,NaN,NaN,NaN,NaN,NaN,NaN,NaN,NaN,NaN,519534.965,0.0501437814521927,0,2854.3564235075
"U/N Reef (20-363)","O",190.165884883025,-14.5816640853882,151.0743103,-20.66946983,0.18,4.59,35.36,0.24,2.44,0.06343,0.00388,0.00404,0.02525,"Habitat Protection",837063.1533,0.285331846068042,0,3518.98486630571
"U/N Reef (20-461)","O",168.43828337488,-32.9592399597168,150.60600281,-20.2727375,NaN,NaN,NaN,NaN,NaN,NaN,NaN,NaN,NaN,NaN,684889.4447,0.208122249504292,0.0233167279795491,4565.67180624942
"U/N Reef (20-462)","O",165.562555993382,-3.70367050170898,150.6085968,-20.32735062,NaN,NaN,NaN,NaN,NaN,NaN,NaN,NaN,NaN,NaN,3776.044086,0.755555555555556,0,188.89355722164
"U/N Reef (20-463)","O",161.623893181304,-2.06966710090637,150.63018799,-20.44201088,NaN,NaN,NaN,NaN,NaN,NaN,NaN,NaN,NaN,NaN,12076.50155,0.840909090909091,0,360.209943064125
"U/N Reef (20-464)","O",165.215063873513,-6.71782732009888,150.63145447,-20.37263298,NaN,NaN,NaN,NaN,NaN,NaN,NaN,NaN,NaN,NaN,40250.24502,0.714285714285714,0.0374707259953162,720.952076088186
"U/N Reef (20-465)","O",164.899015597359,-12.4068202972412,150.6325531,-20.38067055,NaN,NaN,NaN,NaN,NaN,NaN,NaN,NaN,NaN,NaN,79066.73155,0.393364928909953,0.0770142180094787,1124.72805061705
"U/N Reef (20-466)","O",171.253385377261,-15.7565870285034,150.63529968,-20.26913643,NaN,NaN,NaN,NaN,NaN,NaN,NaN,NaN,NaN,NaN,99988.93764,0.102443609022556,0,1315.30391069192
"U/N Reef (20-467)","O",165.387001728368,-8.37211132049561,150.63607788,-20.37752151,NaN,NaN,NaN,NaN,NaN,NaN,NaN,NaN,NaN,NaN,276107.3957,0.500507614213198,0.0429780033840948,1952.99405939678
"U/N Reef (20-468)","O",173.232958107629,-15.5413837432861,150.63743591,-20.23855591,NaN,NaN,NaN,NaN,NaN,NaN,NaN,NaN,NaN,NaN,84802.16362,0.254649354342399,0,1199.09251505858
"U/N Reef (20-469)","O",160.884247928445,-11.4130172729492,150.65040588,-20.49994469,0.242425,4.594129,35.357754,0.352765666666667,5.36331916666667,0.0412291666666667,0.00388,0.004246,0.0365936666666667,"Habitat Protection",71257535.4,0.347053731852221,0.0539272646198639,63425.1629706933
"U/N Reef (20-470)","O",164.723253121146,-8.56539535522461,150.67713928,-20.47095871,0.23328,4.575855,35.34876,0.329575,4.37405,0.050805,0.00388,0.00422,0.03535,"Habitat Protection",1708464.871,0.535649794801642,0.0779753761969904,9564.30854535679
"U/N Reef (20-471)","O",164.415901646832,-9.82917976379395,150.67860413,-20.48099518,NaN,NaN,NaN,NaN,NaN,NaN,NaN,NaN,NaN,NaN,130043.8344,0.432063263838965,0.227174694464414,1858.17872731619
"U/N Reef (20-630)","I",0.1497238671214,-1.66734051704407,148.79733276,-20.27743721,NaN,NaN,NaN,NaN,NaN,NaN,NaN,NaN,NaN,NaN,28333.11923,0.346510960261177,0.0671875014731436,1513.44872755334
"U/N Reef (20-631)","I",0.356833219421885,-0.111945569515228,148.81994629,-20.33912468,NaN,NaN,NaN,NaN,NaN,NaN,NaN,NaN,NaN,NaN,967996.0479,0.346510960261177,0.0671875014731436,9778.78897673572
"U/N Reef (20-636)","I",0.342158123207521,1.07889640331268,148.90036011,-20.47769928,NaN,NaN,NaN,NaN,NaN,NaN,NaN,NaN,NaN,NaN,180966.3264,0.346510960261177,0.0308458562823141,4346.51149560124
"U/N Reef (20-637)","I",0.430409119220018,0.833299160003662,148.90539551,-20.50421715,NaN,NaN,NaN,NaN,NaN,NaN,NaN,NaN,NaN,NaN,547926.2157,0.346510960261177,0.0308458562823141,10313.4743328985
"U/N Reef (21-056c)","M",111.598909344912,-16.8912143707275,150.42358398,-21.05682755,NaN,NaN,NaN,NaN,NaN,NaN,NaN,NaN,NaN,NaN,113096.0532,0.32710966091743,0.0258212076424547,1247.80877726883
"U/N Reef (21-056d)","M",118.437742488943,-19.2143306732178,150.48957825,-21.04085922,0.18287,4.57913,35.35654,0.37897,21.49117,0.05349,0.00543,0.00843,0.28938,"General Use",1337945.815,0.316091126373006,0.0293861268917749,5829.98208990234
"U/N Reef (21-057)","M",113.535363998507,-3.48827958106995,150.48146057,-21.12298584,0.176690256410256,4.59134923076923,35.3084894871795,0.550070512820513,31.1992133333333,0.0514135897435897,0.00580692307692308,0.00799358974358974,0.259766923076923,"Habitat Protection",46700769.52,0.262631816977369,0.0192458265843439,27955.5441156859
"Vernon Rocks Reef (21-058)","I",78.8027119552177,-10.0933694839478,150.3092804,-21.46756744,NaN,NaN,NaN,NaN,NaN,NaN,NaN,NaN,NaN,NaN,59232.49505,0.346510960261177,0.0101898100021962,1239.18593665475
"U/N Reef (20-364)","O",187.984398776663,-10.4077005386353,151.08856201,-20.69314384,NaN,NaN,NaN,NaN,NaN,NaN,NaN,NaN,NaN,NaN,308085.5284,0.249466950959488,0,2690.5790833618
"U/N Reef (20-365)","O",187.55570137993,-9.86655426025391,151.06295776,-20.69101715,NaN,NaN,NaN,NaN,NaN,NaN,NaN,NaN,NaN,NaN,235521.9788,0.46437054631829,0,2155.31049565691
"U/N Reef (20-366)","O",186.020031031574,-14.5465822219849,151.11099243,-20.71712112,0.219186666666667,4.50423333333333,35.36839,0.247371666666667,6.16048166666667,0.0560166666666667,0.00422,0.00417666666666667,0.02628,"Habitat Protection",7573408.366,0.406003821734574,0.0125993959193737,15472.155577597
"U/N Reef (20-367)","O",187.185062016529,-32.0564842224121,151.15357971,-20.7178154,0.228895,4.520855,35.36997,0.23492,7.26887,0.08862,0.0044,0.00424,0.02465,"Marine National Park",1685232.623,0.40887982079387,0.00419979863979123,6432.59091865181
"U/N Reef (20-368)","O",185.46986855168,-44.3989067077637,151.15126038,-20.73327637,NaN,NaN,NaN,NaN,NaN,NaN,NaN,NaN,NaN,NaN,923914.5346,0.40887982079387,0.00419979863979123,4605.34178556701
"Cockatoo Reef (No 1) (20-369a)","O",181.015124279909,-6.27086734771729,151.01576233,-20.74736214,0.217271379310345,4.53096965517241,35.374515,0.253650862068966,6.61376517241379,0.0624020689655172,0.00407396551724138,0.00422672413793103,0.0310739655172414,"Habitat Protection",85533207.92,0.345447955343662,0.0570409826490519,53028.4338688446
"Cockatoo Reef (No 2) (20-369b)","O",184.721706953994,-4.22442817687988,150.99488831,-20.70257759,NaN,NaN,NaN,NaN,NaN,NaN,NaN,NaN,NaN,NaN,138321.487,0.913804713804714,0.0626262626262626,1593.63457721141
"Cockatoo Reef (No 3) (20-369c)","O",184.059149628764,-8.22309303283691,151.04144287,-20.71847916,NaN,NaN,NaN,NaN,NaN,NaN,NaN,NaN,NaN,NaN,70810.9377,0.569352708058124,0.0330250990752972,1046.84158990963
"Cockatoo Reef (No 4) (20-369d)","O",183.553359945863,-3.4271833896637,151.04820251,-20.72468758,NaN,NaN,NaN,NaN,NaN,NaN,NaN,NaN,NaN,NaN,25566.63439,0.896678966789668,0.0959409594095941,647.451700297445
"U/N Reef (20-472)","O",176.652675568902,-15.7774715423584,150.68087769,-20.24599648,NaN,NaN,NaN,NaN,NaN,NaN,NaN,NaN,NaN,NaN,66763.22708,0.254649354342399,0,949.959817587426
"U/N Reef (20-473)","O",165.548381337982,-15.7517824172974,150.69012451,-20.48028755,0.24491,4.57063,35.35798,0.33965,5.50571,0.05074,0.00388,0.00398,0.03231,"Habitat Protection",172607.6818,0.279220779220779,0.0957792207792208,1832.00895899589
"U/N Reef (20-474)","O",166.346689051163,-11.6480093002319,150.69316101,-20.46883392,0.22,4.58,35.34,0.345,3.24,0.04914,0.00388,0.00398,0.03231,"Habitat Protection",2405391.299,0.495625801936312,0.0442474435242428,7128.59854388201
"U/N Reef (20-475)","O",182.252404902347,-16.9672927856445,150.69999695,-20.17978096,0.26113,4.55577,35.34488,0.34887,4.56591,0.04901,0.00388,0.00386,0.01099,"Marine National Park",110843.4307,0.417600845588641,0,1213.4791391508
"U/N Reef (20-476)","O",167.785884102938,-12.4801025390625,150.70730591,-20.46684074,NaN,NaN,NaN,NaN,NaN,NaN,NaN,NaN,NaN,NaN,114066.4085,0.283251231527094,0.00492610837438424,1539.93074739836
"U/N Reef (20-477)","O",165.980553361278,-3.66788816452026,150.71562195,-20.52830124,NaN,NaN,NaN,NaN,NaN,NaN,NaN,NaN,NaN,NaN,306145.2309,0.946499541424641,0.00825435646591256,2073.1447141009
"U/N Reef (20-478)","O",168.895408560047,-8.35711860656738,150.72010803,-20.46941948,0.24867,4.56221,35.36078,0.32472,5.04129,0.04933,0.00388,0.00398,0.03231,"Habitat Protection",1304279.382,0.480162139464051,0.0156637698910261,4653.01759573681
"U/N Reef (20-479)","O",164.423781462349,-11.8910789489746,150.72210693,-20.62629128,NaN,NaN,NaN,NaN,NaN,NaN,NaN,NaN,NaN,NaN,72696.54865,0.113256113256113,0,969.347268804075
"U/N Reef (20-480)","O",181.489248896867,-17.621431350708,150.72412109,-20.22906494,NaN,NaN,NaN,NaN,NaN,NaN,NaN,NaN,NaN,NaN,63356.09858,0.157598831497132,0,951.361353421271
"U/N Reef (20-638)","I",0.43765726403809,1.08057284355164,148.91673279,-20.53463364,NaN,NaN,NaN,NaN,NaN,NaN,NaN,NaN,NaN,NaN,95774.44403,0.346510960261177,0.0308458562823141,2872.12209098834
"U/N Reef (20-642)","I",10.2886131673362,-5.37808275222778,148.93348694,-20.3204937,NaN,NaN,NaN,NaN,NaN,NaN,NaN,NaN,NaN,NaN,19873.25623,0.346510960261177,0.0671875014731436,610.500560245309
"U/N Reef (20-800)","M",115.275450892678,-13.0242862701416,149.98268127,-20.30686188,NaN,NaN,NaN,NaN,NaN,NaN,NaN,NaN,NaN,NaN,884824.0859,0.30345264491606,0.053637419491078,4742.11850635181
"(Big) Stevens Reef (20-295)","M",108.519045697473,-6.23147916793823,150.12597656,-20.57020569,0.209396052631579,4.55629315789474,35.2952852631579,0.321161052631579,10.9414368421053,0.0300489473684211,0.00388,0.00455894736842105,0.0718552631578947,"Habitat Protection",50873624.94,0.340866397117635,0.0724553666429405,32800.0537437039
"Liff Reef (20-296)","M",122.006340716308,-4.29331064224243,150.24191284,-20.51556396,0.226565,4.574765,35.324045,0.375415,5.392955,0.08598,0.00388,0.00418,0.047975,"Habitat Protection",3018532.543,0.223578867068477,0.0726920792903814,6565.89976181863
"Creal Reef (20-297)","M",133.834717082706,-4.42979049682617,150.38142395,-20.53423691,0.24131,4.581925,35.33364,0.32276,5.323335,0.080925,0.00388,0.00441,0.04354,"Habitat Protection",1720946.625,0.417123920247732,0.0349323626881078,5217.97456316152
"Rip Reef (20-370a)","O",175.345035381355,-6.58282232284546,151.06796265,-20.80563736,0.209676,4.51267333333333,35.3671593333333,0.249818,10.8540706666667,0.04386,0.00490666666666667,0.00460066666666667,0.03208,"Marine National Park",16260846.67,0.354978156161914,0.0508292621317979,23355.7935530871
"U/N Reef (20-370b)","M",166.884596812069,-6.11425304412842,151.05781555,-20.88191795,0.21901,4.51648,35.38919,0.25611,15.18314,0.04307,0.00568,0.00494,0.03239,"Marine National Park",2682678.947,0.243591421897802,0.0208776194865036,6982.55638402248
"U/N Reef (20-371)","O",175.959294003804,-4.46711587905884,151.08732605,-20.80488396,0.22321,4.49697571428571,35.3758985714286,0.258517142857143,11.2403685714286,0.0471985714285714,0.00496142857142857,0.00465857142857143,0.0325257142857143,"Marine National Park",7558314.149,0.426926450783924,0.0286512064641273,15290.6195679862
"U/N Reef (20-372)","O",183.551144453861,-28.2831211090088,151.19795227,-20.76546669,NaN,NaN,NaN,NaN,NaN,NaN,NaN,NaN,NaN,NaN,682562.6705,0.215979169521721,0,3018.46248695341
"U/N Reef (20-373)","O",182.256595065124,-5.46454286575317,151.19706726,-20.77748299,NaN,NaN,NaN,NaN,NaN,NaN,NaN,NaN,NaN,NaN,926992.3545,0.188561743689203,0.0152273927911683,4524.20759621599
"U/N Reef (20-374)","O",178.623008751062,-7.73612213134766,151.15711975,-20.79952049,0.21438625,4.49613763888889,35.3726572222222,0.242211944444444,10.4304094444444,0.0407002777777778,0.00502527777777778,0.00467583333333333,0.0281804166666667,"Marine National Park",82539979.28,0.333532051506846,0.0456821783735049,58596.3111066991
"U/N Reef (20-375)","O",172.515226825051,-10.7675132751465,151.00276184,-20.81661987,0.21738,4.52634,35.37132,0.256576666666667,11.9873266666667,0.02643,0.00471333333333333,0.00431666666666667,0.03655,"Marine National Park",1732267.205,0.231779524168371,0.03396490472602,5670.34660804609
"U/N Reef (20-481)","O",182.817138416214,-14.3464632034302,150.73225403,-20.21859932,0.2,4.61,35.3,0.44,4.83,0.05,0.00388,0.00386,0.00969,"Marine National Park",210396.5058,0.157598831497132,0,1846.37368439948
"U/N Reef (20-482)","O",170.366637104634,-11.7093935012817,150.7336731,-20.46549034,0.24,4.55,35.35,0.3,2.65,0.0458,0.00388,0.00388,0.03057,"Habitat Protection",1961310.411,0.578002191206593,0.0227694945934359,7954.23409093271
"U/N Reef (20-483)","O",172.520115509626,-17.0755844116211,150.73698425,-20.42467499,NaN,NaN,NaN,NaN,NaN,NaN,NaN,NaN,NaN,NaN,364092.0406,0.335212711430036,0.0304971809328549,2518.47093789841
"U/N Reef (20-484)","O",182.839924928428,-15.3143482208252,150.73745728,-20.2263031,NaN,NaN,NaN,NaN,NaN,NaN,NaN,NaN,NaN,NaN,76867.90934,0.157598831497132,0,1048.05566318795
"U/N Reef (20-485)","O",172.223007916422,-10.2555828094482,150.73765564,-20.43253517,NaN,NaN,NaN,NaN,NaN,NaN,NaN,NaN,NaN,NaN,1110959.136,0.624968474148802,0.0147961328289197,5543.91916839822
"U/N Reef (20-486)","O",176.774845441701,-13.5610885620117,150.74639893,-20.35470009,NaN,NaN,NaN,NaN,NaN,NaN,NaN,NaN,NaN,NaN,3327.1247,0.364282403279979,0.019323983303885,204.374889442599
"U/N Reef (20-487)","O",173.994633534344,-8.62703990936279,150.74743652,-20.41424179,NaN,NaN,NaN,NaN,NaN,NaN,NaN,NaN,NaN,NaN,7695.923856,0.604938271604938,0,257.888242201649
"U/N Reef (20-488)","O",173.440339625582,-12.7399711608887,150.75558472,-20.44333839,NaN,NaN,NaN,NaN,NaN,NaN,NaN,NaN,NaN,NaN,191736.2344,0.467930029154519,0,2176.01035594787
"U/N Reef (20-489)","O",174.962004227084,-9.64640426635742,150.76071167,-20.4205246,0.25221,4.56355,35.35975,0.33751,4.40398,0.0457,0.00388,0.00388,0.02881,"Habitat Protection",32253.5493,0.718100890207715,0,659.404018750772
"U/N Reef (20-490)","O",176.121249207207,-10.1634521484375,150.7641449,-20.40253448,NaN,NaN,NaN,NaN,NaN,NaN,NaN,NaN,NaN,NaN,31536.11852,0.451895043731778,0,641.374701546499
"Martin Islet Reef (20-803)","I",24.880051447355,-3.19679260253906,149.068573,-20.28569221,NaN,NaN,NaN,NaN,NaN,NaN,NaN,NaN,NaN,NaN,41543.25227,0.346510960261177,0.0671875014731436,826.017053788493
"Warland Reef (20-298)","M",130.719394037555,-4.76022386550903,150.38172913,-20.60163498,0.230027,4.578113,35.327737,0.309851,5.068567,0.079953,0.00388,0.004549,0.043132,"Habitat Protection",11672527.62,0.3399400119976,0.0359768046390722,24979.5958367322
"U/N Reef (20-299a)","M",135.700431522208,-13.5352230072021,150.43440247,-20.60325623,0.231355714285714,4.58327714285714,35.3437442857143,0.322797142857143,5.50041714285714,0.0656871428571429,0.00388,0.00437285714285714,0.04025,"Habitat Protection",9820675.356,0.121303434443293,0.0231371020637078,12089.2635778011
"U/N Reef (20-299b)","M",129.679432317444,-25.8541107177734,150.38963318,-20.64429283,0.2157764,4.585158,35.3322472,0.3077184,4.9994568,0.0862568,0.00388,0.0052792,0.044336,"Habitat Protection",27747947.8,0.202341590147103,0.0333624090285407,33275.7135436775
"U/N Reef (20-376)","O",172.286628325105,-10.4639225006104,151.18582153,-20.86876297,0.215,4.4725,35.365,0.2675,12.0825,0.04,0.00512,0.00514,0.03375,"Marine National Park",5463758.075,0.385341619148428,0.0200259500802404,10598.137586546
"Olympic Reef (20-377)","O",176.582498761874,-11.6829805374146,151.22941589,-20.84253693,0.206617741935484,4.47491387096774,35.3640674193548,0.238521290322581,10.4298809677419,0.0332993548387097,0.00501677419354839,0.00516225806451613,0.0252512903225806,"Preservation",36013229.45,0.272824599240995,0.0270888202235541,26881.6253839667
"U/N Reef (20-378a)","O",174.58947416117,-9.18405437469482,151.24801636,-20.86843872,0.197278333333333,4.48223083333333,35.3620491666667,0.226894166666667,9.36512416666667,0.0418175,0.00503416666666667,0.00549333333333333,0.0228991666666667,"Preservation",13306775.47,0.303885314116103,0.057216635908807,20881.4717763342
"U/N Reef (20-378b)","O",168.046547671233,-12.6254806518555,151.23944092,-20.92861366,0.215248333333333,4.46661666666667,35.3720016666667,0.25382,8.35705833333333,0.0858783333333333,0.00579666666666667,0.00573833333333333,0.03126,"Marine National Park",7004407.497,0.36528062651501,0.0131323086758477,17571.7086776638
"U/N Reef (20-491)","O",189.341663832707,-38.0549621582031,150.76615906,-20.15852928,0.294585,4.4249125,35.49560625,0.1443125,4.34644375,0.02947125,0.00388,0.00386,0.00660875,"Marine National Park",10158119.19,0.273755305656803,0,28702.3701487467
"U/N Reef (20-492)","O",176.578401578813,-11.5639734268188,150.76966858,-20.40394783,NaN,NaN,NaN,NaN,NaN,NaN,NaN,NaN,NaN,NaN,6435.641458,0.161764705882353,0,299.652461347431
"U/N Reef (20-493)","O",187.097997307151,-14.8787879943848,150.77006531,-20.20286369,NaN,NaN,NaN,NaN,NaN,NaN,NaN,NaN,NaN,NaN,184888.4609,0.157598831497132,0,1716.28452838373
"U/N Reef (20-494)","O",163.582692825708,-4.12406444549561,150.77278137,-20.70088959,NaN,NaN,NaN,NaN,NaN,NaN,NaN,NaN,NaN,NaN,33660.95008,0.488888888888889,0.0555555555555556,699.68125097517
"U/N Reef (20-495)","O",175.029492851508,-9.4880542755127,150.77822876,-20.45646095,NaN,NaN,NaN,NaN,NaN,NaN,NaN,NaN,NaN,NaN,409707.6804,0.488584474885845,0,2554.17570754344
"U/N Reef (20-496)","O",163.900926318199,-2.5064058303833,150.77981567,-20.70519066,NaN,NaN,NaN,NaN,NaN,NaN,NaN,NaN,NaN,NaN,904642.8594,0.414689498658964,0.040746853723953,4230.93190363028
"U/N Reef (20-497)","O",172.617132559388,-5.43864631652832,150.77983093,-20.57594681,NaN,NaN,NaN,NaN,NaN,NaN,NaN,NaN,NaN,NaN,33721.50752,0.717451523545706,0.124653739612188,651.482947184717
"Southampton Reef (20-299c)","M",135.396369793299,-11.805365562439,150.45018005,-20.64879608,0.227345517241379,4.57439448275862,35.3229831034483,0.295741034482759,4.83995206896552,0.0929775862068966,0.00388,0.00481758620689655,0.0410544827586207,"Habitat Protection",34879553.31,0.145781324000417,0.0409733203828422,29656.0044819605
"Briggs Reef (No 1) (20-299d)","M",134.238405727424,-5.84041452407837,150.45161438,-20.68408012,NaN,NaN,NaN,NaN,NaN,NaN,NaN,NaN,NaN,NaN,351712.1924,0.286403296693464,0.148374457811169,2259.08067067044
"Briggs Reef (No 2) (20-299e)","M",134.479780340249,-9.28557205200195,150.45111084,-20.67592812,NaN,NaN,NaN,NaN,NaN,NaN,NaN,NaN,NaN,NaN,144141.7144,0.283311772315653,0.22509702457956,1565.11577947898
"Briggs Reef (No 3) (20-299f)","M",133.722120951983,-13.0965185165405,150.44659424,-20.68468094,NaN,NaN,NaN,NaN,NaN,NaN,NaN,NaN,NaN,NaN,76944.59941,0.286403296693464,0.148374457811169,1064.54231366863
"Briggs Reef (No 4) (20-299g)","M",133.787955599187,-8.29052639007568,150.44894409,-20.68940353,0.2,4.6,35.28,0.28,4.55,0.16,0.00388,0.0048,0.04203,"Habitat Protection",158715.4728,0.345772594752187,0.176093294460641,1610.61331890133
"U/N Reef (20-299h)","M",134.547409129579,-10.4198150634766,150.45669556,-20.68958282,NaN,NaN,NaN,NaN,NaN,NaN,NaN,NaN,NaN,NaN,45152.53501,0.230125523012552,0.0439330543933054,908.209958982941
"U/N Reef (20-299j)","M",134.947437879785,-11.0870666503906,150.46110535,-20.69063568,0.21,4.6,35.28,0.29,5.28,0.16,0.00388,0.0048,0.04203,"Habitat Protection",31903.96243,0.269565217391304,0,686.71372561225
"U/N Reef (20-379)","O",169.100691498508,-38.7015419006348,151.19142151,-20.90111923,0.210555,4.488405,35.38024,0.24126,11.523895,0.05092,0.005155,0.005515,0.035105,"Marine National Park",2373660.388,0.358788461969113,0.0184841553577204,6178.38660804243
"U/N Reef (20-380)","M",162.908583595899,-13.3387594223022,151.04281616,-20.91514969,0.1918575,4.53204375,35.374460625,0.245114375,19.36106125,0.027559375,0.005825625,0.00492125,0.03602,"Marine National Park",16756977.88,0.124711239263667,0.0131424404526655,18310.9846305719
"U/N Reef (20-381)","O",181.230134376462,-17.3681449890137,151.33424377,-20.83993912,0.304205,4.425095,35.397655,0.21833,8.792075,0.03488,0.005415,0.00576,0.013785,"Marine National Park",1070510.682,0.403819323334496,0.0100279037321242,4087.58680571021
"U/N Reef (20-382)","O",175.076216768797,-12.4429359436035,151.30485535,-20.88574791,0.217435,4.45658879310345,35.3614918965517,0.246959137931034,8.86632396551724,0.0491075862068966,0.00553206896551724,0.0056648275862069,0.0188401724137931,"Marine National Park",71948180.94,0.311544305308489,0.0394519851201945,52906.7535248999
"U/N Reef (20-383)","O",166.657712997936,-10.9233913421631,151.21084595,-20.93144608,0.2,4.47,35.35,0.25,7.91,0.04,0.00571,0.00607,0.03374,"Marine National Park",979571.7933,0.325743140243902,0.0222942073170732,3811.88577981821
"U/N Reef (20-384)","O",170.286962336543,-39.2885627746582,151.20602417,-20.89480209,NaN,NaN,NaN,NaN,NaN,NaN,NaN,NaN,NaN,NaN,497747.2177,0.358788461969113,0.0184841553577204,2818.73588177575
"U/N Reef (20-385)","O",170.402497115417,-7.79561328887939,151.32629395,-20.94240761,0.209835833333333,4.45073583333333,35.35741375,0.244859583333333,8.85902375,0.0558529166666667,0.00677833333333333,0.00542958333333333,0.0241991666666667,"Habitat Protection",28824449.05,0.354709211224926,0.0453633079084705,27606.0272223499
"U/N Reef (20-498)","O",177.334761943846,-10.0809879302979,150.78256226,-20.41401482,NaN,NaN,NaN,NaN,NaN,NaN,NaN,NaN,NaN,NaN,984082.264,0.53310534815237,0.0277381970171939,4965.73218033746
"U/N Reef (20-499)","O",189.476655880096,-25.4087295532227,150.79714966,-20.20373344,NaN,NaN,NaN,NaN,NaN,NaN,NaN,NaN,NaN,NaN,164836.3285,0.112720011883799,0,1624.41069957696
"U/N Reef (20-500)","O",175.186348612691,-14.8271265029907,150.79832458,-20.56061745,NaN,NaN,NaN,NaN,NaN,NaN,NaN,NaN,NaN,NaN,139184.3921,0.311200536552649,0,1909.63752099947
"U/N Reef (20-501)","O",184.806022331096,-13.7841205596924,150.80343628,-20.3007412,NaN,NaN,NaN,NaN,NaN,NaN,NaN,NaN,NaN,NaN,136921.7553,0.0612548658326246,0,1351.43667267929
"U/N Reef (20-502)","O",176.653213213077,-5.36657857894897,150.84185791,-20.59078407,NaN,NaN,NaN,NaN,NaN,NaN,NaN,NaN,NaN,NaN,194032.5761,0.736512524084778,0.0997109826589595,2154.79508982613
"U/N Reef (20-503)","O",191.123953138036,-43.6124076843262,150.84187317,-20.24764824,NaN,NaN,NaN,NaN,NaN,NaN,NaN,NaN,NaN,NaN,252013.1534,0.112720011883799,0,3138.07523508706
"U/N Reef (20-504)","O",191.196418191685,-24.9319324493408,150.85157776,-20.26314926,NaN,NaN,NaN,NaN,NaN,NaN,NaN,NaN,NaN,NaN,192586.2462,0.0705476077533597,0,1655.02676156256
"U/N Reef (20-505)","O",179.26548291572,-8.99152374267578,150.87559509,-20.59356499,NaN,NaN,NaN,NaN,NaN,NaN,NaN,NaN,NaN,NaN,343132.2267,0.620190995907231,0,2813.89731131175
"U/N Reef (20-506)","O",180.214408881261,-10.120306968689,150.87902832,-20.58362961,0.26001,4.56821,35.3811,0.32031,6.7048,0.05712,0.00388,0.00386,0.02848,"Habitat Protection",547107.8713,0.539105191256831,0,2889.626572077
"U/N Reef (20-826)","I",12.9918673182639,-7.41921091079712,148.96473694,-20.36758232,NaN,NaN,NaN,NaN,NaN,NaN,NaN,NaN,NaN,NaN,11530.77778,0.346510960261177,0.0671875014731436,360.021980725261
"U/N Reef (20-827)","I",12.749213694285,-6.0535683631897,148.96308899,-20.36922455,NaN,NaN,NaN,NaN,NaN,NaN,NaN,NaN,NaN,NaN,12086.32433,0.346510960261177,0.0671875014731436,380.4905663328
"U/N Reef (20-830)","I",0.833903777927725,-2.47649383544922,148.8915863,-20.48501778,NaN,NaN,NaN,NaN,NaN,NaN,NaN,NaN,NaN,NaN,15361.48224,0.346510960261177,0.0308458562823141,740.18245047756
"U/N Reef (20-300)","M",137.481779818451,-4.48893642425537,150.46575928,-20.63415337,0.23,4.56,35.32,0.27,2.63,0.03,0.00388,0.00471,0.03957,"Habitat Protection",660890.858,0.528205853244733,0.0882228191714972,3520.06548350525
"Cole Reefs (No2) (20-301a)","M",112.800128602984,-5.7358341217041,150.23072815,-20.6812706,0.215036666666667,4.55767333333333,35.3078,0.314273333333333,5.78892666666667,0.0533666666666667,0.00388,0.00454,0.04713,"Habitat Protection",7076535.439,0.333412412847785,0.020863811896195,12923.045509209
"Cole Reefs (No3) (20-301b)","M",119.334045259106,-10.0265779495239,150.28713989,-20.65514565,0.221148888888889,4.56383555555556,35.3171133333333,0.310167777777778,5.30047888888889,0.0878711111111111,0.00388,0.00547333333333333,0.0465944444444444,"Habitat Protection",8664020.936,0.248247040703122,0.0135497560397661,16680.0012023163
"Cole Reefs (No1) (20-302)","M",107.678147584744,-5.32037305831909,150.18609619,-20.70088959,0.20104,4.57194,35.2767733333333,0.34323,6.67543,0.0505,0.00388,0.00464333333333333,0.0631533333333333,"Habitat Protection",4552261.198,0.55465902109359,0.0213598197829203,9572.62611817193
"U/N Reef (20-303)","M",130.680739049983,-24.3556041717529,150.41532898,-20.68364525,0.209051428571429,4.59126333333333,35.3197361904762,0.294838095238095,5.32904857142857,0.0952371428571429,0.00388,0.00538380952380952,0.0445128571428571,"General Use",27028077.49,0.286403296693464,0.148374457811169,26837.0572398604
"U/N Reef (20-386)","O",162.65220639034,-9.85397434234619,151.18351746,-20.96024895,0.189544,4.5091,35.379664,0.243514,8.693158,0.161534,0.00579,0.00613,0.03655,"Marine National Park",6031669.587,0.211349294729027,0.0202765404602821,9688.94221613482
"U/N Reef (20-387)","O",164.070257639621,-8.6347770690918,151.24668884,-20.97012901,0.217144,4.463148,35.371584,0.259208,6.545294,0.066712,0.006604,0.005852,0.031338,"Marine National Park",4937605.612,0.280389193274136,0.0399017570375968,9350.51871426906
"U/N Reef (20-388a)","O",169.934237855744,-5.98959541320801,151.35620117,-20.95941734,0.211976666666667,4.44261333333333,35.36008,0.238196666666667,8.42209666666667,0.104393333333333,0.007,0.0053,0.02215,"Habitat Protection",3627794.455,0.38764811152741,0.0293790999974858,9606.93246168699
"U/N Reef (20-388b)","O",164.115794977784,-6.65754842758179,151.34489441,-21.01217842,0.21452,4.45164,35.37341,0.2334,9.06297,0.08348,0.00769,0.00543,0.02822,"Habitat Protection",1011861.979,0.655242306983601,0.0179657269209508,5017.15824168957
"U/N Reef (20-388c)","O",166.684813359293,-12.8725175857544,151.33882141,-20.9841404,0.217792,4.440914,35.360402,0.254694,8.504342,0.079458,0.00765,0.005518,0.029184,"Habitat Protection",4041632.656,0.456552326810074,0.0185293655574045,9649.29179680971
"U/N Reef (20-389)","O",171.361064324752,-15.2511434555054,NaN,NaN,NaN,NaN,NaN,NaN,NaN,NaN,NaN,NaN,NaN,NaN,NaN,0.229002578868788,0.0317297810870029,71681.7683030053
"U/N Reef (20-390)","O",165.026022840658,-12.12513256073,151.30265808,-20.98554993,0.2038,4.46098,35.36352,0.239565,9.010265,0.054745,0.00759,0.00565,0.03063,"Habitat Protection",2207379.575,0.536886601737726,0.023798775430012,6077.10440161121
"U/N Reef (20-507)","O",191.718887411604,-26.267707824707,150.8793335,-20.30348587,0.59388,4.529205,35.3788175,0.2942625,4.57411,0.0133625,0.00388,0.00386,0.015085,"Habitat Protection",3570420.78,0.0739320934607697,0,19219.4212467468
"U/N Reef (20-508)","O",176.975749051131,-6.21951627731323,150.89068604,-20.64827156,NaN,NaN,NaN,NaN,NaN,NaN,NaN,NaN,NaN,NaN,68619.25957,0.769021739130435,0.0421195652173913,1316.69063233605
"U/N Reef (20-509)","O",178.449991646099,-4.39238834381104,150.89207458,-20.62711716,NaN,NaN,NaN,NaN,NaN,NaN,NaN,NaN,NaN,NaN,1302901.934,0.583194855863016,0.0436384654287985,7769.16232032823
"U/N Reef (20-510)","O",178.062891269508,-6.14677238464355,150.89251709,-20.63371086,NaN,NaN,NaN,NaN,NaN,NaN,NaN,NaN,NaN,NaN,79389.12042,0.859004739336493,0.0118483412322275,1374.55361767002
"U/N Reef (20198)","O",186.991091016113,-4.98499822616577,150.89404297,-20.43728828,0.21,4.60666666666667,35.3466666666667,0.346666666666667,3.95666666666667,0.01,0.00388,0.00386,0.02718,"Marine National Park",3717162.291,0.656854351329573,0.0234941579371475,11022.971007828
"U/N Reef (20-512)","O",182.244533151225,-23.3334121704102,150.89437866,-20.57236481,NaN,NaN,NaN,NaN,NaN,NaN,NaN,NaN,NaN,NaN,65101.61143,0.689846225737037,0.00319700808300157,1037.80872269087
"U/N Reef (20-513)","O",178.164922797878,-3.70058250427246,150.89878845,-20.64043999,0.24,4.52,35.38,0.27,6.975,0.05773,0.00388,0.00386,0.03002,"Habitat Protection",344792.046,0.841662140141228,0.0171102661596958,3738.83935957664
"U/N Reef (20-854)","M",117.65728615672,-31.0840301513672,149.94174194,-20.04980278,NaN,NaN,NaN,NaN,NaN,NaN,NaN,NaN,NaN,NaN,62527.97976,0.355240382611006,0.0452198844063249,942.491531525063
"Oom Shoal (21-002)","I",8.23827535998085,-16.0149917602539,149.30378723,-21.05428314,NaN,NaN,NaN,NaN,NaN,NaN,NaN,NaN,NaN,NaN,542287.2338,0.346510960261177,0.0294738694351575,2932.56276138172
"Slade (Oyster) Island Reef (21-004)","I",1.89414669219334,-0.318479180335999,149.24345398,-21.09716797,NaN,NaN,NaN,NaN,NaN,NaN,NaN,NaN,NaN,NaN,74467.41953,0.346510960261177,0.0308458562823141,967.570153375159
"Downward Patches (No 1) (21-005a)","I",6.43909683571838,-14.6940107345581,149.29124451,-21.12581825,NaN,NaN,NaN,NaN,NaN,NaN,NaN,NaN,NaN,NaN,612113.6009,0.346510960261177,0.0308458562823141,3293.82651288106
"McIntyre Reef (20-304)","M",137.822786274164,-5.42600917816162,150.4682312,-20.71710205,0.227826666666667,4.56898166666667,35.3274533333333,0.305006666666667,8.86820166666667,0.138001666666667,0.00388,0.00463,0.04299,"Habitat Protection",5465796.954,0.161731829274536,0.0542007269996757,9824.85569277579
"Goble Reefs (East) (20-305)","M",134.368728191087,-10.6916542053223,150.4846344,-20.78170204,0.229710666666667,4.57607,35.349474,0.328060666666667,15.0705133333333,0.0829966666666667,0.00388,0.00447333333333333,0.054766,"Habitat Protection",19894940.42,0.217216649479704,0.053056154495172,17333.7833159953
"Goble Reefs (West) (20-306)","M",130.276046865033,-10.5456609725952,150.45376587,-20.80457306,0.227365,4.578895,35.373065,0.32691,16.010595,0.098245,0.00388,0.00469,0.06915,"Habitat Protection",3072823.358,0.203677296034467,0.0674170939652295,8340.55532766811
"Chauvel Reefs (North) (20-307)","M",123.151621976529,-13.4191589355469,150.37608337,-20.81850624,0.202051219512195,4.59290780487805,35.2951965853659,0.357001707317073,14.3805241463415,0.155007317073171,0.00388,0.00493292682926829,0.059819756097561,"Habitat Protection",46153449.66,0.125459212628322,0.0150219836369842,40089.5539358339
"U/N Reef (20-391)","O",172.430840995419,-8.74882411956787,151.47769165,-20.99131012,0.183267941176471,4.43911352941176,35.3402697058824,0.207099411764706,6.91495941176471,0.201574705882353,0.00605411764705882,0.00492970588235294,0.0201326470588235,"Habitat Protection",38933677.54,0.358282335061641,0.034980859168063,28303.0717412215
"U/N Reef (20-392)","O",210.658934371768,-23.58131980896,151.96899414,-20.88855743,0.152745555555556,4.38974111111111,35.2581422222222,0.280114444444444,0.983085555555556,0.104893333333333,0.00588333333333333,0.00462333333333333,0.00849666666666667,"Habitat Protection",9752778.662,0.105582501006461,0.00300021087744186,15710.5160552215
"U/N Reef (20-393)","O",221.871614832186,-8.78022956848145,152.17993164,-20.93001175,NaN,NaN,NaN,NaN,NaN,NaN,NaN,NaN,NaN,NaN,1293231.576,0.503292091744447,0.00166413428840171,3864.81708913202
"U/N Reef (20-394)","O",212.912641183828,-12.3999738693237,152.07206726,-20.94542694,0.28528,4.35828333333333,35.3029266666667,0.279526666666667,1.50259,0.0749866666666667,0.00601,0.00471666666666667,0.00530333333333333,"Habitat Protection",3926024.614,0.314928571428571,0.0121666666666667,9698.89872000634
"U/N Reef (20-395)","O",224.701675084872,-24.8723564147949,152.25144958,-20.96151733,0.360623333333333,4.30665666666667,35.3665933333333,0.24294,3.63799333333333,0.0634366666666667,0.00520333333333333,0.00453,0.00386,"Habitat Protection",4270179.838,0.134609068815274,0.00243031988264401,12119.6454340802
"Newell Reef (20-396)","O",226.311114408751,-22.0931491851807,152.27848816,-20.9671917,0.177366,4.37216,35.269616,0.328524,2.933326,0.059166,0.004692,0.004572,0.00386,"Habitat Protection",7329301.599,0.171638934258881,0.00629083299305839,17968.2071434649
"U/N Reef (20-514)","O",176.735099277684,-16.9811878204346,150.89953613,-20.6640892,NaN,NaN,NaN,NaN,NaN,NaN,NaN,NaN,NaN,NaN,61088.13761,0.147865853658537,0.0564024390243902,1112.31694760244
"U/N Reef (20-515)","O",177.19487098056,-8.73484325408936,150.90023804,-20.6577301,0.24,4.53,35.37,0.27,8.91,0.05935,0.00388,0.0044,0.0324,"Habitat Protection",463392.8137,0.539778449144008,0.112185297079557,3559.33626668415
"U/N Reef (20-516)","O",177.774963880714,-6.28417444229126,150.90068054,-20.64913177,0.24341,4.53798,35.37893,0.28606,7.79971,0.05927,0.00388,0.00386,0.03002,"Habitat Protection",1216474.723,0.62991643026911,0.0303611132408188,6013.01945255178
"U/N Reef (20-517)","O",176.159643024393,-23.0705986022949,150.90887451,-20.68639565,NaN,NaN,NaN,NaN,NaN,NaN,NaN,NaN,NaN,NaN,121958.4564,0.360209800423772,0.0750159819945835,1362.77000750024
"U/N Reef (20-518)","O",178.673623847843,-2.31119394302368,150.91062927,-20.64838219,NaN,NaN,NaN,NaN,NaN,NaN,NaN,NaN,NaN,NaN,13144.01158,0.985815602836879,0,382.901320724712
"U/N Reef (20-519)","O",179.217438703876,-8.86178684234619,150.91371155,-20.6439476,NaN,NaN,NaN,NaN,NaN,NaN,NaN,NaN,NaN,NaN,323684.2934,0.659457900807382,0,2546.51422764676
"U/N Reef (20-520)","O",169.276835385422,-13.4423303604126,150.92817688,-20.83177948,NaN,NaN,NaN,NaN,NaN,NaN,NaN,NaN,NaN,NaN,155476.9565,0.0222088835534214,0,1438.24791871471
"U/N Reef (20-521)","O",193.713112356785,-31.1266193389893,150.93312073,-20.36883736,NaN,NaN,NaN,NaN,NaN,NaN,NaN,NaN,NaN,NaN,173490.488,0.255440276127864,0.00783138597904917,2111.05896030549
"U/N Reef (20-522)","O",192.037804052334,-21.9407806396484,150.94854736,-20.44281387,NaN,NaN,NaN,NaN,NaN,NaN,NaN,NaN,NaN,NaN,228741.2675,0.628860381912522,0.0207624078113213,2178.37443603243
"Downward Patches (No 2) (21-005b)","I",6.81854447614658,-14.6560440063477,149.29116821,-21.13578224,NaN,NaN,NaN,NaN,NaN,NaN,NaN,NaN,NaN,NaN,81425.90135,0.346510960261177,0.0308458562823141,1070.5062874451
"Downward Patches (No 3) (21-005c)","I",7.10319888565221,-15.4655284881592,149.28883362,-21.14499474,0.03475,4.45745,35.63966,0.89831,9.48479,0.1528,0.04525,0.5231,0.34709,"Habitat Protection",754206.6829,0.346510960261177,0.0308458562823141,3866.37677995049
"Downward Patches (No 4) (21-005d)","I",8.32381535238549,-15.8831253051758,149.29614258,-21.15441513,NaN,NaN,NaN,NaN,NaN,NaN,NaN,NaN,NaN,NaN,200189.0166,0.346510960261177,0.0308458562823141,1711.24787158984
"Downward Patches (No 5) (21-005e)","I",10.4374988899629,-11.0292224884033,149.3164978,-21.16030502,NaN,NaN,NaN,NaN,NaN,NaN,NaN,NaN,NaN,NaN,145126.8413,0.346510960261177,0.0308458562823141,1468.60770333692
"Downward Patches (No 6) (21-005f)","I",8.16093478490548,-14.4981460571289,149.28651428,-21.1625309,0.04,4.4,35.695,1.005,4.29,0.25,0.057475,0.565635,0.29612,"Habitat Protection",1100535.43,0.346510960261177,0.0308458562823141,4364.03413842657
"Downward Patches (No 7) (21-005g)","I",10.1000878297293,-12.5058565139771,149.31059265,-21.17144203,0.04,4.41,35.68,1,4.48,0.25,0.0697,0.60817,0.24515,"Habitat Protection",128974.8777,0.346510960261177,0.0308458562823141,1367.46790286793
"Dangerous Reef (21-006)","I",2.9256420860803,-8.31993770599365,149.24497986,-21.13315773,NaN,NaN,NaN,NaN,NaN,NaN,NaN,NaN,NaN,NaN,142197.1379,0.346510960261177,0.0308458562823141,1377.66352470371
"Flat Top Reef (21-007)","I",3.5963762930254,-5.16701364517212,149.23910522,-21.16073608,0.04292,4.42776,35.66191,0.93013,8.72781,0.10959,0.18485,0.63349,0.13021,"Habitat Protection",1330128.079,0.346510960261177,0.0308458562823141,4735.21300270404
"Chauvel Reefs (South) (20-308)","M",120.443787211054,-12.3306856155396,150.37882996,-20.85866737,0.207669,4.588172,35.332033,0.369098,17.697557,0.158495,0.00388,0.00476,0.06612,"Habitat Protection",12085683.85,0.153682506648167,0.00840174201256407,16417.2022367939
"Tern Reef (20-309)","M",85.5778160521753,-4.12506341934204,150.03265381,-20.90947533,0.157413333333333,4.57737,35.27315,0.559266666666667,41.5340566666667,0.156353333333333,0.00398666666666667,0.00503333333333333,0.30163,"Marine National Park",3078293.992,0.536852288530141,0.0513029808331822,6881.02701302073
"Bushy-Redbill Reef (20-310)","M",89.9804913473976,-1.59479689598083,150.08032227,-20.96219444,0.148615,4.5677375,35.3068175,0.5317525,45.08899,0.1693675,0.0040675,0.0057625,0.3057025,"Marine National Park",9584203.9,0.670868156679314,0.0348960006975783,11620.4171653945
"U/N Reef (20-397)","O",234.679808316571,-17.0383033752441,152.395401,-20.98940277,0.3090925,4.374385,35.3136575,0.3038325,9.7165925,0.0306675,0.00471,0.00415,0.00386,"Marine National Park",3725563.738,0.295279939743912,0.0097916143610344,9371.53561948115
"U/N Reef (20-398)","O",209.107343801303,-17.2145195007324,152.06420898,-20.98535919,0.229335,4.3647475,35.2716925,0.3084425,1.166765,0.10615,0.00604,0.0047,0.00518,"Habitat Protection",3667034.09,0.260056556186788,0.0109800524800652,9008.79709662065
"U/N Reef (20-399)","O",210.095972369825,-22.4507007598877,152.08602905,-20.9924736,0.28303,4.35478,35.30488,0.27624,2.12133,0.09281,0.00563,0.00474,0.00428,"Habitat Protection",926187.927,0.06082921416322,0.000706143447997579,3802.19205341348
"U/N Reef (20-400)","O",211.090970495438,-9.46329212188721,152.11026001,-21.00201988,0.28623,4.35536,35.30611,0.27534,2.29104,0.09163,0.00563,0.00474,0.00428,"Habitat Protection",1020317.977,0.548029330889093,0.00238313473877177,3732.95772244921
"Deliverance Bank (20-401)","O",164.179892748494,-22.165641784668,150.40492249,-20.01510048,0.215,4.61,35.24,0.46,2.085,0.04,0.00388,0.00407,0.025325,"Habitat Protection",3036182.722,0.102344111568265,0,9471.69680795124
"Sheriff Shoal (20-402)","M",132.230162347618,-44.5713272094727,150.14631653,-20.24425697,NaN,NaN,NaN,NaN,NaN,NaN,NaN,NaN,NaN,NaN,576458.7001,0.186747186450049,0.0614337575774704,3154.76666342306
"U/N Reef (20-523)","O",194.662694878481,-31.0835552215576,150.95367432,-20.39195442,0.68791,4.505035,35.3875,0.269535,4.54228,0.017845,0.00388,0.00386,0.01982,"Marine National Park",1509023.073,0.255440276127864,0.00783138597904917,9277.15328658105
"U/N Reef (20-524)","O",195.24300038428,-32.7773246765137,150.96955872,-20.41433525,NaN,NaN,NaN,NaN,NaN,NaN,NaN,NaN,NaN,NaN,657219.0486,0.515373692351451,0.0206863043105603,3836.43871159125
"U/N Reef (20-527)","O",173.885438613319,-23.9059734344482,150.98086548,-20.79942322,0.2262,4.52975,35.38364,0.2659,11.16347,0.04054,0.0047,0.00427,0.03666,"Habitat Protection",641469.1843,0.417577623470743,0.0301866116908861,5558.72013841813
"U/N Reef (20-531)","O",199.2553537769,-25.7910861968994,150.98748779,-20.43544197,NaN,NaN,NaN,NaN,NaN,NaN,NaN,NaN,NaN,NaN,174945.7728,0.628860381912522,0.0207624078113213,1602.20141110315
"U/N Reef (20-540)","O",173.083968794674,-7.83213376998901,151.01452637,-20.81394577,NaN,NaN,NaN,NaN,NaN,NaN,NaN,NaN,NaN,NaN,176147.3018,0.637665782493369,0.0259946949602122,1693.86706401028
"U/N Reef (20-543)","O",199.507621558015,-34.1573143005371,151.02200317,-20.47303963,NaN,NaN,NaN,NaN,NaN,NaN,NaN,NaN,NaN,NaN,423441.7451,0.628860381912522,0.0207624078113213,4659.04420350011
"U/N Reef (20-545)","O",201.597788227008,-17.8974285125732,151.03488159,-20.55537224,NaN,NaN,NaN,NaN,NaN,NaN,NaN,NaN,NaN,NaN,188461.9917,0.481662791134571,7.6103500761035e-05,1612.76008669147
"U/N Reef (20-546)","O",199.941258365249,-29.8042316436768,151.03692627,-20.48509979,NaN,NaN,NaN,NaN,NaN,NaN,NaN,NaN,NaN,NaN,603787.1313,0.559242100205621,0.0079074894798102,3404.94199912726
"U/N Reef (20-548)","O",208.296736351146,-23.3508930206299,151.05152893,-20.49710083,NaN,NaN,NaN,NaN,NaN,NaN,NaN,NaN,NaN,NaN,328237.9436,0.559242100205621,0.0079074894798102,2092.91582968282
"U/N Reef (20-370d)","O",168.66837349952,-17.3059234619141,151.06800842,-20.86791801,NaN,NaN,NaN,NaN,NaN,NaN,NaN,NaN,NaN,NaN,75519.49546,0.481289027806504,0.00438081348422183,1044.01378272203
"Round Top Reef (21-009)","I",6.67845121155873,-4.62701368331909,149.26547241,-21.17368317,NaN,NaN,NaN,NaN,NaN,NaN,NaN,NaN,NaN,NaN,213140.1177,0.346510960261177,0.0308458562823141,2346.52854961071
"Dudgeon Ledge (21-012)","I",1.41019397968614,-1.96989929676056,149.26849365,-21.2673378,NaN,NaN,NaN,NaN,NaN,NaN,NaN,NaN,NaN,NaN,328093.389,0.346510960261177,0.0308458562823141,2823.05326459845
"Hay Reef (21-013)","I",0.108489732239335,0.208412870764732,149.28677368,-21.27493477,NaN,NaN,NaN,NaN,NaN,NaN,NaN,NaN,NaN,NaN,492848.7627,0.346510960261177,0.0308458562823141,3266.36964032799
"Highwater Reef (21-014)","I",0.69777602484658,-0.839358866214752,149.30187988,-21.29310036,NaN,NaN,NaN,NaN,NaN,NaN,NaN,NaN,NaN,NaN,93721.52409,0.346510960261177,0.0308458562823141,1184.40531980929
"Victor Reef (21-015)","I",3.0203435521116,-4.42149353027344,149.32537842,-21.32810211,NaN,NaN,NaN,NaN,NaN,NaN,NaN,NaN,NaN,NaN,1286255.727,0.346510960261177,0.0308458562823141,5257.17445973919
"Coral Point Reef (21-016)","I",0.208462700016885,-3.45449376106262,149.31916809,-21.37216187,0.05,4.37,35.93,1.18,7.21,0,0.12394,0.70831,0.08851,"Habitat Protection",414801.9597,0.346510960261177,0.0308458562823141,2712.24016102403
"U/N Reef (21-018)","I",0.373505944909428,-2.70249485969543,149.3334198,-21.41295242,NaN,NaN,NaN,NaN,NaN,NaN,NaN,NaN,NaN,NaN,307618.3388,0.346510960261177,0.0308458562823141,2457.46785283809
"U/N Reef (20-311)","O",166.136882702666,-8.35044288635254,150.71107483,-20.51370049,NaN,NaN,NaN,NaN,NaN,NaN,NaN,NaN,NaN,NaN,495727.2552,0.642156862745098,0.0456259426847662,2626.66069109111
"U/N Reef (20-312)","O",183.697747063542,-3.89502120018005,150.86186218,-20.51245499,NaN,NaN,NaN,NaN,NaN,NaN,NaN,NaN,NaN,NaN,940667.0293,0.820594374316668,0.0385647549945333,4019.13485616715
"U/N Reef (20-313)","O",174.607533241159,-3.46778988838196,150.80178833,-20.52220154,0.21,4.59,35.35,0.34,3.12,0.03,0.00388,0.0039,0.0299,"Habitat Protection",1609421.106,0.888178913738019,0.00917804240487947,4718.83699206157
"U/N Reef (20-314)","O",170.150605556874,-4.42757225036621,150.75843811,-20.52812195,0.24281,4.57969,35.36734,0.33286,6.32032,0.04711,0.00388,0.00396,0.03235,"Habitat Protection",284240.5307,0.866996699669967,0.0333333333333333,1956.9548352957
"U/N Reef (20-315a)","O",149.603959141714,-9.16028881072998,150.56150818,-20.56393242,0.23569,4.57384714285714,35.3420480952381,0.312120476190476,6.106415,0.0381802380952381,0.00388,0.00461595238095238,0.0391138095238095,"Habitat Protection",47386384.1,0.183238334003453,0.0786030762438605,37600.6602407058
"U/N Reef (20-315b)","O",151.993262261171,-4.78692245483398,150.57614136,-20.54076958,NaN,NaN,NaN,NaN,NaN,NaN,NaN,NaN,NaN,NaN,83089.90564,0.465845464725644,0.0727883538633819,1527.08882162865
"U/N Reef (20-315c)","O",152.424382907249,-8.56836414337158,150.59217834,-20.56747246,NaN,NaN,NaN,NaN,NaN,NaN,NaN,NaN,NaN,NaN,175013.2649,0.298116826730426,0.100737891171123,1698.91374495875
"U/N Reef (20-316)","O",168.947791247448,-16.8063125610352,150.75408936,-20.54816246,NaN,NaN,NaN,NaN,NaN,NaN,NaN,NaN,NaN,NaN,91832.68477,0.0539165818921668,0,1269.63320490225
"U/N Reef (20-317)","O",165.349639996423,-5.95031452178955,150.72323608,-20.56340408,NaN,NaN,NaN,NaN,NaN,NaN,NaN,NaN,NaN,NaN,530253.1994,0.412717984851154,0.473665668486877,3536.7280647267
"U/N Reef (20-318)","O",172.773834550387,-22.1842174530029,150.77337646,-20.56638336,0.22859,4.57068,35.358095,0.30165,6.96209,0.08588,0.00388,0.00405,0.034935,"Habitat Protection",935884.6611,0.232126832186659,0.0131618306909961,4835.50389236375
"Pigeon Reef (20-403)","I",0.774257994285586,-0.844628572463989,148.69567871,-20.26680374,NaN,NaN,NaN,NaN,NaN,NaN,NaN,NaN,NaN,NaN,56804.65265,0.346510960261177,0.0671875014731436,1103.7845172998
"U/N Reef (20-404)","I",12.8382612246953,-8.85283946990967,149.00695801,-20.40604973,NaN,NaN,NaN,NaN,NaN,NaN,NaN,NaN,NaN,NaN,6075.368155,0.346510960261177,0.0671875014731436,265.046520291461
"Coppersmith Reef (20-407)","I",20.6992520297177,-8.2178373336792,149.11599731,-20.59808922,NaN,NaN,NaN,NaN,NaN,NaN,NaN,NaN,NaN,NaN,22921.86168,0.346510960261177,0.0294738694351575,845.0296472913
"U/N Reef (20-370c)","O",169.594534949586,-17.4469394683838,151.07331848,-20.86066246,0.22213,4.51106,35.38617,0.25533,13.91861,0.04483,0.00568,0.00494,0.03239,"Marine National Park",2359626.472,0.558044666772586,0.016943087377266,9308.97448275603
"U/N Reef (20-553)","O",175.485540551154,NaN,151.07522583,-20.80616951,NaN,NaN,NaN,NaN,NaN,NaN,NaN,NaN,NaN,NaN,361.7729546,1,0,199.562177768541
"U/N Reef (20-555)","O",174.852815445927,-11.8351030349731,151.10552979,-20.82013512,NaN,NaN,NaN,NaN,NaN,NaN,NaN,NaN,NaN,NaN,288216.2256,0.319155844155844,0,3283.35096206768
"U/N Reef (20-556)","O",187.497587293495,-8.30032634735107,151.10614014,-20.70207977,NaN,NaN,NaN,NaN,NaN,NaN,NaN,NaN,NaN,NaN,408748.8068,0.604656471125314,0,2698.43269233007
"U/N Reef (20-557)","O",203.332755798864,-21.09619140625,151.12008667,-20.55818939,0.324,4.43372,35.41544,0.24811,5.42714,0.05586,0.00388,0.00396,0.01879,"Marine National Park",79951.05513,0.314643739039618,7.6103500761035e-05,1296.34063401845
"U/N Reef (20-558)","M",132.694316337668,-62.5863609313965,150.61302185,-20.98432922,NaN,NaN,NaN,NaN,NaN,NaN,NaN,NaN,NaN,NaN,135015.3865,0.225276155251709,0.0398507320788507,1412.22793140821
"U/N Reef (20-559)","M",145.721212946029,-16.3105659484863,150.72483826,-20.98160744,0.22766,4.55979,35.41872,0.33004,17.56629,0.03448,0.00486,0.01131,0.05719,"General Use",825757.9296,0.230368845915463,0.0296815867477665,3686.0997276349
"U/N Reef (20-560)","O",175.84944649864,-2.61225318908691,151.20596313,-20.84147453,NaN,NaN,NaN,NaN,NaN,NaN,NaN,NaN,NaN,NaN,495346.7551,0.320683844168509,0.0347771354042005,3760.16592138039
"U/N Reef (20-561)","O",165.529226625322,-20.0476379394531,151.22149658,-20.94626999,NaN,NaN,NaN,NaN,NaN,NaN,NaN,NaN,NaN,NaN,58472.74624,0.380601359627921,0.0166907914454194,840.986324105646
"U/N Reef (20-562)","O",166.677963461416,-9.84424591064453,151.25067139,-20.94625282,0.214595,4.4682,35.374415,0.244635,8.971195,0.072385,0.00614,0.00578,0.03115,"Marine National Park",777596.3036,0.45078031212485,0.0146458583433373,4520.49421151249
"U/N Reef (20-563)","O",167.458572722231,-10.8572902679443,151.26280212,-20.94341278,0.2,4.46,35.34,0.24,7.07,0.06432,0.00614,0.00578,0.03115,"Marine National Park",938744.5197,0.428855325914149,0.00983704292527822,3797.17931633353
"Freshwater Point Reef (21-019)","I",0.495321089219544,-2.54072189331055,149.33747864,-21.42988205,NaN,NaN,NaN,NaN,NaN,NaN,NaN,NaN,NaN,NaN,389650.009,0.346510960261177,0.0308458562823141,3130.74515191252
"Cullen Reef (21-020)","I",13.0305878811075,-2.99349927902222,149.49171448,-21.42358971,NaN,NaN,NaN,NaN,NaN,NaN,NaN,NaN,NaN,NaN,168608.0879,0.346510960261177,0.0308458562823141,1737.58033607791
"Irving Island Reef (21-021)","I",7.74527482301218,-2.01617050170898,149.45828247,-21.45476913,NaN,NaN,NaN,NaN,NaN,NaN,NaN,NaN,NaN,NaN,220403.6043,0.346510960261177,0.0308458562823141,2464.48816775259
"Phillips Reef (21-022)","I",8.30996575145887,-11.3585939407349,149.49397278,-21.46794701,NaN,NaN,NaN,NaN,NaN,NaN,NaN,NaN,NaN,NaN,293842.5053,0.346510960261177,0.0308458562823141,1978.20215556603
"Taffy Reef (21-023)","I",2.0675768979217,-3.86716413497925,149.39144897,-21.4749527,NaN,NaN,NaN,NaN,NaN,NaN,NaN,NaN,NaN,NaN,601584.2157,0.346510960261177,0.0308458562823141,2656.75155003426
"Glendower Point Reef (21-024)","I",0.500726432030826,-1.80484139919281,149.39601135,-21.49760056,NaN,NaN,NaN,NaN,NaN,NaN,NaN,NaN,NaN,NaN,543335.3198,0.346510960261177,0.0308458562823141,3047.92493093539
"Penrith Reef (21-025)","I",69.4819152774896,0.0588299483060837,149.89796448,-21.01667213,0.117073333333333,4.54438333333333,35.3209766666667,0.67418,37.2547533333333,0.169806666666667,0.00703666666666667,0.0132533333333333,0.51915,"Conservation Park",4112704.395,0.670868156679314,0.0311214662234968,9765.0744975598
"U/N Reef (20-319)","O",176.848271861096,-4.74014377593994,150.82226563,-20.56455612,NaN,NaN,NaN,NaN,NaN,NaN,NaN,NaN,NaN,NaN,1203973.931,0.736081993943629,0.0377358490566038,5612.61142709892
"U/N Reef (20-320)","O",177.886096724236,-6.12173938751221,150.83853149,-20.56871796,0.24484,4.56138,35.37236,0.31097,7.04008,0.06627,0.00388,0.00396,0.02971,"Habitat Protection",780622.2721,0.794279002691819,0.049012618654856,4370.40355345717
"U/N Reef (20-321)","O",192.091422151628,-16.4367218017578,150.99772644,-20.55450821,NaN,NaN,NaN,NaN,NaN,NaN,NaN,NaN,NaN,NaN,1228110.223,0.409132420091324,0.000228310502283105,5425.41708208305
"U/N Reef (20-322)","O",170.018576603625,-6.08976650238037,150.74586487,-20.57420349,0.240726666666667,4.56507333333333,35.3652583333333,0.309431666666667,8.256415,0.0470816666666667,0.00388,0.00408,0.03681,"Habitat Protection",6478535.983,0.511189295189757,0.0881156996193333,14316.375237804
"U/N Reef (20-323)","O",178.969076111769,-3.79913830757141,150.86479187,-20.58458519,NaN,NaN,NaN,NaN,NaN,NaN,NaN,NaN,NaN,NaN,516600.0918,0.91024249004705,0.00959102424900471,2671.27873700956
"U/N Reef (20-324)","O",170.138817840052,-3.31799030303955,150.76675415,-20.59622574,0.233645384615385,4.55306230769231,35.3608384615385,0.286402307692308,8.25995846153846,0.0844946153846154,0.00388,0.00410615384615385,0.0359930769230769,"Habitat Protection",14556624.63,0.537653453465016,0.0358662379916447,16401.533156822
"Plum Pudding Reef (20-409)","I",10.4787131136079,-3.54458284378052,148.93943787,-20.33461189,NaN,NaN,NaN,NaN,NaN,NaN,NaN,NaN,NaN,NaN,77726.65241,0.346510960261177,0.0671875014731436,1133.22209006869
"U/N Reef (20-410)","O",185.950268983675,-28.8827095031738,151.50724792,-20.86816406,NaN,NaN,NaN,NaN,NaN,NaN,NaN,NaN,NaN,NaN,267963.6959,0.378596625991289,0.0402297178874501,2109.72459026925
"U/N Reef (20-411)","O",177.947990871523,-32.523307800293,151.52870178,-20.96113777,0.3,4.43,35.35,0.16,6.4,0.26,0.0046,0.00471,0.01744,"Habitat Protection",724166.8056,0.440901685992644,0.043654682358914,4326.96717022688
"U/N Reef (20-412)","O",185.700476977508,-32.4318466186523,151.55200195,-20.89334869,0.27044,4.24744,35.444095,0.17623,5.923285,0.038655,0.00429,0.0046,0.01327,"Habitat Protection",2457578.313,0.440901685992644,0.043654682358914,8972.1966201062
"U/N Reef (20-564)","O",181.326900970036,-19.6251640319824,151.2635498,-20.80905342,NaN,NaN,NaN,NaN,NaN,NaN,NaN,NaN,NaN,NaN,167119.6342,0.0161740100390407,0,2052.04683219904
"U/N Reef (20-565)","O",180.51664487933,-44.3339462280273,151.29762268,-20.82970047,NaN,NaN,NaN,NaN,NaN,NaN,NaN,NaN,NaN,NaN,172994.0642,0.243845879560675,0.0164932962841062,1734.32784271549
"U/N Reef (20-566)","O",166.823980062857,-16.0684852600098,151.36462402,-20.99393082,NaN,NaN,NaN,NaN,NaN,NaN,NaN,NaN,NaN,NaN,86073.68773,0.414239482200647,0.00215749730312837,1437.70705877587
"U/N Reef (20-567)","O",166.82273919827,-21.4401798248291,151.3704071,-20.99651337,NaN,NaN,NaN,NaN,NaN,NaN,NaN,NaN,NaN,NaN,258043.1968,0.254887762490949,0.0376538740043447,3315.56965329435
"U/N Reef (20-568)","O",170.958205730678,-6.95057392120361,151.37101746,-20.95566177,0.2047025,4.4439775,35.35868125,0.2323525,8.16078125,0.09854125,0.00713375,0.0052675,0.02272875,"Habitat Protection",8945111.949,0.393995641156658,0.0406164947808586,22204.8804320207
"U/N Reef (20-569)","O",167.726556427356,-20.35768699646,151.37931824,-20.99149513,0.21,4.43,35.35,0.26,7.66,0.16,0.00739,0.00521,0.0247,"Habitat Protection",175331.93,0.166666666666667,0,1790.1075565244
"U/N Reef (20-570)","O",181.306200777447,-35.1452713012695,151.39772034,-20.86470604,0.22753,4.42358,35.37976,0.21076,7.97712,0.04413,0.0052,0.0043,0.00861,"Marine National Park",1237533.757,0.369786423266548,0.0300321278777258,7218.93972328273
"Bailey Reef (21-026)","I",33.6766647788106,-13.9285306930542,149.54754639,-21.03016663,NaN,NaN,NaN,NaN,NaN,NaN,NaN,NaN,NaN,NaN,151454.6179,0.346510960261177,0.0409460893685493,1781.1575688119
"Snare Peak Reef (21-027)","I",68.3136933866589,1.75174462795258,149.93554688,-21.1026268,NaN,NaN,NaN,NaN,NaN,NaN,NaN,NaN,NaN,NaN,161664.7715,0.804884024828487,0.0311214662234968,1894.53240256429
"Overfall Reef (21-029)","I",34.5623759970086,-12.9093332290649,149.63008118,-21.26690483,NaN,NaN,NaN,NaN,NaN,NaN,NaN,NaN,NaN,NaN,75055.95495,0.346510960261177,0.0311214662234968,985.47505452289
"U/N Reef (20-325)","O",165.481554361859,-5.02837419509888,150.73274231,-20.62347031,NaN,NaN,NaN,NaN,NaN,NaN,NaN,NaN,NaN,NaN,913444.7731,0.577500766322673,0.0593644630632472,4517.3921797223
"Molar Reef (20-326)","O",171.156877681523,-5.59028100967407,150.80360413,-20.62533188,0.221280243902439,4.5689156097561,35.3629443902439,0.293582195121951,8.39167317073171,0.0879080487804878,0.00388,0.00427317073170732,0.035400243902439,"Habitat Protection",48109652.4,0.344005125566676,0.0415093240658946,36513.9605422165
"U/N Reef (20-327)","O",175.816624695326,-4.00111436843872,150.85348511,-20.61770821,0.238528,4.553266,35.370192,0.290328,7.590372,0.064298,0.00388,0.004348,0.031832,"Habitat Protection",6334877.124,0.378730242981835,0.0155549657938193,13375.2490239106
"U/N Reef (20-328a)","O",179.878505360022,-6.21405601501465,150.90185547,-20.61783409,0.2379375,4.552385,35.3718825,0.297605,6.68993,0.0558075,0.00388,0.00386,0.03002,"Habitat Protection",3937962.296,0.625441361169696,0.0375601317566767,10217.593619696
"U/N Reef (20-328b)","O",181.827477197143,-6.67917537689209,150.91723633,-20.60783577,NaN,NaN,NaN,NaN,NaN,NaN,NaN,NaN,NaN,NaN,321894.5361,0.795124782356355,0.00464306442251886,2397.90160914053
"U/N Reef (20-413)","O",178.452383398726,-41.1360359191895,151.56788635,-20.97740173,0.470575,4.384755,35.38556,0.193985,6.07016,0.029565,0.00476,0.00462,0.01933,"Habitat Protection",2230765.824,0.46696081076514,0.0319943959695596,7991.68306945395
"U/N Reef (20-414)","O",181.56848521656,-28.4801864624023,151.58874512,-20.95644569,0.29607,4.28,35.47,0.22,4.85,0.01,0.00417,0.00462,0.01692,"Habitat Protection",678663.5069,0.46696081076514,0.0319943959695596,3071.65719405194
"U/N Reef (20-415)","O",186.241291104103,-23.809606552124,151.6156311,-20.92254066,NaN,NaN,NaN,NaN,NaN,NaN,NaN,NaN,NaN,NaN,726462.7798,0.46696081076514,0.0319943959695596,3800.12454091123
"U/N Reef (20-416)","O",182.23053645294,-36.8196983337402,151.65077209,-20.98627472,0.359243333333333,4.30064666666667,35.4442233333333,0.20946,3.62493,0.06111,0.00482333333333333,0.00422666666666667,0.0184266666666667,"Habitat Protection",1956860.823,0.413221927103666,0.0282894022993776,6466.11835934413
"U/N Reef (20-417)","O",186.885826906901,-47.9671669006348,151.66122437,-20.94258499,0.321106956521739,4.24337826086956,35.446327826087,0.17991652173913,3.6723052173913,0.0475004347826087,0.00436478260869565,0.00428869565217391,0.0141834782608696,"Habitat Protection",24920022.33,0.479339904114151,0.0366988759339674,22093.5280818228
"U/N Reef (20-418)","O",190.342993302026,-40.8559722900391,151.66314697,-20.90677071,0.306343333333333,4.28481666666667,35.5242,0.113146666666667,2.97007333333333,0.02741,0.00416666666666667,0.00444333333333333,0.0103633333333333,"Habitat Protection",4987584.432,0.479339904114151,0.0366988759339674,14872.9619688633
"U/N Reef (20-419)","O",190.605423372131,-41.2227058410645,151.70446777,-20.92920494,NaN,NaN,NaN,NaN,NaN,NaN,NaN,NaN,NaN,NaN,257486.3504,0.433307150703863,0.0398675058336115,1994.01442691955
"U/N Reef (20-420)","O",189.452292533213,-33.2930641174316,151.72329712,-20.95382118,0.35517,4.25351,35.44558,0.1859,3.11211,0.05412,0.00493,0.00407,0.01214,"Habitat Protection",1028351.957,0.405117654061068,0.0578952416192838,3813.60080289691
"U/N Reef (20-421)","O",187.731856884857,-35.6083145141602,151.73167419,-20.97829056,0.386745,4.275495,35.45122,0.20373,2.55061,0.066295,0.005065,0.00398,0.013885,"Habitat Protection",3304287.684,0.405117654061068,0.0578952416192838,6713.91296670426
"U/N Reef (20-422)","O",190.170380430327,-33.1362190246582,151.76634216,-20.97468758,NaN,NaN,NaN,NaN,NaN,NaN,NaN,NaN,NaN,NaN,1373546.389,0.405117654061068,0.0578952416192838,4282.62221727226
"U/N Reef (20-571)","O",187.017467072264,-22.2316875457764,151.40071106,-20.80971146,0.27027,4.2715,35.4471,0.18683,7.48684,0.02488,0.0052,0.00465,0.00821,"Marine National Park",945515.4988,0.243845879560675,0.0164932962841062,6116.62631892626
"U/N Reef (20-572)","O",186.626913084213,-17.19140625,151.44065857,-20.83052635,0.25298,4.23621,35.44628,0.17585,7.05079,0.02949,0.00488,0.00421,0.0051,"Marine National Park",83317.31513,0.314788735837258,0.0270698899797739,1202.60685436034
"U/N Reef (20-573)","O",178.805656785359,-42.7736701965332,151.4535675,-20.91462517,0.211005,4.421705,35.371995,0.192335,7.297205,0.04926,0.00578,0.00431,0.00956,"Habitat Protection",1716017.712,0.327093518362362,0.0357757116786415,7446.11544305609
"U/N Reef (20-574)","O",179.975700606714,-19.2715911865234,151.45922852,-20.90550995,NaN,NaN,NaN,NaN,NaN,NaN,NaN,NaN,NaN,NaN,91277.77449,0.327093518362362,0.0357757116786415,1110.02280844992
"U/N Reef (20-575)","O",186.218667703876,-23.3736019134521,151.4677124,-20.84673691,NaN,NaN,NaN,NaN,NaN,NaN,NaN,NaN,NaN,NaN,92730.31754,0.342272514453314,0.0274580598666619,1261.39642250822
"U/N Reef (20-576)","O",180.271380879682,-19.6717681884766,151.47180176,-20.90851784,NaN,NaN,NaN,NaN,NaN,NaN,NaN,NaN,NaN,NaN,96530.08264,0.254718554076583,0.084595156729013,1200.85513994825
"U/N Reef (20-577)","O",186.208099660216,-24.2586288452148,151.47677612,-20.85103226,NaN,NaN,NaN,NaN,NaN,NaN,NaN,NaN,NaN,NaN,175675.2824,0.330368079088308,0.0255795146623967,2061.37144798831
"U/N Reef (20-578)","O",185.62926162372,-22.3636703491211,151.4808197,-20.85873985,0.25032,4.19879,35.45326,0.1685,6.7072,0.03438,0.00495,0.00425,0.00752,"Marine National Park",145178.9891,0.330368079088308,0.0255795146623967,1527.01948576084
"U/N Reef (20-579)","O",165.082131063805,-9.71885108947754,151.33863831,-20.99990273,0.21562,4.45327,35.37484,0.23427,9.2243,0.07091,0.00769,0.00543,0.02822,"Habitat Protection",218927.616,0.58843537414966,0.0208333333333333,1850.67866135239
"U/N Reef (20-580)","M",134.171699294319,-38.8879852294922,150.44055176,-20.73745537,0.21982,4.57882,35.37296,0.3223,11.4412,0.1112,0.00388,0.00509,0.04684,"General Use",1152103.54,0.245876649013092,0.0914090252845407,5005.11122125794
"U/N Reef (20-581)","M",135.103583098127,-26.3659191131592,150.45678711,-20.74164963,0.205136666666667,4.59254666666667,35.33237,0.275723333333333,9.94133666666667,0.142566666666667,0.00388,0.00463,0.04299,"Habitat Protection",3180463.947,0.216171232048515,0.0357522938316159,8307.37039151781
"Prudhoe Island Reef (21-031)","I",33.2701768905416,-0.751663029193878,149.68251038,-21.31558609,NaN,NaN,NaN,NaN,NaN,NaN,NaN,NaN,NaN,NaN,1035167.006,0.346510960261177,0.0311214662234968,20762.9047543408
"Prudhoe Shoal (21-032)","I",31.1390261263463,-12.6476058959961,149.66500854,-21.32733536,0.026935,4.575355,35.605305,0.96646,17.20609,0.103115,0.01177,0.27408,0.60977,"Habitat Protection",2915885.346,0.346510960261177,0.0311214662234968,10123.6772681711
"Reid Reef (21-033)","I",26.880265024918,-2.79933524131775,149.65794373,-21.37103653,NaN,NaN,NaN,NaN,NaN,NaN,NaN,NaN,NaN,NaN,128725.5279,0.346510960261177,0.0311214662234968,1570.52361822928
"Double Island Reef (21-034)","I",40.5788645108393,-5.60387659072876,149.82962036,-21.37520409,NaN,NaN,NaN,NaN,NaN,NaN,NaN,NaN,NaN,NaN,670619.3501,0.346510960261177,0.0311214662234968,6792.52864313736
"U/N Reef (20-328c)","O",182.33337890067,-10.3879594802856,150.91998291,-20.60360146,NaN,NaN,NaN,NaN,NaN,NaN,NaN,NaN,NaN,NaN,610810.1036,0.611739529195965,0,4929.72342950996
"U/N Reef (20-328d)","O",182.262917436477,-15.4367532730103,150.92333984,-20.60908508,NaN,NaN,NaN,NaN,NaN,NaN,NaN,NaN,NaN,NaN,44938.85622,0.424116424116424,0,830.244972822462
"U/N Reef (20-328e)","O",181.789316319667,-8.48644924163818,150.92124939,-20.61368942,NaN,NaN,NaN,NaN,NaN,NaN,NaN,NaN,NaN,NaN,211835.8823,0.774008810572687,0.0171806167400881,2168.20142824173
"U/N Reef (20-328f)","O",181.207097611434,-12.4251518249512,150.92050171,-20.6217823,NaN,NaN,NaN,NaN,NaN,NaN,NaN,NaN,NaN,NaN,70487.83065,0.629482071713147,0,1195.19671615407
"U/N Reef (20-329)","O",193.039112940844,-34.1443214416504,150.99299622,-20.6258564,NaN,NaN,NaN,NaN,NaN,NaN,NaN,NaN,NaN,NaN,362214.4447,0.30569631603547,0.00899782158003853,2459.81585463103
"U/N Reef (20-330)","O",191.754702734167,-51.1872138977051,150.95521545,-20.63089561,NaN,NaN,NaN,NaN,NaN,NaN,NaN,NaN,NaN,NaN,196096.2948,0.609202435467419,0.00572687224669603,1789.53683045407
"U/N Reef (20-331)","O",190.614971625661,-44.7413368225098,150.98155212,-20.64595985,NaN,NaN,NaN,NaN,NaN,NaN,NaN,NaN,NaN,NaN,129350.0732,0.331010476893929,0.0169207716271639,1310.24744320011
"U/N Reef (20-332)","O",160.08451926338,-10.3622817993164,150.69894409,-20.66161537,NaN,NaN,NaN,NaN,NaN,NaN,NaN,NaN,NaN,NaN,198424.8865,0.463266261113711,0,2946.50908599476
"U/N Reef (20-333)","O",164.200017387952,-5.34600067138672,150.73539734,-20.6450882,0.23128,4.56186333333333,35.3587966666667,0.30274,8.20991333333333,0.014,0.00388,0.00437,0.039,"Habitat Protection",2744634.262,0.358564381697568,0.0932811702670522,8140.82915582427
"U/N Reef (20-334)","O",166.280659954724,-5.878342628479,150.75244141,-20.63508606,NaN,NaN,NaN,NaN,NaN,NaN,NaN,NaN,NaN,NaN,600801.6253,0.45787260551316,0.193116337019156,4720.66448778805
"U/N Reef (20-423)","O",197.943072232992,-29.5095882415771,151.83525085,-20.93555069,NaN,NaN,NaN,NaN,NaN,NaN,NaN,NaN,NaN,NaN,846106.1048,0.105582501006461,0.0399547659946267,3443.03419196592
"U/N Reef (20-424)","O",197.254275588658,-31.3854351043701,151.85232544,-20.95568848,0.397556666666667,4.21058666666667,35.4516566666667,0.1735,0.93893,0.157236666666667,0.0056,0.00437,0.01103,"Habitat Protection",3029851.016,0.105582501006461,0.0445495321245188,7027.98737400957
"U/N Reef (20-425)","O",201.848517533614,-33.5411262512207,151.87095642,-20.9168663,0.381176666666667,4.27506666666667,35.4729516666667,0.160885,2.05148333333333,0.0580033333333333,0.00551666666666667,0.00443666666666667,0.01083,"Habitat Protection",5953254.764,0.105582501006461,0.00871564334139125,9644.06375573954
"U/N Reef (20-426)","O",203.815652897947,-33.8880462646484,151.88716125,-20.90622902,0.3837,4.25942,35.44953,0.18077,2.15148,0.06106,0.0055,0.00445,0.01079,"Habitat Protection",1445018.089,0.210255536217516,0.00871564334139125,5020.59908714476
"U/N Reef (20-427)","O",200.564680538341,-35.1075019836426,151.89633179,-20.9503479,NaN,NaN,NaN,NaN,NaN,NaN,NaN,NaN,NaN,NaN,297762.6214,0.226855876207273,0.00871564334139125,2081.12752418323
"U/N Reef (20-428)","O",206.195737211278,-39.0712814331055,151.91262817,-20.89767838,0.37896,4.24,35.46,0.18,0.77,0.03,0.00572,0.00453,0.00988,"Habitat Protection",807652.581,0.226855876207273,0.00871564334139125,3566.65820562885
"U/N Reef (20-429)","O",207.402965576903,-29.5133533477783,151.91775513,-20.88763618,0.442647777777778,4.23846,35.4364088888889,0.198163333333333,1.44200333333333,0.04734,0.00571888888888889,0.00455666666666667,0.00949,"Habitat Protection",8759586.043,0.226855876207273,0.00871564334139125,18120.2532187923
"U/N Reef (20-430)","O",212.831876584597,-27.7985763549805,151.99798584,-20.88562012,NaN,NaN,NaN,NaN,NaN,NaN,NaN,NaN,NaN,NaN,784355.4535,0.226855876207273,0.00871564334139125,4682.55808259288
"U/N Reef (20-431)","O",212.260804626438,-34.1204299926758,152.00146484,-20.89506721,NaN,NaN,NaN,NaN,NaN,NaN,NaN,NaN,NaN,NaN,112440.018,0.226855876207273,0.00871564334139125,1338.75388684641
"U/N Reef (20-432)","O",212.991504453639,-28.6053562164307,152.00643921,-20.89038467,NaN,NaN,NaN,NaN,NaN,NaN,NaN,NaN,NaN,NaN,157049.2616,0.226855876207273,0.00871564334139125,1522.46702752997
"U/N Reef (20-582)","M",114.574627390196,-18.0935230255127,149.88685608,-20.00649834,0.30008,4.53493,35.33192,0.44866,5.19726,0.1356,0.00388,0.00601,0.04337,"Marine National Park",1256491.129,0.0297406082289803,0,4443.20976221448
"U/N Reef (20-583)","M",112.140730659518,-15.7405672073364,149.93470764,-20.17041779,NaN,NaN,NaN,NaN,NaN,NaN,NaN,NaN,NaN,NaN,196577.902,0.120648545541249,0,1671.20271148201
"U/N Reef (20-585)","M",120.995492834333,-21.4921817779541,149.96046448,-20.016119,NaN,NaN,NaN,NaN,NaN,NaN,NaN,NaN,NaN,NaN,308196.9844,0.468035543957771,0.0642950687737781,2603.74824825773
"U/N Reef (20-586)","M",116.351591924544,-22.5520324707031,149.96826172,-20.1468544,0.22,4.53,35.35,0.53,6.25,0.12,0.00388,0.00494,0.049,"Marine National Park",549029.0078,0.224367360865336,0.0321981953753637,3102.54089749028
"U/N Reef (20-587)","M",121.733436317468,-22.4125213623047,149.97311401,-20.02596855,NaN,NaN,NaN,NaN,NaN,NaN,NaN,NaN,NaN,NaN,96999.62201,0.468035543957771,0.0642950687737781,1203.95634150797
"U/N Reef (20-588)","M",123.245635606932,-14.705958366394,150.06161499,-20.27863693,NaN,NaN,NaN,NaN,NaN,NaN,NaN,NaN,NaN,NaN,4186.771395,0.291946056127406,0.0513786878786173,202.037025695374
"U/N Reef (20-589)","O",154.164893060241,-3.5675036907196,150.31500244,-20.12468529,NaN,NaN,NaN,NaN,NaN,NaN,NaN,NaN,NaN,NaN,27552.31047,0.802047781569966,0.0068259385665529,587.635490552453
"U/N Reef (20-590)","O",160.364564154799,-2.53623270988464,150.37133789,-20.09990501,0.22,4.59,35.26,0.42,1.88,0.2,0.00388,0.00386,0.03402,"Habitat Protection",329701.9735,0.545919818026727,0.0503269832243389,2271.48887173031
"U/N Reef (20-591)","O",159.714026468236,-2.73099064826965,150.37280273,-20.11018944,NaN,NaN,NaN,NaN,NaN,NaN,NaN,NaN,NaN,NaN,163338.0745,0.742676622630672,0.0982194141298105,1766.10735226146
"U/N Reef (20-592)","O",160.436982214917,-13.4165010452271,150.37364197,-20.03268433,NaN,NaN,NaN,NaN,NaN,NaN,NaN,NaN,NaN,NaN,68357.7702,0.0990371389270977,0,962.949924107694
"U/N Reef (20-593)","O",159.868602876403,-9.36225605010986,150.37561035,-20.05285645,NaN,NaN,NaN,NaN,NaN,NaN,NaN,NaN,NaN,NaN,117978.5752,0.413957176843775,0,1587.99189731772
"U/N Reef (20-594)","O",163.118201136937,-8.71412086486816,150.38198853,-20.07411194,NaN,NaN,NaN,NaN,NaN,NaN,NaN,NaN,NaN,NaN,13831.30099,0.533783783783784,0.222972972972973,369.535904604683
"U/N Reef (20-595)","O",163.476055337648,-7.69790077209473,150.38679504,-20.07428169,NaN,NaN,NaN,NaN,NaN,NaN,NaN,NaN,NaN,NaN,12828.46373,0.591240875912409,0.0802919708029197,379.494347627449
"Lloyd Shoal (21-035)","I",37.8981916347781,-13.744683265686,149.80760193,-21.38792419,0.04087,4.58031,35.60345,0.79701,15.32839,0.07249,0.01527,0.19933,0.63657,"Habitat Protection",803407.9887,0.346510960261177,0.0311214662234968,4618.09303692238
"Viscount Shoals (No 1) (21-036a)","I",16.8753872059662,-10.9751176834106,149.56774902,-21.41855431,0.02749,4.51885428571429,35.7730557142857,1.05871142857143,9.95710571428571,0.138624285714286,0.0164857142857143,0.4146,0.481378571428571,"Habitat Protection",6040322.671,0.346510960261177,0.0466821993352452,15912.7617179602
"Viscount Shoals (No 2) (21-036b)","I",19.9235250367166,-10.7633934020996,149.60491943,-21.41143227,0.015315,4.56036333333333,35.7303466666667,1.08582,8.51237,0.125016666666667,0.01606,0.41258,0.48309,"Habitat Protection",6122748.816,0.346510960261177,0.0311214662234968,12164.3327956588
"Viscount Shoals (No 3) (21-036c)","I",12.7100121621436,-14.9216451644897,149.57620239,-21.47437286,NaN,NaN,NaN,NaN,NaN,NaN,NaN,NaN,NaN,NaN,1012337.361,0.346510960261177,0.0420614178373081,5515.88424878473
"Renou Reef (21-037)","I",37.0134108803461,-14.8939666748047,149.8213501,-21.43399429,NaN,NaN,NaN,NaN,NaN,NaN,NaN,NaN,NaN,NaN,98341.42306,0.346510960261177,0.0177950070865176,1234.28119285534
"U/N Reef (20-335)","O",174.045604067442,-4.37788105010986,150.87376404,-20.67168617,0.231548,4.546119,35.372187,0.279986333333333,7.231389,0.0637653333333333,0.00388,0.004471,0.033389,"Habitat Protection",34233205.71,0.497836619779788,0.0418708191927018,26377.1895860541
"U/N Reef (20-336)","O",165.024751476087,-19.2010536193848,150.77612305,-20.68308258,NaN,NaN,NaN,NaN,NaN,NaN,NaN,NaN,NaN,NaN,765977.7023,0.012457254518808,0.00439667806546165,4544.88795489283
"U/N Reef (20-337)","O",169.036944187914,-4.81302309036255,150.83422852,-20.6973896,0.23084,4.55857,35.37429,0.28884,9.55996,0.07302,0.00388,0.00507,0.03748,"Habitat Protection",1713481.908,0.492346243939642,0.0813313722285777,5820.3260217784
"U/N Reef (20-338)","O",186.985841641443,-12.461217880249,150.98252869,-20.67941666,0.235167142857143,4.51376857142857,35.37923,0.269498571428571,3.78141714285714,0.125871428571429,0.00388,0.00402142857142857,0.02823,"Habitat Protection",8875603.835,0.361996569251655,0.0269934647401156,16302.3342623628
"U/N Reef (20-433)","O",215.369137116889,-27.9977493286133,152.05332947,-20.89993668,0.53309375,4.3764575,35.36329125,0.2493775,1.26587875,0.0689275,0.0061125,0.0047125,0.0060875,"Habitat Protection",8771625.278,0.226855876207273,0.00871564334139125,25873.2388734669
"U/N Reef (20-434)","O",216.662808093087,-29.292236328125,152.0632019,-20.89255142,NaN,NaN,NaN,NaN,NaN,NaN,NaN,NaN,NaN,NaN,79898.53786,0.226855876207273,0.00871564334139125,1512.58039687266
"U/N Reef (20-435)","O",211.650289352543,-43.3171691894531,152.09536743,-20.98147583,NaN,NaN,NaN,NaN,NaN,NaN,NaN,NaN,NaN,NaN,341810.6269,0.2896383670797,0.00468977688894485,3110.27272004097
"U/N Reef (20-436)","O",215.951522572826,-27.2652626037598,152.09779358,-20.93041801,0.98,4.4,35.38,0.25,0.59,0.03,0.00607,0.00475,0.00435,"Habitat Protection",728639.4054,0.211938113926193,0.00795095419824316,4047.1681361694
"U/N Reef (20-437)","O",216.916397629267,-24.3272075653076,152.0980835,-20.91884804,0.56854,4.37,35.41,0.23,0.62,0.03,0.00602,0.00476,0.0044,"Habitat Protection",797393.8925,0.211938113926193,0.00795095419824316,4163.4742838189
"U/N Reef (20-438)","O",218.366258123052,-28.0215797424316,152.11157227,-20.91273308,0.50742,4.29,35.45,0.18,0.64,0.03,0.00602,0.00476,0.0044,"Habitat Protection",715581.213,0.293016625778746,0.00484564813435533,3545.02479810239
"U/N Reef (20-439)","O",218.269328466369,-27.8787384033203,152.1171875,-20.91879845,0.47841,4.36,35.41,0.22,0.61,0.03,0.00602,0.00476,0.0044,"Habitat Protection",1981601.175,0.293016625778746,0.00484564813435533,8811.81722909314
"U/N Reef (20-440)","O",215.584506920733,-30.717264175415,152.11880493,-20.95344162,NaN,NaN,NaN,NaN,NaN,NaN,NaN,NaN,NaN,NaN,148269.6621,0.307929038826961,0.00508531495114535,1418.37176309618
"U/N Reef (20-441)","O",214.512058993986,-19.5056629180908,152.12875366,-20.97584534,NaN,NaN,NaN,NaN,NaN,NaN,NaN,NaN,NaN,NaN,151331.9175,0.307929038826961,0.00508531495114535,1451.99633357191
"U/N Reef (20-442)","O",219.919860931692,-28.3612308502197,152.13276672,-20.91207886,NaN,NaN,NaN,NaN,NaN,NaN,NaN,NaN,NaN,NaN,258709.4095,0.293016625778746,0.00484564813435533,2359.15969321872
"U/N Reef (20-443)","O",220.682433398912,-38.3538475036621,152.16029358,-20.92708778,0.36946,4.2208,35.58,0.09,0.77,0.01,0.0054,0.00478,0.00405,"Habitat Protection",339647.2694,0.45541666468737,0.00540464523128006,2891.64007781753
"U/N Reef (20-596)","O",161.486495362393,-12.3912944793701,150.38920593,-20.10351753,NaN,NaN,NaN,NaN,NaN,NaN,NaN,NaN,NaN,NaN,212458.2347,0.284266196562362,0.168796826795945,3081.0486319778
"U/N Reef (20-597)","O",163.969820363119,-7.22564697265625,150.39678955,-20.07800102,NaN,NaN,NaN,NaN,NaN,NaN,NaN,NaN,NaN,NaN,44597.25788,0.228033472803347,0.200836820083682,943.647387913026
"U/N Reef (20-598)","O",162.289325725196,-11.2747993469238,150.40330505,-20.10764122,NaN,NaN,NaN,NaN,NaN,NaN,NaN,NaN,NaN,NaN,24751.12498,0.284090909090909,0.109848484848485,538.176043201426
"U/N Reef (20-599)","O",163.194023627899,-26.0400085449219,150.40617371,-20.04434967,NaN,NaN,NaN,NaN,NaN,NaN,NaN,NaN,NaN,NaN,836681.5665,0.207317457540491,0,4095.35521581335
"U/N Reef (20-600)","O",160.037542760445,-9.82919120788574,150.40953064,-20.14569473,NaN,NaN,NaN,NaN,NaN,NaN,NaN,NaN,NaN,NaN,193023.2001,0.295849420849421,0.118243243243243,1679.00357491021
"U/N Reef (20-601)","O",160.339536719393,-9.49637222290039,150.41300964,-20.14537239,NaN,NaN,NaN,NaN,NaN,NaN,NaN,NaN,NaN,NaN,12723.30162,0.315584089711341,0.0806191816554959,415.09826227322
"U/N Reef (20-602)","O",161.048282641253,-5.03654336929321,150.41438293,-20.13697052,NaN,NaN,NaN,NaN,NaN,NaN,NaN,NaN,NaN,NaN,172998.352,0.36940748686645,0.0651897609132116,2151.19581764655
"U/N Reef (20-603)","O",165.336573054226,-17.3619232177734,150.42497253,-20.03649902,0.29412,4.56008,35.3055,0.39996,3.19158,0.08366,0.00388,0.00407,0.02342,"Habitat Protection",1019248.613,0.0706801470588235,0,3760.34816518917
"U/N Reef (20-604)","O",167.807875719898,-12.1273956298828,150.43196106,-20.06311798,NaN,NaN,NaN,NaN,NaN,NaN,NaN,NaN,NaN,NaN,127867.2104,0.19937039780371,0.0184723691366214,1478.65157985287
"U/N Reef (20-605)","O",160.646293258184,-9.21243190765381,150.48876953,-20.23344612,NaN,NaN,NaN,NaN,NaN,NaN,NaN,NaN,NaN,NaN,856821.5867,0.624767937097303,0.0211859779403735,4266.15752317569
"U/N Reef (20-607)","O",180.025992162829,-13.1107950210571,150.58302307,-20.06111145,NaN,NaN,NaN,NaN,NaN,NaN,NaN,NaN,NaN,NaN,151325.2242,0.0408415841584158,0,1641.12478011269
"Knight Reef (21-039)","I",26.1914469755168,-4.4958872795105,149.713974,-21.44830132,0.05,4.5,35.7,1.08,4.65,0.09189,0.0152,0.33217,0.54629,"Habitat Protection",661997.833,0.346510960261177,0.0311214662234968,6784.99495767193
"Minster Reef (21-040)","I",39.2590001662057,-3.50941443443298,149.84820557,-21.44401741,0.04274,4.58319,35.62696,0.84047,15.40859,0.06802,0.01514,0.24947,0.60091,"Habitat Protection",457369.8174,0.346510960261177,0.0177950070865176,4749.5578334612
"Festing Shoal (21-041)","I",23.9653007523147,-9.27524662017822,149.70007324,-21.46792221,0.03,4.52,35.74,1.1,3.52,0.09673,0.01648,0.40391,0.47842,"Habitat Protection",753264.279,0.346510960261177,0.0311214662234968,4336.48194660529
"Beaver Shoal (21-043)","I",36.2329830725005,-12.465799331665,149.82505798,-21.46681976,NaN,NaN,NaN,NaN,NaN,NaN,NaN,NaN,NaN,NaN,597899.5605,0.346510960261177,0.0177950070865176,3153.03018760967
"Beverlac Reef (21-044)","I",41.4005105033159,-9.22955989837646,149.87376404,-21.45638275,NaN,NaN,NaN,NaN,NaN,NaN,NaN,NaN,NaN,NaN,243303.6018,0.346510960261177,0.0177950070865176,2718.3706610157
"U/N Reef (20-339a)","O",180.129328959714,-5.65231037139893,150.88397217,-20.7258606,0.218993157894737,4.54750736842105,35.3664294736842,0.268536842105263,6.44188473684211,0.0640763157894737,0.00388,0.00485947368421053,0.0367642105263158,"Habitat Protection",21014214.44,0.436200699328662,0.0751533946763939,23599.7987021111
"U/N Reef (20-339b)","O",183.143206437669,-6.18395805358887,150.93783569,-20.70666695,0.2238292,4.537998,35.3691828,0.26696,5.1706544,0.0801272,0.00388,0.0043516,0.033182,"Habitat Protection",28645274.49,0.392985098468771,0.0564602098798032,30799.2931642507
"U/N Reef (20-340)","O",162.036420527954,-5.0557074546814,150.76002502,-20.7081089,0.21689,4.585405,35.357225,0.27998,9.88187,0.08547,0.00388,0.00613,0.03923,"Habitat Protection",3284613.234,0.44075937135874,0.0960582033137238,7634.31640882058
"U/N Reef (20-341)","O",166.816566312104,-5.47754812240601,150.82035828,-20.71379089,NaN,NaN,NaN,NaN,NaN,NaN,NaN,NaN,NaN,NaN,187252.9041,0.815815815815816,0.028028028028028,1738.15348615714
"Thomas Reef (No 1) (20-234a)","I",18.7862786221433,-5.13941717147827,149.11012268,-20.54157066,NaN,NaN,NaN,NaN,NaN,NaN,NaN,NaN,NaN,NaN,156227.5753,0.346510960261177,0.0294738694351575,4553.29187353626
"Thomas Reef (No 2) (20-234b)","I",17.8972592956799,-4.43191432952881,149.10133362,-20.54496765,NaN,NaN,NaN,NaN,NaN,NaN,NaN,NaN,NaN,NaN,37525.452,0.346510960261177,0.0294738694351575,1426.96155149087
"Thomas Reef (No 3) (20-234c)","I",18.3794445047836,-6.08651351928711,149.10534668,-20.55112648,NaN,NaN,NaN,NaN,NaN,NaN,NaN,NaN,NaN,NaN,49650.31255,0.346510960261177,0.0294738694351575,1728.82777257309
"St Bees Island Reef (No 2) (20-279b)","I",26.1128542374207,-0.185196250677109,149.43196106,-20.92989349,0.05753,4.45482,35.45534,0.64171,19.42853,0.07943,0.01748,0.16764,0.68101,"Conservation Park",424986.6918,0.346510960261177,0.0464362768143305,2936.52148933362
"St Bees Island Reef (No 3) (20-279c)","I",27.2934654352689,-3.3617308139801,149.44828796,-20.93379593,NaN,NaN,NaN,NaN,NaN,NaN,NaN,NaN,NaN,NaN,175913.9082,0.346510960261177,0.0464362768143305,1789.73781042305
"Aspatria Reef (20-280)","I",29.4087763761382,-9.5203742980957,149.46951294,-20.9298172,NaN,NaN,NaN,NaN,NaN,NaN,NaN,NaN,NaN,NaN,612637.5289,0.346510960261177,0.0464362768143305,6403.24246219461
"Wheatley Shoal (20-282)","I",22.5516381613056,-15.3934144973755,149.38874817,-20.9301033,0.05,4.47,35.44,0.8,7.32,0.08401,0.02037,0.24252,0.62728,"Conservation Park",289728.6373,0.346510960261177,0.0464362768143305,2254.4782483307
"Flimby Shoal (20-283)","I",24.8554415705578,-13.2156391143799,149.41879272,-20.93209839,0.05,4.48,35.4,0.9,13.81,0.0777,0.02037,0.24252,0.62728,"Conservation Park",158475.4945,0.346510960261177,0.0464362768143305,1482.15175459608
"Hesket Reef (20-284)","I",30.1630838872313,-17.0543174743652,149.48129272,-20.93557549,NaN,NaN,NaN,NaN,NaN,NaN,NaN,NaN,NaN,NaN,80137.39165,0.346510960261177,0.0464362768143305,1101.87067277983
"Shaw Island Reef (No 5) (20-102i)","I",13.6757495640206,-5.61091423034668,149.06066895,-20.52033806,NaN,NaN,NaN,NaN,NaN,NaN,NaN,NaN,NaN,NaN,436087.9504,0.346510960261177,0.0294738694351575,6447.58707451497
"Shaw Island Reef (No 6) (20-102e)","I",14.9072061561894,-4.52190446853638,149.07052612,-20.50695229,NaN,NaN,NaN,NaN,NaN,NaN,NaN,NaN,NaN,NaN,26662.15905,0.346510960261177,0.0294738694351575,925.501561283322
"Shaw Island Reef (No 7) (20-102f)","I",17.4195024093596,-4.71674251556396,149.08990479,-20.48650169,NaN,NaN,NaN,NaN,NaN,NaN,NaN,NaN,NaN,NaN,143725.5838,0.346510960261177,0.0294738694351575,3068.32577663093
"U/N Reef (20-184)","O",174.72925101234,-13.8844041824341,150.70573425,-20.32145309,NaN,NaN,NaN,NaN,NaN,NaN,NaN,NaN,NaN,NaN,99473.82136,0.27872127055936,0.008691748730466,1183.27211956026
"U/N Reef (20-185a)","O",161.901422006441,-6.21766567230225,150.58442688,-20.35409737,0.254544666666667,4.57438733333333,35.339178,0.355860666666667,3.97217266666667,0.0788733333333333,0.00388,0.00421733333333333,0.0358113333333333,"Habitat Protection",15864204.55,0.375184969019532,0.0652211079865348,21870.3174730563
"U/N Reef (20-185b)","O",162.286582234527,-6.48583698272705,150.59899902,-20.37162781,0.239126666666667,4.57408333333333,35.33999,0.36537,3.50507,0.0921066666666667,0.00388,0.00418,0.0341766666666667,"Habitat Protection",4260292.276,0.524117944101697,0.0578742837069401,9863.99400515326
"Thomas Reef (No 4) (20-234d)","I",18.9648970924774,-6.12797594070435,149.11091614,-20.55192184,NaN,NaN,NaN,NaN,NaN,NaN,NaN,NaN,NaN,NaN,71577.48128,0.346510960261177,0.0294738694351575,1768.71816691132
"Thomas Reef (No 5) (20-234e)","I",19.8560998252612,-5.06685972213745,149.12007141,-20.54652405,NaN,NaN,NaN,NaN,NaN,NaN,NaN,NaN,NaN,NaN,292964.8399,0.346510960261177,0.0294738694351575,4438.77181220695
"Thomas Reef (No 6) (20-234f)","I",19.7848580442666,-5.36405849456787,149.11975098,-20.54111671,NaN,NaN,NaN,NaN,NaN,NaN,NaN,NaN,NaN,NaN,17691.72537,0.346510960261177,0.0294738694351575,842.074489901054
"Thomas Reef (No 7) (20-234g)","I",20.4806013786958,-5.56700754165649,149.12593079,-20.5483284,NaN,NaN,NaN,NaN,NaN,NaN,NaN,NaN,NaN,NaN,21971.38048,0.346510960261177,0.0294738694351575,1042.96071732225
"Green Reef (20-285)","I",1.79163656832844,-1.91441810131073,149.15127563,-20.98583221,NaN,NaN,NaN,NaN,NaN,NaN,NaN,NaN,NaN,NaN,2508175.456,0.346510960261177,0.0308458562823141,9255.83622647577
"Parker Reef (20-286)","M",79.680813307834,-7.72973251342773,149.7512207,-20.54230118,0.20966,4.48961,35.40588,0.43169,19.76245,0.11962,0.00541,0.00386,0.20864,"Habitat Protection",1060136.748,0.725497096603906,0.0294738694351575,3696.63318508869
"Credlin Reefs (East) (20-287)","M",95.3001718453059,-6.05321645736694,149.95120239,-20.54021454,0.202177777777778,4.51947222222222,35.3595522222222,0.404307777777778,13.0339533333333,0.108222222222222,0.00388,0.00693333333333333,0.142225555555556,"Habitat Protection",12220228.66,0.433178843848544,0.0801869144606739,13149.1777935815
"Credlin Reefs (West) (20-288)","M",92.0770808525864,-3.87937641143799,149.9281311,-20.55967712,0.19445,4.5050325,35.383545,0.38669,14.2536875,0.1090225,0.00388,0.004625,0.1618875,"Habitat Protection",4742886.73,0.61720163637794,0.0585319801746519,8327.96699544733
"Shaw Island Reef (No 8) (20-102g)","I",18.4215215370589,-1.39836800098419,149.0990448,-20.4836483,NaN,NaN,NaN,NaN,NaN,NaN,NaN,NaN,NaN,NaN,154062.0733,0.346510960261177,0.0526316390369262,3626.18933620222
"Shaw Island Reef (No 9) (20-102h)","I",18.1096614607109,-0.788538038730621,149.08647156,-20.45864296,NaN,NaN,NaN,NaN,NaN,NaN,NaN,NaN,NaN,NaN,153858.1282,0.346510960261177,0.0400284898355708,2643.86894291497
"Shaw Island Reef (No 10) (20-102k)","I",18.6020614033641,-1.16310131549835,149.08265686,-20.44202423,NaN,NaN,NaN,NaN,NaN,NaN,NaN,NaN,NaN,NaN,94966.0767,0.346510960261177,0.0400284898355708,2344.20758274767
"Shaw Island Reef (No 11) (20-102j)","I",17.5026003392809,-2.35122442245483,149.07589722,-20.45093918,NaN,NaN,NaN,NaN,NaN,NaN,NaN,NaN,NaN,NaN,35181.54296,0.346510960261177,0.0400284898355708,932.328210425949
"Shaw Island Reef (No 12) (20-102l)","I",19.4777710421327,-3.78531861305237,149.08908081,-20.42716217,NaN,NaN,NaN,NaN,NaN,NaN,NaN,NaN,NaN,NaN,29779.86516,0.346510960261177,0.0400284898355708,869.769570814596
"U/N Reef (20-103)","M",108.951761390026,-3.21724152565002,149.83068848,-20.01483345,0.25445,4.51067,35.30454,0.42368,4.58988,0.131175,0.00388,0.00597,0.04505,"Habitat Protection",3414810.782,0.463500849454705,0.0192086370362251,7046.5657984367
"U/N Reef (20-185c)","O",168.679608459381,-13.3076620101929,150.65646362,-20.3503933,0.2392765,4.578105,35.33928,0.3660095,3.491321,0.056663,0.00388,0.00399,0.027972,"Habitat Protection",23710862.35,0.260603526158192,0.04759800691976,22287.5015602721
"U/N Reef (20-186)","O",173.690176243395,-14.0451555252075,150.71290588,-20.35417557,0.245584444444444,4.56972111111111,35.3488,0.351286666666667,3.33659666666667,0.0474733333333333,0.00388,0.00399333333333333,0.0254144444444444,"Habitat Protection",11116630.67,0.329189462166484,0.026075246191398,16430.182448366
"Muirhead Reef (20-187)","O",176.173957334266,-16.8482513427734,150.75241089,-20.37828827,0.237131052631579,4.58408421052632,35.3472157894737,0.363686315789474,3.84416263157895,0.0435494736842105,0.00388,0.00389263157894737,0.0257415789473684,"Habitat Protection",22813561.36,0.311762703941676,0.031896703720257,24337.3988901384
"U/N Reef (20-188)","O",182.89209944022,-14.813738822937,150.80915833,-20.3495388,0.21,4.59,35.33,0.41,4.83,0.04,0.00388,0.00386,0.02335,"Habitat Protection",344036.6984,0.040794125645907,0,2344.08075468459
"U/N Reef (20-189)","O",170.142412139355,-10.1386365890503,150.6837616,-20.37080765,NaN,NaN,NaN,NaN,NaN,NaN,NaN,NaN,NaN,NaN,71344.03532,0.236979166666667,0.3046875,1151.95555910042
"Thomas Reef (No 8) (20-234h)","I",18.3241768027478,-3.83064103126526,149.10569763,-20.54129982,NaN,NaN,NaN,NaN,NaN,NaN,NaN,NaN,NaN,NaN,25357.48927,0.346510960261177,0.0294738694351575,1045.84261997811
"Fairlight Reef (20-235)","I",21.2350913367009,-7.32410955429077,149.13313293,-20.54910469,NaN,NaN,NaN,NaN,NaN,NaN,NaN,NaN,NaN,NaN,4376.188859,0.346510960261177,0.0294738694351575,266.924021277459
"St Helen Reef (20-236)","I",15.5522863688322,-7.36987972259521,149.07771301,-20.55299568,NaN,NaN,NaN,NaN,NaN,NaN,NaN,NaN,NaN,NaN,5404.327738,0.346510960261177,0.0294738694351575,216.023226458313
"Goldsmith Island Reef (No 1) (20-237a)","I",27.9686375602852,-8.89490032196045,149.15835571,-20.66488457,NaN,NaN,NaN,NaN,NaN,NaN,NaN,NaN,NaN,NaN,40155.65214,0.346510960261177,0.0294738694351575,1396.28663026964
"Goldsmith Island Reef (No 2) (20-237b)","I",26.5882297647545,-2.53392004966736,149.14413452,-20.683218,NaN,NaN,NaN,NaN,NaN,NaN,NaN,NaN,NaN,NaN,684696.1901,0.346510960261177,0.0294738694351575,4659.83643231493
"Calder Reef (20-289)","I",52.3613199297244,-5.59538793563843,149.62031555,-20.7711544,NaN,NaN,NaN,NaN,NaN,NaN,NaN,NaN,NaN,NaN,670024.768,0.346510960261177,0.0560642546901611,6777.32064295872
"Scawfell Reef (No 1) (20-290a)","I",46.5949688069176,-9.9542121887207,149.61407471,-20.85461807,0.0914,4.47272,35.38243,0.52922,37.93297,0.11102,0.00895,0.06437,0.6326,"Marine National Park",693853.4178,0.346510960261177,0.0464362768143305,13340.8369442767
"Scawfell Reef (No 2) (20-290b)","I",43.9552483060583,-5.56677675247192,149.59085083,-20.86450386,NaN,NaN,NaN,NaN,NaN,NaN,NaN,NaN,NaN,NaN,453135.2236,0.346510960261177,0.0464362768143305,8405.91768239141
"Three Rocks Reef (20-291)","I",54.7654376456599,-15.0538005828857,149.7386322,-20.95089912,0.0686,4.48801,35.40075,0.38814,44.51178,0.13382,0.00478,0.03138,0.57757,"Habitat Protection",269544.8356,0.346510960261177,0.0409460893685493,2072.69111407237
"Square Reef (20-105)","M",104.705189823045,-4.89200353622437,149.81196594,-20.06409836,0.247700555555556,4.50136,35.3166997222222,0.453728333333333,6.35968333333333,0.138866944444444,0.00388,0.00508083333333333,0.0459361111111111,"Habitat Protection",43440922.71,0.246192390381773,0.0663245742155355,27474.8333647751
"Peta Patches (No 1) (20-106a)","M",118.761141588473,-8.48866653442383,149.94677734,-20.03615379,NaN,NaN,NaN,NaN,NaN,NaN,NaN,NaN,NaN,NaN,313659.1705,0.543880597014925,0.121194029850746,2646.36619270258
"Peta Patches (No 2) (20-106b)","M",118.417379122881,-15.5054092407227,149.94091797,-20.03160095,NaN,NaN,NaN,NaN,NaN,NaN,NaN,NaN,NaN,NaN,146266.8068,0.240740740740741,0,1707.08648803768
"Peta Patches (No 3) (20-106c)","M",118.830769168611,-4.08385324478149,149.94961548,-20.04051971,NaN,NaN,NaN,NaN,NaN,NaN,NaN,NaN,NaN,NaN,131135.58,0.468035543957771,0.0642950687737781,1375.38004319055
"Peta Patches (No 4) (20-106d)","M",119.522817715994,-2.08762693405151,149.95387268,-20.03426361,NaN,NaN,NaN,NaN,NaN,NaN,NaN,NaN,NaN,NaN,304852.9459,0.619485294117647,0.0716911764705882,2670.26192376976
"U/N Reef (20-107)","M",117.932399251772,-13.8274745941162,149.94828796,-20.05765152,NaN,NaN,NaN,NaN,NaN,NaN,NaN,NaN,NaN,NaN,273782.072,0.386301369863014,0.00171232876712329,2542.69006365119
"U/N Reef (20-108)","M",118.848659544888,-19.9194526672363,149.95959473,-20.06146622,NaN,NaN,NaN,NaN,NaN,NaN,NaN,NaN,NaN,NaN,299059.0778,0.0287051482059282,0,2717.99657969654
"U/N Reef (20-109)","M",116.338341090878,-20.6684951782227,149.93392944,-20.06256294,0.23,4.5,35.27,0.38,3.16,0.23,0.00388,0.00432,0.04641,"Marine National Park",1320134.769,0.13553918095508,0.0127532946011053,5298.36165615812
"U/N Reef (20-190)","O",187.082842289185,-28.6529006958008,150.85275269,-20.3475399,0.28233,4.5717375,35.35898,0.3511,4.9237675,0.025565,0.00388,0.00386,0.02165,"Habitat Protection",3698085.669,0.0686723514081121,0,11964.0237206293
"U/N Reef (20-191)","O",188.668576669276,-27.4466934204102,150.86195374,-20.33255577,0.26821,4.56268,35.346175,0.33003,4.704545,0.019035,0.00388,0.00386,0.02049,"Habitat Protection",1776098.723,0.0739320934607697,0,7476.1838456143
"U/N Reef (20-192)","O",159.442800255331,-12.3467264175415,150.58299255,-20.39775848,0.252328,4.570302,35.346664,0.345508,3.944118,0.08583,0.00388,0.004228,0.036052,"Habitat Protection",4982599.067,0.289812382739212,0.108048780487805,11077.5442007914
"U/N Reef (20-193)","O",162.466003486208,-4.23096323013306,150.61515808,-20.39672852,0.2500725,4.563905,35.3458325,0.33191,3.62932,0.088685,0.00388,0.00418,0.03511,"Habitat Protection",4746628.399,0.301670804271584,0.0306379792725697,9268.09902078852
"U/N Reef (20-194a)","O",168.042124272469,-16.3257064819336,150.68527222,-20.41614914,0.239718484848485,4.56914393939394,35.3483154545455,0.347601818181818,3.48897090909091,0.0577854545454545,0.00388,0.00406484848484848,0.0301745454545455,"Habitat Protection",39481023.76,0.190951321721044,0.0494955453061669,44822.872877703
"U/N Reef (20-194b)","O",171.969037678025,-8.31567287445068,150.722229,-20.40675163,NaN,NaN,NaN,NaN,NaN,NaN,NaN,NaN,NaN,NaN,222368.2727,0.469129247933837,0.0197130859995291,1878.51063626627
"Goldsmith Island Reef (No 3) (20-237c)","I",25.301204739275,-4.36530637741089,149.14228821,-20.69530296,NaN,NaN,NaN,NaN,NaN,NaN,NaN,NaN,NaN,NaN,70817.20465,0.346510960261177,0.0294738694351575,1438.1618824888
"Goldsmith Island Reef (No 4) (20-237d)","I",27.535285995065,-3.10200190544128,149.15925598,-20.68100166,0.12,4.38,35.37,0.68,13.18,0.07189,0.00825,0.37062,0.5288,"Marine National Park",346990.2804,0.346510960261177,0.0294738694351575,3750.59287827462
"Goldsmith Island Reef (No 5) (20-237e)","I",25.5171339201183,-4.65694284439087,149.13792419,-20.69109726,NaN,NaN,NaN,NaN,NaN,NaN,NaN,NaN,NaN,NaN,82545.89913,0.346510960261177,0.0294738694351575,1761.34752423555
"Goldsmith Island Reef (No 6) (20-237f)","I",28.2277824189363,-4.49690389633179,149.15113831,-20.6700058,NaN,NaN,NaN,NaN,NaN,NaN,NaN,NaN,NaN,NaN,219268.3787,0.346510960261177,0.0294738694351575,3023.85728295031
"U/N Reef (20-237g)","I",26.4871100756969,-9.28840065002441,149.1383667,-20.68164253,NaN,NaN,NaN,NaN,NaN,NaN,NaN,NaN,NaN,NaN,142815.8355,0.346510960261177,0.0294738694351575,1446.01055111276
"Derwent Reef (20-292)","I",58.4531244365067,3.51803469657898,149.78213501,-20.98659897,NaN,NaN,NaN,NaN,NaN,NaN,NaN,NaN,NaN,NaN,520816.3623,0.346510960261177,0.0409460893685493,5454.04151177276
"Skull Rock Reef (20-293)","I",60.0647943311729,-11.2653360366821,149.79806519,-20.98820686,NaN,NaN,NaN,NaN,NaN,NaN,NaN,NaN,NaN,NaN,81969.75759,0.346510960261177,0.0311214662234968,1035.17968345468
"(Little) Stevens Reef (20-294)","M",102.29945251665,-5.36133623123169,150.05186462,-20.56435394,0.207220833333333,4.54142625,35.31814375,0.339405416666667,13.8679595833333,0.0663175,0.00388,0.00657333333333333,0.143551666666667,"Habitat Protection",36057346.18,0.292365544924468,0.0467011565944518,28918.1032196738
"U/N Reef (20-110)","M",113.90966283674,-9.09640789031982,149.92608643,-20.10170746,NaN,NaN,NaN,NaN,NaN,NaN,NaN,NaN,NaN,NaN,327708.2835,0.344089091947459,0.111364934323244,2581.73829167643
"Edgell Reefs (No 2) (20-111)","M",122.281036722552,-21.0726432800293,149.99215698,-20.05456161,0.282324,4.535643,35.308292,0.44747,5.669259,0.095077,0.00388,0.004683,0.04067,"Marine National Park",13125826.12,0.0321034841764479,0.00927021977551806,27226.4236252871
"Edgell Reefs (No 5) (20-112)","M",113.834222466461,-7.57175874710083,149.93690491,-20.13447762,0.240060833333333,4.51602166666667,35.3166866666667,0.4604775,7.63708,0.145973333333333,0.00388,0.00539083333333333,0.0473508333333333,"Marine National Park",12538300.53,0.443219890013953,0.0476059007439355,22085.3085317254
"Ben Reef (20-113)","O",156.271822110352,-11.4736642837524,150.32034302,-20.0068779,0.2722,4.58596,35.29314,0.45395,3.40026,0.05032,0.00388,0.00422,0.02916,"Habitat Protection",751500.8152,0.567331670822943,0.0320448877805486,3349.23808662987
"U/N Reef (20-114)","O",150.549821224115,-13.1229372024536,150.26123047,-20.00705719,NaN,NaN,NaN,NaN,NaN,NaN,NaN,NaN,NaN,NaN,238474.8899,0.355345911949686,0,1888.65201269737
"U/N Reef (20-194c)","O",174.444274198106,-15.6572971343994,150.75178528,-20.4134388,0.245275,4.55692,35.354335,0.323625,3.383465,0.04331,0.00388,0.003885,0.0278,"Habitat Protection",1814802.983,0.467236760766536,0.0286420770657325,11102.343134303
"U/N Reef (20-195)","O",189.467835717818,-15.134220123291,150.91146851,-20.41843987,NaN,NaN,NaN,NaN,NaN,NaN,NaN,NaN,NaN,NaN,293492.5306,0.515373692351451,0.0206863043105603,2202.45342463941
"U/N Reef (20-196)","O",191.523254844171,1.51651358604431,150.93112183,-20.41461182,0.21,4.56,35.34,0.32,4.33,0.01,0.00388,0.00386,0.01982,"Marine National Park",784307.1063,0.515373692351451,0.0206863043105603,4562.08133393338
"U/N Reef (20-197)","O",170.487628414003,-12.4458169937134,150.72619629,-20.44673729,0.23481,4.56981,35.34928,0.3432825,3.66087,0.0486725,0.00388,0.0039925,0.0293875,"Habitat Protection",4712623.445,0.433004007459429,0.0274768876721025,14983.3625583955
"U/N Reef (20-511)","O",192.421212205524,-25.6631240844727,150.96466064,-20.5077076,0.23,4.53,35.36,0.28,4.03,0.02,0.00388,0.003875,0.02727,"Marine National Park",1617606.812,0.628860381912522,0.0207624078113213,8749.87195301102
"Silversmith Reef (20-238)","I",19.8547408424855,-7.45388269424438,149.11140442,-20.5873909,NaN,NaN,NaN,NaN,NaN,NaN,NaN,NaN,NaN,NaN,243410.8953,0.346510960261177,0.0294738694351575,3395.96774862149
"Pincer Reef (20-239)","I",24.0664741117298,-6.80931997299194,149.09741211,-20.6816349,NaN,NaN,NaN,NaN,NaN,NaN,NaN,NaN,NaN,NaN,94241.84217,0.346510960261177,0.0294738694351575,1216.90017283154
"Teague Reef (20-082)","I",24.4052940553069,-1.13904464244843,149.06893921,-20.30351448,NaN,NaN,NaN,NaN,NaN,NaN,NaN,NaN,NaN,NaN,222794.6003,0.346510960261177,0.0671875014731436,4548.65145147397
"Surprise Rock Reef (20-083)","I",18.001349990473,-19.2427215576172,149.02635193,-20.35513687,NaN,NaN,NaN,NaN,NaN,NaN,NaN,NaN,NaN,NaN,1326.566936,0.346510960261177,0.0671875014731436,50
"Little Bugatti (Wheatley) Reef (20-115)","O",147.970981489391,-10.3718271255493,150.24302673,-20.02637672,0.240299333333333,4.58280466666667,35.2715846666667,0.480905333333333,3.75876933333333,0.0436706666666667,0.00388,0.00416,0.03512,"Habitat Protection",15100543.6,0.318864857486754,0.110852597749072,16007.4722681984
"Edgell Reefs (No 1) (20-116)","M",125.760213138327,-1.99862957000732,150.01428223,-20.02371788,NaN,NaN,NaN,NaN,NaN,NaN,NaN,NaN,NaN,NaN,234322.7853,0.777334397446129,0.158818834796488,2060.53517078229
"Edgell Reefs (No 3) (20-117)","M",124.798647595516,-15.8910255432129,150.02389526,-20.06770706,0.260111538461538,4.53686384615385,35.2895676923077,0.440289230769231,5.40070230769231,0.0883076923076923,0.00388,0.00455692307692308,0.0407784615384615,"Marine National Park",16411503.32,0.102419911370675,0.0260755003222366,23115.8168895232
"U/N Reef (20-118)","O",168.163299522394,-17.6216888427734,150.42706299,-20.05322075,0.28177,4.56114,35.30361,0.40688,3.25058,0.1055,0.00388,0.00406,0.02518,"Habitat Protection",1556633.18,0.137315048718874,0,5238.23923246273
"U/N Reef (20-119)","O",164.871172021161,-9.77716636657715,150.41664124,-20.08670807,0.253685,4.5727525,35.288641,0.4021485,3.012669,0.1490185,0.00388,0.003988,0.028315,"Habitat Protection",20896732.63,0.390115997633433,0.0554171074098643,37235.5740012553
"Wup Reef (20-120)","M",140.310896744542,-9.06274890899658,150.1955719,-20.102314,0.28602,4.59439,35.32887,0.49083,4.13051,0.08457,0.00388,0.00394,0.03523,"Habitat Protection",2113832.161,0.403528212401933,0.0323123975001108,8103.35515062305
"U/N Reef (20-121)","O",163.364622196803,-7.53087282180786,150.3946228,-20.08385849,NaN,NaN,NaN,NaN,NaN,NaN,NaN,NaN,NaN,NaN,258317.386,0.278140885984023,0.218954248366013,2572.92738916757
"U/N Reef (20-122)","O",169.775655509661,-24.1947422027588,150.4666748,-20.07352638,NaN,NaN,NaN,NaN,NaN,NaN,NaN,NaN,NaN,NaN,82343.99916,0.19937039780371,0.0184723691366214,1161.22036176181
"U/N Reef (20-199)","O",180.885831615301,-9.9575891494751,150.84608459,-20.4727478,NaN,NaN,NaN,NaN,NaN,NaN,NaN,NaN,NaN,NaN,220203.5193,0.757451007589606,0.0260946788404965,2083.50994032575
"U/N Reef (20-200)","O",155.349805905144,-8.07538223266602,150.60098267,-20.51828766,0.257445428571429,4.60512942857143,35.3640147142857,0.369505714285714,5.41970571428571,0.034891,0.00388,0.00443771428571429,0.0377217142857143,"Habitat Protection",81249901.24,0.24526668146218,0.150822243406126,48376.9979440006
"U/N Reef (20-201)","O",167.906878694404,-6.33488798141479,150.71725464,-20.48584747,0.246,4.56457,35.36102,0.32376,5.43582,0.04887,0.00388,0.00398,0.03231,"Habitat Protection",1551659.956,0.579232995658466,0.0192957067052581,4688.76412571714
"U/N Reef (20-202)","O",178.336596305626,-5.63962936401367,150.82945251,-20.49589348,NaN,NaN,NaN,NaN,NaN,NaN,NaN,NaN,NaN,NaN,738240.8763,0.794904297122576,0.0162251235898086,3986.84801855034
"Defiance (Dalys) Island Reef (20-203)","I",0.735040602397203,0.358660399913788,148.81898499,-20.50341606,NaN,NaN,NaN,NaN,NaN,NaN,NaN,NaN,NaN,NaN,74954.63418,0.346510960261177,0.0308458562823141,2625.71349086126
"Defiance Reefs (North) (20-204a)","I",1.94267083610401,-4.40489673614502,148.80897522,-20.5093708,NaN,NaN,NaN,NaN,NaN,NaN,NaN,NaN,NaN,NaN,21716.91168,0.346510960261177,0.0308458562823141,505.506773149275
"Anchorsmith Reef (20-241)","I",16.7368767043894,-6.07000064849854,149.06381226,-20.61575127,NaN,NaN,NaN,NaN,NaN,NaN,NaN,NaN,NaN,NaN,81049.44631,0.346510960261177,0.0294738694351575,1848.8134940033
"Blackcombe Reef (20-242)","I",27.7543332430407,-11.8392028808594,149.18630981,-20.60095024,NaN,NaN,NaN,NaN,NaN,NaN,NaN,NaN,NaN,NaN,253585.7169,0.346510960261177,0.0294738694351575,1869.25686653339
"Anvil Reef (20-243)","I",18.1098239864244,-6.81002473831177,149.07249451,-20.62575722,NaN,NaN,NaN,NaN,NaN,NaN,NaN,NaN,NaN,NaN,43462.32959,0.346510960261177,0.0294738694351575,946.083817312425
"Carondelet Reef (20-244)","I",27.7888909025528,-28.2061500549316,149.18162537,-20.61571884,NaN,NaN,NaN,NaN,NaN,NaN,NaN,NaN,NaN,NaN,130939.2219,0.346510960261177,0.0294738694351575,1356.9947474686
"Pentecost Reef (20-085)","I",15.1046138468833,-3.89953947067261,149.02851868,-20.39909172,NaN,NaN,NaN,NaN,NaN,NaN,NaN,NaN,NaN,NaN,300813.4519,0.346510960261177,0.0671875014731436,7579.90542361112
"U/N Reef (20-123)","O",168.185404179478,-30.0473518371582,150.45010376,-20.07737732,NaN,NaN,NaN,NaN,NaN,NaN,NaN,NaN,NaN,NaN,192032.5023,0.19937039780371,0.0184723691366214,1603.73446778485
"U/N Reef (20-124)","O",169.900187046918,-31.5116996765137,150.48168945,-20.08843803,NaN,NaN,NaN,NaN,NaN,NaN,NaN,NaN,NaN,NaN,127999.3461,0.326770870866919,0.0316852925246448,1514.41456845085
"U/N Reef (20-125)","O",163.198586329868,-4.304847240448,150.42700195,-20.12101555,0.2435175,4.58013,35.2877325,0.4070625,2.78597,0.16336,0.00388,0.00386,0.03089,"Habitat Protection",5435218.479,0.452881566248449,0.03963877016407,10358.4663929342
"U/N Reef (20-126)","O",157.80986660412,-10.7559242248535,150.3855896,-20.15007591,0.262058333333333,4.57134777777778,35.3031288888889,0.400661111111111,3.31545388888889,0.116225555555556,0.00388,0.00386,0.0380844444444444,"Habitat Protection",23795864.82,0.198021282036152,0.0839755315591747,25331.7095324678
"Bugatti Reef (20-127)","O",152.300028869079,-11.2427082061768,150.31651306,-20.10089111,0.2513844,4.5748516,35.2944752,0.440282,3.3186168,0.0541308,0.00388,0.0040288,0.0356,"Habitat Protection",29558823.97,0.255277763698109,0.061901262101475,30629.759295216
"Callum Shoal (20-1271)","M",70.2471445996322,-63.0442657470703,149.48223877,-20.14398956,NaN,NaN,NaN,NaN,NaN,NaN,NaN,NaN,NaN,NaN,18210283,0.346510960261177,0.0361148637008534,15328.3955771485
"Defiance Reefs (South) (20-204b)","I",2.33404570832195,-3.9990918636322,148.8079834,-20.51429367,NaN,NaN,NaN,NaN,NaN,NaN,NaN,NaN,NaN,NaN,49199.99576,0.346510960261177,0.0308458562823141,995.232195470582
"U/N Reef (20-205)","I",0.151716427926394,4.26777839660645,148.92861938,-20.52831459,NaN,NaN,NaN,NaN,NaN,NaN,NaN,NaN,NaN,NaN,114653.2515,0.346510960261177,0.0308458562823141,3552.24775981825
"Ripple Rocks Reef (20-206)","I",0.794517612925254,-5.0226788520813,148.9360199,-20.52799606,NaN,NaN,NaN,NaN,NaN,NaN,NaN,NaN,NaN,NaN,20486.57053,0.346510960261177,0.0308458562823141,856.5378464732
"Blacksmith Reef (20-245)","I",19.2691024551362,-4.04373645782471,149.07106018,-20.64455032,NaN,NaN,NaN,NaN,NaN,NaN,NaN,NaN,NaN,NaN,61968.3039,0.346510960261177,0.0294738694351575,1329.89258380824
"Hammer Reef (20-246)","I",18.6593169416311,-5.7053861618042,149.0617981,-20.64608002,NaN,NaN,NaN,NaN,NaN,NaN,NaN,NaN,NaN,NaN,132620.3364,0.346510960261177,0.0294738694351575,3561.29515162976
"Cole Island Reef (20-086)","I",11.7714025348759,-6.4660816192627,149.00692749,-20.42291832,NaN,NaN,NaN,NaN,NaN,NaN,NaN,NaN,NaN,NaN,213720.2645,0.346510960261177,0.0671875014731436,2424.57026119383
"Edgell Reefs (No 4) (20-128)","M",121.454062186974,-10.5513505935669,150.00967407,-20.12045288,0.251898,4.528284,35.3034535,0.432346,6.342573,0.0954545,0.00388,0.0047385,0.0447935,"Marine National Park",25660887.55,0.109233647040806,0.0489886853821555,29927.827092759
"Henderson Reefs (20-129)","M",125.001674591591,-12.2641382217407,150.07229614,-20.18974113,0.238123980582524,4.53961533980583,35.3132719417476,0.457929320388349,7.20128883495146,0.122566796116505,0.00388,0.00459116504854369,0.0417931067961165,"Marine National Park",116492724.6,0.143090921938435,0.0324777416619559,92922.7674665162
"U/N Reef (20-130)","O",154.768268263376,-11.085841178894,150.36907959,-20.17415047,0.26124,4.57676,35.30227,0.406205,3.04763,0.095785,0.00388,0.00386,0.03898,"Habitat Protection",1930092.891,0.345322346097916,0.109694619486185,6052.54527765237
"U/N Reef (20-131)","O",163.290172466346,-4.90549612045288,150.4460144,-20.14126396,0.238913333333333,4.57994666666667,35.28517,0.396758333333333,2.695805,0.138788333333333,0.00388,0.00386,0.0332016666666667,"Habitat Protection",12837469.82,0.359491473501481,0.0376872693323219,15488.1699037354
"Cape Rock Reef (20-207)","I",1.11996514655889,-15.0783596038818,148.92578125,-20.54163551,NaN,NaN,NaN,NaN,NaN,NaN,NaN,NaN,NaN,NaN,5748.539027,0.346510960261177,0.0308458562823141,270.655594658273
"North Repulse Reef (20-208)","I",5.42923234612028,-5.21966314315796,148.86227417,-20.58167458,NaN,NaN,NaN,NaN,NaN,NaN,NaN,NaN,NaN,NaN,117786.8137,0.346510960261177,0.0308458562823141,4154.14246373944
"Ladysmith Reef (20-247)","I",21.9304736508046,-6.22195720672607,149.08822632,-20.66256714,NaN,NaN,NaN,NaN,NaN,NaN,NaN,NaN,NaN,NaN,16630.84318,0.346510960261177,0.0294738694351575,809.484208724705
"Locksmith Reef (20-248)","I",26.8695250241751,-9.77258396148682,149.15402222,-20.65238762,NaN,NaN,NaN,NaN,NaN,NaN,NaN,NaN,NaN,NaN,18187.00001,0.346510960261177,0.0294738694351575,1259.23028180427
"Geranium Shoal (20-249)","I",33.3768830318147,-17.9156532287598,149.22662354,-20.64629173,NaN,NaN,NaN,NaN,NaN,NaN,NaN,NaN,NaN,NaN,206685.1683,0.346510960261177,0.0440029248049047,1695.78072771053
"Bellows Reef (20-250)","I",20.685623295516,-14.0737180709839,149.07073975,-20.66367722,NaN,NaN,NaN,NaN,NaN,NaN,NaN,NaN,NaN,NaN,12224.02445,0.346510960261177,0.0294738694351575,435.614320045093
"Forge Reef (20-251)","I",23.2629049146357,-17.6435413360596,149.09495544,-20.67349815,NaN,NaN,NaN,NaN,NaN,NaN,NaN,NaN,NaN,NaN,426613.8193,0.346510960261177,0.0294738694351575,2482.28148557231
"Farrier Reef (20-252)","I",27.1605415056692,-2.66983985900879,149.14103699,-20.67612839,NaN,NaN,NaN,NaN,NaN,NaN,NaN,NaN,NaN,NaN,74067.63337,0.346510960261177,0.0294738694351575,1521.60952705022
"Anne Island Reef (20-087)","I",12.7085341750574,-6.99586963653564,149.0161438,-20.42101097,NaN,NaN,NaN,NaN,NaN,NaN,NaN,NaN,NaN,NaN,48036.98545,0.346510960261177,0.0671875014731436,1225.25823180605
"Jester Reef (20-088)","I",32.023577285881,-47.387996673584,149.07202148,-20.14357948,NaN,NaN,NaN,NaN,NaN,NaN,NaN,NaN,NaN,NaN,11615.46443,0.346510960261177,0.0671875014731436,331.295424742695
"U/N Reef (20-132)","O",161.890018139156,-7.01302289962769,150.47200012,-20.19290543,0.247025348837209,4.5818376744186,35.3069404651163,0.411122325581395,3.44905093023256,0.0771981395348837,0.00388,0.00386,0.0358060465116279,"Habitat Protection",52094221.63,0.373795269478723,0.061966810168249,35261.9010170974
"East Repulse Reef (20-209)","I",6.41806319998926,-4.46266937255859,148.8772583,-20.59887123,NaN,NaN,NaN,NaN,NaN,NaN,NaN,NaN,NaN,NaN,359669.6495,0.346510960261177,0.0308458562823141,5435.84136478575
"South Repulse Reef (20-210)","I",8.12438786472547,-2.48594045639038,148.86727905,-20.6115799,NaN,NaN,NaN,NaN,NaN,NaN,NaN,NaN,NaN,NaN,421813.2685,0.346510960261177,0.0308458562823141,6981.00548568051
"U/N Reef (20-211)","I",0.655130585237557,-4.01161432266235,148.72213745,-20.62801933,0.13,4.4,35.25,0.94,37.14,0.00162,0.40959,0.49855,0.03628,"General Use",654248.7401,0.346510960261177,0.0308458562823141,3089.55940208131
"U/N Reef (20-212)","I",0.259105387482802,-2.91751456260681,148.73126221,-20.64644432,NaN,NaN,NaN,NaN,NaN,NaN,NaN,NaN,NaN,NaN,139139.461,0.346510960261177,0.0308458562823141,1887.96435142322
"Gould Island Reef (20-213)","I",3.70500207254342,-1.6301531791687,148.76011658,-20.67201614,NaN,NaN,NaN,NaN,NaN,NaN,NaN,NaN,NaN,NaN,172084.9772,0.346510960261177,0.0308458562823141,1827.71732668848
"Linne Island Reef (No 1) (20-253a)","I",29.5883373677966,-7.10383892059326,149.18939209,-20.6765728,NaN,NaN,NaN,NaN,NaN,NaN,NaN,NaN,NaN,NaN,120310.7847,0.346510960261177,0.0294738694351575,1841.46478795609
"Linne Island Reef (No 2) (20-253b)","I",28.2336145924985,-5.59115266799927,149.18531799,-20.68871498,NaN,NaN,NaN,NaN,NaN,NaN,NaN,NaN,NaN,NaN,116978.0666,0.346510960261177,0.0294738694351575,2266.00508588595
"Linne Island Reef (No 3) (20-253c)","I",28.6526892466717,-3.48544025421143,149.18222046,-20.68222618,NaN,NaN,NaN,NaN,NaN,NaN,NaN,NaN,NaN,NaN,110328.2313,0.346510960261177,0.0294738694351575,1390.91610600749
"Linne Island Reef (No 4) (20-253d)","I",28.892914598793,-1.81414401531219,149.17678833,-20.67643547,NaN,NaN,NaN,NaN,NaN,NaN,NaN,NaN,NaN,NaN,82280.9876,0.346510960261177,0.0294738694351575,1255.12668959826
"Deloraine Reef (20-089)","I",31.3196629541123,-7.57317543029785,149.07093811,-20.1554451,NaN,NaN,NaN,NaN,NaN,NaN,NaN,NaN,NaN,NaN,472831.842,0.346510960261177,0.0671875014731436,4005.61164453514
"Hunt Reef (20-134)","M",125.031090778217,-3.75667548179626,150.10327148,-20.29578018,0.231919666666667,4.53708233333333,35.3240976666667,0.414325333333333,12.108915,0.149120333333333,0.00388,0.00528033333333333,0.046181,"Marine National Park",36624974.28,0.218059987236758,0.0462616464582004,30960.9111270277
"Robertson Reefs (No 1) (20-135)","M",123.818596497217,-6.08815288543701,150.1325531,-20.3427887,0.22269625,4.53826,35.311085,0.37607875,14.07762625,0.14819125,0.00388,0.004945,0.046245,"Preservation",9186047.167,0.199090650174953,0.105561884612255,14319.9591077262
"Robertson Reefs (No 2) (20-136)","M",118.233958000094,-5.26776933670044,150.06768799,-20.34972763,0.215,4.53,35.305,0.395,18.045,0.12405,0.00388,0.005545,0.048745,"Marine National Park",6307080.825,0.257158724547037,0.0686868429190097,10598.0478163511
"Midge Reef (20-214)","I",2.79843056310784,-3.93412256240845,148.75862122,-20.68675995,NaN,NaN,NaN,NaN,NaN,NaN,NaN,NaN,NaN,NaN,181520.5512,0.346510960261177,0.0308458562823141,1783.18333265495
"U/N Reef (20-215)","I",0.853788336592668,-3.55658650398254,148.74020386,-20.69613647,NaN,NaN,NaN,NaN,NaN,NaN,NaN,NaN,NaN,NaN,258830.4427,0.346510960261177,0.0308458562823141,1993.99261254525
"U/N Reef (20-216)","I",0.520382423484347,-0.945200562477112,148.77799988,-20.72959518,0.07154,4.40298,35.36774,0.80404,33.51609,0.06584,0.05738,0.77551,0.08681,"Marine National Park",272880.0095,0.346510960261177,0.0308458562823141,2080.78767320279
"U/N Reef (20-217)","I",1.59697204347699,-5.0607385635376,148.79269409,-20.75107956,NaN,NaN,NaN,NaN,NaN,NaN,NaN,NaN,NaN,NaN,264316.57,0.346510960261177,0.0308458562823141,1887.78083829823
"U/N Reef (20-218)","I",0.30831427877036,-0.900871276855469,148.79478455,-20.76698875,NaN,NaN,NaN,NaN,NaN,NaN,NaN,NaN,NaN,NaN,458689.4604,0.346510960261177,0.0308458562823141,3574.67161605361
"Cave Reef (20-219a)","I",2.49443190416761,-4.68235111236572,148.854599,-20.78241348,NaN,NaN,NaN,NaN,NaN,NaN,NaN,NaN,NaN,NaN,35775.0572,0.346510960261177,0.0308458562823141,1101.70038119768
"Tinsmith Reef (20-254)","I",28.2499491462536,-5.43006038665771,149.20103455,-20.6994648,NaN,NaN,NaN,NaN,NaN,NaN,NaN,NaN,NaN,NaN,299693.9074,0.346510960261177,0.0294738694351575,3721.00684443879
"Solder Reef (20-255)","I",28.7127793356448,-6.72379350662231,149.20654297,-20.69828606,NaN,NaN,NaN,NaN,NaN,NaN,NaN,NaN,NaN,NaN,98440.02496,0.346510960261177,0.0294738694351575,2058.65395624263
"U/N Reef (20-257a)","I",24.1812368392591,-7.59039163589478,149.14151001,-20.70630074,NaN,NaN,NaN,NaN,NaN,NaN,NaN,NaN,NaN,NaN,48479.0322,0.346510960261177,0.0294738694351575,799.531744930167
"Lindeman Island Reef (No 1) (20-090a)","I",13.642832291034,-3.98934316635132,149.03153992,-20.43171692,NaN,NaN,NaN,NaN,NaN,NaN,NaN,NaN,NaN,NaN,727217.5352,0.346510960261177,0.0671875014731436,5493.60482838313
"Lindeman Island Reef (No 2) (20-090b)","I",12.8694365234065,-3.78484916687012,149.02880859,-20.4457798,NaN,NaN,NaN,NaN,NaN,NaN,NaN,NaN,NaN,NaN,170518.0167,0.346510960261177,0.0671875014731436,2430.68523328582
"Lindeman Island Reef (No 3) (20-090c)","I",14.9857225092051,-3.71822261810303,149.05099487,-20.45573807,0.09153,4.40146,35.36922,0.51956,40.21006,0.04889,0.01544,0.55815,0.3572,"Conservation Park",548014.3039,0.346510960261177,0.0400284898355708,8410.70787140321
"Lindeman Island Reef (No 4) (20-090d)","I",14.5229196969968,-4.75581502914429,149.0423584,-20.43645477,NaN,NaN,NaN,NaN,NaN,NaN,NaN,NaN,NaN,NaN,203084.9482,0.346510960261177,0.0671875014731436,2847.99329588844
"Robertson Reefs (No 3) (20-137)","M",120.502313527557,-2.16356730461121,150.09606934,-20.34886932,0.214965,4.54599,35.31966,0.45657,16.7257,0.119645,0.00388,0.00532,0.04881,"Marine National Park",3271844.244,0.3543255362294,0.0542369976865736,7477.58580181547
"Bax Reef (20-138)","M",129.128296615153,-4.84067583084106,150.19795227,-20.34207344,0.2340296,4.5495986,35.3185694,0.3765878,7.802481,0.2567438,0.00388,0.0043556,0.0427158,"Marine National Park",62260649.44,0.140171327684464,0.0741083814247882,39386.1781112998
"Robertson Reefs (No 4) (20-139)","M",117.280075377762,-12.9131841659546,150.07333374,-20.36850166,0.2326,4.53609,35.36032,0.42574,17.44631,0.12459,0.00388,0.00577,0.04868,"Marine National Park",381463.8445,0.246853658887152,0.0727971917089916,2515.77713726197
"Nixon Reef (20-140)","M",119.098863796873,-20.8891448974609,150.12530518,-20.40136719,0.230815,4.5483,35.371185,0.425685,16.049965,0.131185,0.00388,0.004895,0.04806,"Marine National Park",1380682.402,0.187144790257104,0.0585926928281461,5629.59054918311
"U/N Reef (20-141)","M",125.049128653416,-19.2764301300049,150.20149231,-20.40709114,0.21,4.55,35.3,0.33,9.1,0.27,0.00388,0.00414,0.04412,"Marine National Park",616866.2207,0.0230024213075061,0.0220944309927361,3015.72558542129
"Pigeon Reef (20-219b)","I",2.07323667876906,-2.34768009185791,148.84622192,-20.7902813,NaN,NaN,NaN,NaN,NaN,NaN,NaN,NaN,NaN,NaN,4000133.512,0.346510960261177,0.0308458562823141,18154.6941736996
"High Islands Reef (North) (20-220)","I",5.38009794465544,-5.71669006347656,148.8795929,-20.79493523,NaN,NaN,NaN,NaN,NaN,NaN,NaN,NaN,NaN,NaN,141850.0038,0.346510960261177,0.0308458562823141,1556.63151376706
"Ingot Island Reef (20-257b)","I",23.6729958222974,-3.48369574546814,149.13955688,-20.71051025,NaN,NaN,NaN,NaN,NaN,NaN,NaN,NaN,NaN,NaN,154320.8867,0.346510960261177,0.0294738694351575,1989.36906341299
"Specie Shoal (20-258)","I",23.2822901715717,-12.7552003860474,149.15490723,-20.72322655,NaN,NaN,NaN,NaN,NaN,NaN,NaN,NaN,NaN,NaN,152528.8197,0.346510960261177,0.0294738694351575,1486.63898965614
"Io Reef (20-259)","I",24.8158475109884,-13.422251701355,149.12745667,-20.6935215,NaN,NaN,NaN,NaN,NaN,NaN,NaN,NaN,NaN,NaN,9971.204047,0.346510960261177,0.0294738694351575,338.969011995639
"Bullion Rocks Reef (20-260)","I",21.4706609873252,-5.25374698638916,149.14888,-20.73909187,0.05607,4.4302,35.42054,0.66446,17.13859,0.07446,0.01025,0.3744,0.53523,"Habitat Protection",115488.2328,0.346510960261177,0.0294738694351575,3118.31769884379
"Coffin Reef (20-261)","I",27.8470250928994,-6.17609071731567,149.23240662,-20.73248672,NaN,NaN,NaN,NaN,NaN,NaN,NaN,NaN,NaN,NaN,98709.65947,0.346510960261177,0.0294738694351575,1254.75025226988
"Lindeman Island Reef (No 5) (20-090e)","I",15.8023470128079,-7.16828012466431,149.05807495,-20.44671249,NaN,NaN,NaN,NaN,NaN,NaN,NaN,NaN,NaN,NaN,138889.7537,0.346510960261177,0.0400284898355708,3101.04120638212
"Baynham Reef (20-091)","I",20.7212330339264,1.86869943141937,149.10198975,-20.43533134,NaN,NaN,NaN,NaN,NaN,NaN,NaN,NaN,NaN,NaN,36184.95015,0.346510960261177,0.0400284898355708,1598.84980218622
"Sidney Reef (20-092)","I",10.8966368051918,-1.90947091579437,149.01005554,-20.44887733,NaN,NaN,NaN,NaN,NaN,NaN,NaN,NaN,NaN,NaN,9132.967848,0.346510960261177,0.0671875014731436,602.886077456146
"U/N Reef (20-142)","M",128.352893432296,-4.04440450668335,150.23667908,-20.40214539,0.225945,4.56584,35.32223,0.40186,5.629645,0.230435,0.00388,0.00421,0.04159,"Marine National Park",2176224.516,0.385454701662443,0.075819408050174,5931.47072471915
"U/N Reef (20-143)","M",125.94723194929,-5.16444873809814,150.24058533,-20.44607544,0.233425,4.570495,35.328055,0.367615,5.29119,0.108695,0.00388,0.00416,0.04422,"Habitat Protection",1412431.132,0.347610549276224,0.0949170467314429,5374.36703686488
"Cannan Reef (20-144)","M",116.061309855707,-10.8163290023804,150.15145874,-20.48106194,0.23223,4.54137,35.333035,0.335085,15.02226,0.091295,0.00388,0.00421,0.04895,"Habitat Protection",2175150.538,0.195855500257422,0.0268577312510726,6260.97420371562
"Packer Reefs (20-145)","M",121.006017314009,-12.9283857345581,150.20411682,-20.47503471,0.227385,4.567395,35.33234,0.392485,7.28786,0.093675,0.00388,0.00417,0.04932,"Habitat Protection",2799328.727,0.13861551292744,0.0507089241034195,6671.0041224519
"Boulton Reef (20-146)","M",129.058279276465,-4.5120325088501,150.2905426,-20.46800613,0.23306,4.569344,35.322691,0.358028,3.601598,0.10606,0.00388,0.004394,0.043284,"Habitat Protection",20654216.14,0.184510539001768,0.0724502670362817,22061.5378953279
"U/N Reef (20-147)","O",179.264008028417,-12.1157922744751,150.54693604,-20.03048134,0.33347,4.28719,35.42792,0.24341,3.21675,0.06812,0.00388,0.00386,0.01255,"Marine National Park",681517.9153,0.30646492434663,0,3654.65748582486
"High Islands Reef (South) (20-221)","I",5.0396196240271,-4.80481195449829,148.87231445,-20.80475426,NaN,NaN,NaN,NaN,NaN,NaN,NaN,NaN,NaN,NaN,337335.3138,0.346510960261177,0.0308458562823141,2187.98654363979
"Carpet Snake Reef (20-222)","I",1.98926357862316,-0.946821272373199,148.84204102,-20.82444191,NaN,NaN,NaN,NaN,NaN,NaN,NaN,NaN,NaN,NaN,401960.6589,0.346510960261177,0.0308458562823141,2569.59081481542
"Low Rock Reef (20-223)","I",3.2858773552479,-4.06699228286743,148.88117981,-20.82216644,NaN,NaN,NaN,NaN,NaN,NaN,NaN,NaN,NaN,NaN,137666.1584,0.346510960261177,0.0308458562823141,1345.44647975841
"Croaker Reef (20-224)","I",4.10223002778972,-6.60042905807495,148.9004364,-20.82066154,NaN,NaN,NaN,NaN,NaN,NaN,NaN,NaN,NaN,NaN,340130.333,0.346510960261177,0.0308458562823141,2107.92838615119
"Wigton Island Reef (No 1) (20-262a)","I",43.8531992193133,-3.02585864067078,149.46981812,-20.74207306,0.07602,4.42835,35.39743,0.43242,31.80886,0.09035,0.00695,0.07219,0.60726,"Habitat Protection",538640.3605,0.346510960261177,0.0560642546901611,4174.4101991008
"Wigton Island Reef (No 2) (20-262b)","I",44.9185000518378,-12.8392925262451,149.48461914,-20.74032211,NaN,NaN,NaN,NaN,NaN,NaN,NaN,NaN,NaN,NaN,256783.5344,0.346510960261177,0.0560642546901611,2155.80860880591
"Silloth Reef (20-263)","I",39.6239560593503,-16.6472110748291,149.43582153,-20.76638222,0.05,4.38,35.4,0.39,34.01,0.09,0.00685,0.0754,0.65225,"Habitat Protection",707501.1026,0.346510960261177,0.0560642546901611,3405.89176354108
"Allonby Reef (20-264)","I",21.1072903036136,-5.87638759613037,149.16169739,-20.7523632,NaN,NaN,NaN,NaN,NaN,NaN,NaN,NaN,NaN,NaN,241433.1958,0.346510960261177,0.0294738694351575,2600.0272104712
"Comston Reef (20-093)","I",19.8125463777631,-4.8062744140625,149.10635376,-20.46368217,NaN,NaN,NaN,NaN,NaN,NaN,NaN,NaN,NaN,NaN,102783.6619,0.346510960261177,0.0400284898355708,3674.45919588667
"U/N Reef (20-148)","O",173.10901644486,-32.813159942627,150.50775146,-20.07274246,0.21,4.62,35.26,0.51,1.92,0.14,0.00388,0.00386,0.01995,"Marine National Park",575732.7697,0.121627374842489,0,2918.66268266223
"U/N Reef (20-149)","O",171.906720891874,-33.4281997680664,150.50328064,-20.08463478,NaN,NaN,NaN,NaN,NaN,NaN,NaN,NaN,NaN,NaN,363863.6303,0.227844004623511,0.012562423110774,2857.2501811502
"U/N Reef (20-150)","O",180.622350414626,-14.607705116272,150.59725952,-20.06940842,NaN,NaN,NaN,NaN,NaN,NaN,NaN,NaN,NaN,NaN,109527.8815,0.0385182805102109,0,1362.71403998101
"U/N Reef (20-151)","O",176.695951147731,-54.4884262084961,150.55441284,-20.07543945,NaN,NaN,NaN,NaN,NaN,NaN,NaN,NaN,NaN,NaN,135962.3492,0.121627374842489,0,1359.56332144783
"U/N Reef (20-152)","O",182.708840941525,-13.4189071655273,150.63119507,-20.08014488,0.30569,4.28957,35.41257,0.26452,3.59759,0.05756,0.00388,0.00386,0.01285,"Marine National Park",315766.9553,0.0377190377190377,0,2715.43127876075
"U/N Reef (20-153)","O",171.910410856113,-55.8348922729492,150.51235962,-20.09500122,0.27593,4.55196,35.31754,0.38597,3.32527,0.10095,0.00388,0.00386,0.02302,"Marine National Park",367354.8043,0.128375504406577,0,2814.5766108158
"U/N Reef (20-154)","O",169.840997686709,-32.9888954162598,150.49714661,-20.10693741,NaN,NaN,NaN,NaN,NaN,NaN,NaN,NaN,NaN,NaN,375118.765,0.291153004200203,0.0257753464987973,2383.1164541006
"U/N Reef (20-155)","O",176.694271879345,-30.5219230651855,150.5774231,-20.10307503,0.31538,4.52738,35.33937,0.36567,3.55473,0.06552,0.00388,0.00386,0.02405,"Marine National Park",1604162.859,0.017575616022422,0,4941.63507415529
"U/N Reef (20-156)","O",180.838780833083,-36.4087562561035,150.64422607,-20.12529755,0.2346125,4.5764775,35.301335,0.37424,3.644905,0.05439,0.00388,0.00386,0.01303,"Marine National Park",4375667.709,0.216551743395009,0,9156.96321099708
"U/N Reef (20-157)","O",183.822177468065,-17.9248790740967,150.69058228,-20.14086533,0.53,4.61,35.33,0.33,3.93,0.06,0.00388,0.00386,0.01099,"Marine National Park",169212.4962,0.216793349416961,0,1541.7064439394
"U/N Reef (20-158)","O",168.03250584584,-19.9350109100342,150.52101135,-20.1621685,0.28303,4.59107,35.32657,0.40915,3.76974,0.07504,0.00388,0.00386,0.02998,"Marine National Park",165092.9336,0.0610859728506787,0,1477.85279843487
"U/N Reef (20-159)","O",186.263605629342,-15.6957378387451,150.73529053,-20.16459656,NaN,NaN,NaN,NaN,NaN,NaN,NaN,NaN,NaN,NaN,259932.0931,0.417600845588641,0,2034.8025519623
"U/N Reef (20-160)","O",179.494230509827,-11.719898223877,150.65863037,-20.16599655,NaN,NaN,NaN,NaN,NaN,NaN,NaN,NaN,NaN,NaN,316292.6918,0.595435684647303,0,2076.61606582948
"Rabbit Reef (20-225)","I",3.20181774131977,-4.14792108535767,148.8966217,-20.82802773,NaN,NaN,NaN,NaN,NaN,NaN,NaN,NaN,NaN,NaN,244012.2154,0.346510960261177,0.0308458562823141,3149.42852736671
"Fish Reef (20-226)","I",4.60782048324181,-5.64281463623047,148.92710876,-20.84161949,NaN,NaN,NaN,NaN,NaN,NaN,NaN,NaN,NaN,NaN,202156.107,0.346510960261177,0.0308458562823141,2400.02204708705
"Maryport Reef (20-266)","I",29.8821681712204,-8.47609901428223,149.27145386,-20.75952339,NaN,NaN,NaN,NaN,NaN,NaN,NaN,NaN,NaN,NaN,48536.63221,0.346510960261177,0.0560642546901611,1079.58347382771
"Edgell Rock Reef (20-267)","I",29.3369771809562,-10.3767395019531,149.27059937,-20.76460838,NaN,NaN,NaN,NaN,NaN,NaN,NaN,NaN,NaN,NaN,35915.90061,0.346510960261177,0.0440029248049047,815.768845750271
"Baxendell Shoal (20-268)","I",27.9617062643193,-13.6864938735962,149.25952148,-20.77329445,0.0588233333333333,4.42974666666667,35.40616,0.69119,17.4996566666667,0.0888433333333333,0.01395,0.26762,0.59306,"Conservation Park",730666.4247,0.346510960261177,0.0440029248049047,7113.79620646134
"Cockermouth Reef (20-269)","I",35.9265995815459,-10.3603763580322,149.39753723,-20.77874756,0.066,4.42592,35.4143,0.49169,27.92363,0.09316,0.00648,0.12028,0.66034,"Habitat Protection",1876294.888,0.346510960261177,0.0560642546901611,8699.046199455
"Seaforth Reef (20-095)","I",12.8262168752799,-1.61692917346954,149.03579712,-20.46988106,NaN,NaN,NaN,NaN,NaN,NaN,NaN,NaN,NaN,NaN,159396.2143,0.346510960261177,0.0453058000357774,2755.47397565378
"Mansell Reef (20-096)","I",21.504975135426,-8.18661499023438,149.12617493,-20.47132492,NaN,NaN,NaN,NaN,NaN,NaN,NaN,NaN,NaN,NaN,291701.6644,0.346510960261177,0.0400284898355708,8629.50849161567
"U/N Reef (20-161)","O",168.076436935718,-22.8929405212402,150.53547668,-20.17991257,NaN,NaN,NaN,NaN,NaN,NaN,NaN,NaN,NaN,NaN,415157.2941,0.149604519774011,0,4266.55061842178
"U/N Reef (20-162)","O",175.165301854179,-25.8224430084229,150.62620544,-20.19049072,NaN,NaN,NaN,NaN,NaN,NaN,NaN,NaN,NaN,NaN,157202.6459,0.427952438952632,0,1587.84645625941
"U/N Reef (20-163)","O",168.869083607757,-26.7318420410156,150.56065369,-20.20084381,0.21,4.61,35.3,0.5,3.38,0.02,0.00388,0.00386,0.02781,"Marine National Park",1344966.387,0.226244343891403,0,5885.55105058077
"U/N Reef (20-164)","O",175.751699332762,-34.3352241516113,150.6434021,-20.20532227,NaN,NaN,NaN,NaN,NaN,NaN,NaN,NaN,NaN,NaN,166355.5492,0.386685527329683,0,1493.81049180201
"U/N Reef (20-165)","O",181.727410818569,-22.7833786010742,150.71035767,-20.20387077,0.26152,4.57961,35.34214,0.36205,4.8228,0.04802,0.00388,0.00386,0.01406,"Marine National Park",1669231.149,0.417600845588641,0,7196.92324842393
"U/N Reef (20-166)","O",166.259757124189,-23.8672199249268,150.54788208,-20.22480011,0.2325075,4.58289,35.309035,0.4005775,3.8237175,0.0274725,0.00388,0.00386,0.030025,"Habitat Protection",4324077.698,0.127388810734769,0,11273.5038369774
"Mausoleum Reef (20-227)","I",2.11199989561254,-3.35818219184875,148.93980408,-20.86069298,NaN,NaN,NaN,NaN,NaN,NaN,NaN,NaN,NaN,NaN,143385.5608,0.346510960261177,0.0308458562823141,3913.38493155836
"Newry Reef (20-228)","I",3.58869233470189,-5.05737829208374,148.91867065,-20.84611511,NaN,NaN,NaN,NaN,NaN,NaN,NaN,NaN,NaN,NaN,87547.20927,0.346510960261177,0.0308458562823141,1215.16717754171
"Carlisle Reef (20-270a)","I",26.3975179933709,-3.22664451599121,149.28140259,-20.8011837,0.0609233333333333,4.43054333333333,35.43405,0.601273333333333,18.1535033333333,0.0928333333333333,0.01703,0.252306666666667,0.618146666666667,"Conservation Park",3276421.095,0.346510960261177,0.0440029248049047,15855.0424815051
"Brush Island Reef (20-098)","I",13.9024609020668,-6.66463422775269,149.05448914,-20.48566628,NaN,NaN,NaN,NaN,NaN,NaN,NaN,NaN,NaN,NaN,23788.00963,0.346510960261177,0.0294738694351575,624.961453739036
"Little Lindeman Reef (20-099)","I",14.0938004395907,-6.05384540557861,149.03184509,-20.4222908,NaN,NaN,NaN,NaN,NaN,NaN,NaN,NaN,NaN,NaN,69226.55203,0.346510960261177,0.0671875014731436,1592.57091471236
"U/N Reef (20-167)","O",161.075135975678,-6.03355073928833,150.51272583,-20.2592411,0.2620996,4.5766848,35.3246808,0.3812688,4.4918356,0.043898,0.00388,0.0040696,0.0377428,"Habitat Protection",31632744.15,0.409531557383111,0.0607747718431523,25730.569499348
"U/N Reef (20-168)","O",175.165460465048,-13.6406278610229,150.65402222,-20.23065948,0.2972,4.58929,35.34895,0.38095,4.70641,0.04679,0.00388,0.00386,0.02196,"Marine National Park",518361.9062,0.462177288319191,0,2830.28904639087
"U/N Reef (20-170)","O",182.695761246505,-18.4631366729736,150.74523926,-20.24120331,NaN,NaN,NaN,NaN,NaN,NaN,NaN,NaN,NaN,NaN,1149915.765,0.195189563799429,0,6127.94950503806
"U/N Reef (20-171)","O",185.151305065256,-20.3235874176025,150.76490784,-20.2290287,NaN,NaN,NaN,NaN,NaN,NaN,NaN,NaN,NaN,NaN,967276.974,0.157598831497132,0,4005.84592258704
"Red Cliff Islands Reef (20-229)","I",1.03266524959035,-2.08101558685303,148.9598999,-20.87089729,NaN,NaN,NaN,NaN,NaN,NaN,NaN,NaN,NaN,NaN,1120710.309,0.346510960261177,0.0308458562823141,4646.93490917225
"U/N Reef (20-230)","I",0.308505773579231,-4.27401208877563,148.99145508,-20.89143181,NaN,NaN,NaN,NaN,NaN,NaN,NaN,NaN,NaN,NaN,822402.3286,0.346510960261177,0.0308458562823141,4739.34215267536
"Brampton Reef (20-270b)","I",24.2144289200342,-4.99258327484131,149.26695251,-20.81618309,0.0520666666666667,4.42814333333333,35.41762,0.749723333333333,13.8678766666667,0.08418,0.02143,0.2907,0.58406,"Conservation Park",2153806.385,0.346510960261177,0.0440029248049047,20085.3075871446
"Bolton Shoal (20-272)","I",22.4131529951084,-12.8356904983521,149.28140259,-20.84342575,NaN,NaN,NaN,NaN,NaN,NaN,NaN,NaN,NaN,NaN,162124.0393,0.346510960261177,0.0440029248049047,1459.50474152552
"Fantome Rocks (20-273)","I",18.7336044860066,-16.5235023498535,149.24380493,-20.86051369,NaN,NaN,NaN,NaN,NaN,NaN,NaN,NaN,NaN,NaN,835338.122,0.346510960261177,0.0294738694351575,4442.69915333097
"U/N Reef (20-274)","I",0.243895833095046,-12.9605207443237,149.03320313,-20.89855385,NaN,NaN,NaN,NaN,NaN,NaN,NaN,NaN,NaN,NaN,854503.8423,0.346510960261177,0.0308458562823141,5600.74613563452
"Wedge Island Reef (20-275)","I",1.02209831019446,-6.73734474182129,149.05889893,-20.91724777,NaN,NaN,NaN,NaN,NaN,NaN,NaN,NaN,NaN,NaN,226878.7575,0.346510960261177,0.0308458562823141,2110.30886114675
"Hyde Rock Reef (20-276)","I",21.4414843345467,-26.8687305450439,149.35505676,-20.91358185,NaN,NaN,NaN,NaN,NaN,NaN,NaN,NaN,NaN,NaN,102016.4006,0.346510960261177,0.0464362768143305,1178.40012548501
"Triangle Island Reef (20-100)","I",19.4339136182267,-4.82362079620361,149.11103821,-20.49005127,NaN,NaN,NaN,NaN,NaN,NaN,NaN,NaN,NaN,NaN,46830.68139,0.346510960261177,0.0294738694351575,2257.19421768743
"Yellow Rock Reef (20-101)","I",14.8943413958788,-7.13492393493652,149.05995178,-20.47400475,NaN,NaN,NaN,NaN,NaN,NaN,NaN,NaN,NaN,NaN,23031.55457,0.346510960261177,0.0400284898355708,550.774327984801
"Shaw Island Reef (No 1) (20-102a)","I",18.3648451216836,-5.68058013916016,149.08085632,-20.43684769,NaN,NaN,NaN,NaN,NaN,NaN,NaN,NaN,NaN,NaN,312548.6875,0.346510960261177,0.0400284898355708,5683.29142856812
"U/N Reef (20-172)","O",163.810535738222,-8.04542922973633,150.55963135,-20.28167725,0.258437777777778,4.57511777777778,35.3311794444444,0.368648888888889,4.454165,0.0501077777777778,0.00388,0.00398333333333333,0.03414,"Habitat Protection",18211717.12,0.485835388409371,0.0445540484997945,20599.9576578755
"U/N Reef (20-173)","O",178.74188743514,-24.7441024780273,150.71105957,-20.25681114,NaN,NaN,NaN,NaN,NaN,NaN,NaN,NaN,NaN,NaN,86062.69804,0.157598831497132,0,1262.19096817241
"U/N Reef (20-174)","O",171.551597989741,-18.6788291931152,150.64257813,-20.27525139,NaN,NaN,NaN,NaN,NaN,NaN,NaN,NaN,NaN,NaN,110890.3185,0.19932716568545,0,1339.40811346167
"U/N Reef (20-175)","O",181.220802070191,-8.94933986663818,150.74005127,-20.25927925,0.22,4.59,35.31,0.35,4.89,0.04,0.00388,0.00386,0.01593,"Habitat Protection",352090.1291,0.157598831497132,0,2339.21785750132
"U/N Reef (20-176)","O",179.934919628361,-17.4698505401611,150.73773193,-20.27890587,0.21,4.6,35.31,0.4,4.95,0.04,0.00388,0.00386,0.02215,"Habitat Protection",700593.3863,0.246966262168289,0,3374.15845206439
"U/N Reef (20-177)","O",182.18050980621,-16.1064529418945,150.7565918,-20.26915741,NaN,NaN,NaN,NaN,NaN,NaN,NaN,NaN,NaN,NaN,167617.737,0.0306406685236769,0,1489.12720233037
"U/N Reef (20-178)","O",179.002637937644,-12.4788722991943,150.74182129,-20.30322075,NaN,NaN,NaN,NaN,NaN,NaN,NaN,NaN,NaN,NaN,231960.9204,0.260008087343308,0,1895.24971888879
"Volskow Reef (20-231)","I",16.8548993205363,-2.90268850326538,149.08943176,-20.50634384,NaN,NaN,NaN,NaN,NaN,NaN,NaN,NaN,NaN,NaN,14616.73244,0.346510960261177,0.0294738694351575,944.169935327981
"Keyser Reef (20-232)","I",16.1439759723667,-4.84886932373047,149.0846405,-20.52236366,NaN,NaN,NaN,NaN,NaN,NaN,NaN,NaN,NaN,NaN,243143.944,0.346510960261177,0.0294738694351575,8795.34080298608
"Keswick Island Reef (No 1) (20-277a)","I",24.2636966424337,-0.0920160412788391,149.39135742,-20.91011047,0.04856,4.44463,35.46688,0.58734,17.36191,0.09079,0.01626,0.22742,0.63382,"Marine National Park",589572.6379,0.346510960261177,0.0464362768143305,3446.31194500042
"Keswick Island Reef (No 2) (20-277b)","I",24.3482033401939,-4.83678007125854,149.40087891,-20.91851234,0.0509,4.45173,35.4662,0.61424,17.8035,0.08772,0.01626,0.22742,0.63382,"Conservation Park",429939.4384,0.346510960261177,0.0464362768143305,2923.12212513761
"Keswick Island Reef (No 3) (20-277c)","I",25.0920520040555,0.17308247089386,149.41296387,-20.92150688,NaN,NaN,NaN,NaN,NaN,NaN,NaN,NaN,NaN,NaN,385771.9591,0.346510960261177,0.0464362768143305,2792.34467936028
"St Bees Island Reef (No 1) (20-279a)","I",28.2185596261088,-6.14181232452393,149.43656921,-20.90406036,NaN,NaN,NaN,NaN,NaN,NaN,NaN,NaN,NaN,NaN,348995.2301,0.346510960261177,0.0464362768143305,2846.82926934983
"Shaw Island Reef (No 2) (20-102b)","I",17.4993676245378,-2.26726150512695,149.07991028,-20.45842361,NaN,NaN,NaN,NaN,NaN,NaN,NaN,NaN,NaN,NaN,301608.6437,0.346510960261177,0.0400284898355708,3345.80724763323
"Shaw Island Reef (No 3) (20-102c)","I",16.186391709655,-4.0025954246521,149.07347107,-20.47439384,NaN,NaN,NaN,NaN,NaN,NaN,NaN,NaN,NaN,NaN,514827.8511,0.346510960261177,0.0400284898355708,4998.20570296741
"Shaw Island Reef (No 4) (20-102d)","I",13.8832444322105,-5.88874244689941,149.05836487,-20.49876213,NaN,NaN,NaN,NaN,NaN,NaN,NaN,NaN,NaN,NaN,3810728.57,0.346510960261177,0.0294738694351575,17452.6494018738
"U/N Reef (20-104)","M",95.1005076785556,-9.24961566925049,149.68804932,-20.03160477,0.23,4.445,35.29,0.33,6.8,0.134565,0.00388,0.00386,0.03853,"Habitat Protection",2723310.653,0.49017452246805,0.0606018963858733,6195.64703609089
"U/N Reef (20-179)","O",166.89214146294,-7.99494981765747,150.60791016,-20.30254555,0.255892727272727,4.58320181818182,35.3380572727273,0.387465,4.41243454545455,0.05507,0.00388,0.00415409090909091,0.0310822727272727,"Habitat Protection",29736280.49,0.322595973804871,0.0699501839386473,26956.5773740823
"U/N Reef (20-180)","O",185.875561565152,-15.788911819458,150.80413818,-20.28140259,NaN,NaN,NaN,NaN,NaN,NaN,NaN,NaN,NaN,NaN,272351.0133,0.129978911340085,0,1937.18766993442
"U/N Reef (20-181)","O",184.388291743612,-12.5188179016113,150.7931366,-20.29047394,NaN,NaN,NaN,NaN,NaN,NaN,NaN,NaN,NaN,NaN,247406.3656,0.11232980332829,0,1978.33390896437
"U/N Reef (20-182)","O",162.50865789149,-5.64607191085815,150.57829285,-20.33308029,0.249855,4.57644666666667,35.3369283333333,0.364953333333333,3.97397833333333,0.0610216666666667,0.00388,0.00422666666666667,0.0363366666666667,"Habitat Protection",7453561.672,0.551962319120684,0.0860906998054363,14435.6432537316
"U/N Reef (20-183)","O",171.067883287817,-41.9498329162598,150.66720581,-20.32401657,NaN,NaN,NaN,NaN,NaN,NaN,NaN,NaN,NaN,NaN,151549.4396,0.275590718330448,0.126120251037053,1438.0575710152
"Long Rock Reef (20-233)","I",16.3882621308849,-5.15027379989624,149.08735657,-20.53328514,NaN,NaN,NaN,NaN,NaN,NaN,NaN,NaN,NaN,NaN,54466.37037,0.346510960261177,0.0294738694351575,1900.55792537233
"U/N Reef (21-686)","M",159.078706510986,-38.6051902770996,152.02770996,-21.64032745,0.72062125,4.326185,35.34479375,0.167445,7.18006375,0.03941625,0.0044475,0.00386,0.008305,"General Use",7672850.35,0.209374904908356,0.0103285474336646,13610.2532015396
"U/N Reef (21-687)","M",157.428043483574,-33.2548484802246,152.03353882,-21.67487335,NaN,NaN,NaN,NaN,NaN,NaN,NaN,NaN,NaN,NaN,82746.45679,0.241219140557516,0.0120549283095603,1454.29177274313
"U/N Reef (21-688)","M",157.977377612319,-35.8718719482422,152.03479004,-21.66767883,NaN,NaN,NaN,NaN,NaN,NaN,NaN,NaN,NaN,NaN,132415.0835,0.241219140557516,0.0120549283095603,1432.11978125727
"U/N Reef (21-689)","M",159.121633166601,-32.3608245849609,152.06750488,-21.69584274,NaN,NaN,NaN,NaN,NaN,NaN,NaN,NaN,NaN,NaN,92975.08718,0.158891350538265,0.00898592398037838,1131.0146358468
"U/N Reef (21-690)","M",163.400300440875,-31.4356155395508,152.07788086,-21.63981628,0.51636,4.32384,35.34402,0.19604,10.34946,0.04392,0.00442,0.00386,0.00872,"General Use",87678.90195,0.209374904908356,0.0103285474336646,1253.17492275763
"U/N Reef (21-691)","M",163.824428449544,-42.8681602478027,152.08085632,-21.63708687,NaN,NaN,NaN,NaN,NaN,NaN,NaN,NaN,NaN,NaN,119824.7838,0.209374904908356,0.0103285474336646,1312.90397246006
"U/N Reef (21-692)","M",178.818967541894,-41.6114959716797,152.09902954,-21.43374825,NaN,NaN,NaN,NaN,NaN,NaN,NaN,NaN,NaN,NaN,259005.7439,0.184214186450346,0.00988051684525687,2245.25790936338
"U/N Reef (21-693)","M",169.973735857754,-35.8193321228027,152.10012817,-21.56572914,NaN,NaN,NaN,NaN,NaN,NaN,NaN,NaN,NaN,NaN,467211.6653,0.278855639851669,0.0189204409903775,3072.20838424624
"U/N Reef (21-694)","M",168.844040700044,-29.9368171691895,152.14205933,-21.64177513,NaN,NaN,NaN,NaN,NaN,NaN,NaN,NaN,NaN,NaN,76843.3572,0.263147216454442,0.0122316733529029,1095.97324900742
"U/N Reef (21-695)","M",169.164110246437,-29.7256565093994,152.1434021,-21.63837433,NaN,NaN,NaN,NaN,NaN,NaN,NaN,NaN,NaN,NaN,126422.4231,0.263147216454442,0.0122316733529029,1384.66174558654
"U/N Reef (21-696)","M",174.882682371922,-35.5471572875977,152.14532471,-21.54867554,0.45505,4.316105,35.334255,0.22429,10.370675,0.04181,0.00445,0.00386,0.0058,"General Use",1953618.436,0.255852089201387,0.0173122924158308,6011.24604897949
"McEwen Reef (22-015)","I",4.72095213150574,-0.410479009151459,149.59559631,-22.14301682,0.04086,4.29171,36.10784,1.15249,5.22735,0.12784,0.29932,0.61265,0.00575,"Habitat Protection",1052961.192,0.346510960261177,0.0308458562823141,4527.32160842463
"Pilot Reef (22-016)","I",5.06105442907199,-5.61322593688965,149.60649109,-22.1531086,NaN,NaN,NaN,NaN,NaN,NaN,NaN,NaN,NaN,NaN,444306.1632,0.346510960261177,0.0308458562823141,2419.01928197039
"Boyle Reef (22-017)","I",12.9557423875256,-3.44888019561768,149.84295654,-22.13786507,0.03488,4.35072,36.27775,1.17119,3.20776,0.06355,0.52505,0.36417,0.00811,"Marine National Park",1362997.828,0.346510960261177,0.0308458562823141,4429.51265446835
"Tide Reef (22-018)","I",5.70341350633301,-1.45410001277924,149.94042969,-22.13488007,NaN,NaN,NaN,NaN,NaN,NaN,NaN,NaN,NaN,NaN,474374.4392,0.346510960261177,0.0308458562823141,3898.58771773339
"Long Island Reef (22-019)","I",7.47224791070761,-1.59085071086884,149.8684845,-22.21303177,0.0424344444444444,4.31488277777778,36.3084805555556,1.09128611111111,3.01553166666667,0.0352816666666667,0.674151666666667,0.208107222222222,0.00864,"Habitat Protection",20388215.48,0.346510960261177,0.0308458562823141,39186.2374271507
"U/N Reef (21-480)","M",186.960925303977,-12.4294385910034,152.30207825,-21.57236671,0.222505,4.299935,35.31334,0.29527,8.057865,0.02092,0.00416,0.00386,0.00653,"Habitat Protection",2468010.711,0.245034362963522,0.0248848274299524,6818.14315745128
"U/N Reef (21-481)","M",161.25968262616,-20.0415687561035,151.99967957,-21.57126045,0.3293,4.341032,35.334658,0.191696,7.050662,0.047398,0.00448,0.00386,0.00651,"Habitat Protection",6279817.146,0.124712788508576,0.00249040157725433,14532.5811471175
"U/N Reef (21-482)","M",182.886895284237,-33.0351028442383,152.25517273,-21.57179642,0.513333333333333,4.33666666666667,35.2866666666667,0.25,6.39333333333333,0.01,0.00417,0.00386,0.00645,"Habitat Protection",4124438.178,0.0103025236664332,0,8119.1219860463
"U/N Reef (21-483)","M",199.420102343828,-9.99756526947021,152.44194031,-21.57208824,0.21709,4.31334,35.30127,0.30895,10.34608,0.05363,0.00388,0.00386,0.00719,"Habitat Protection",327067.9815,0.677327241576242,0.00742432895488292,2254.05527480993
"U/N Reef (21-484)","M",192.404679865452,-13.2288074493408,152.36824036,-21.57960129,0.190075,4.321535,35.28291,0.299555,8.122445,0.055535,0.00388,0.00386,0.00688,"Habitat Protection",3360852.022,0.168098907800632,0.0307146421245218,8413.40558210082
"U/N Reef (21-485)","M",195.932989837906,-9.36373805999756,152.4072113,-21.57878304,0.130456666666667,4.31003333333333,35.2909266666667,0.33246,7.2232,0.0579666666666667,0.00388,0.00386,0.00708666666666667,"Habitat Protection",3410844.056,0.242563304105548,0.0712939441121036,7977.74798352023
"U/N Reef (21-486)","M",194.894830499556,-10.4483547210693,152.4046936,-21.59353256,0.191953333333333,4.3012,35.30917,0.315566666666667,9.15647,0.0568433333333333,0.00388,0.00386,0.00756666666666667,"Habitat Protection",2597617.686,0.258545858890204,0.0774059327809462,7248.4541875215
"Obstruction Reef (21-552)","M",184.045552994784,-6.29493379592896,152.46665955,-21.96283913,0.13,4.37,35.36,0.4,7.42,0.04,0.00388,0.00432,0.00643,"Marine National Park",711383.5601,0.527581699346405,0.0500653594771242,4872.65534414231
"U/N Reef (21-553)","M",171.986254786125,-12.1948719024658,152.34693909,-21.97629929,0.1909,4.362815,35.331785,0.28511,15.311565,0.0476,0.00388,0.0042,0.00703,"Habitat Protection",2849859.877,0.146464811249959,0.0325622369408464,7657.94209658202
"U/N Reef (21-554)","M",174.498630838864,-12.3203134536743,152.3745575,-21.97977829,0.198118888888889,4.3764,35.3364477777778,0.314611111111111,13.5775844444444,0.08853,0.00388,0.00424444444444444,0.00714555555555556,"Habitat Protection",10155829.02,0.159569699686239,0.0437069493866574,15336.5276736371
"U/N Reef (21-555)","M",160.918712398821,-20.8105506896973,152.23217773,-21.97902107,0.369809,4.345349,35.379332,0.258305,28.012993,0.063742,0.00388,0.00404,0.00686,"Marine National Park",8842924.296,0.157081644226932,0.0262345354869878,13377.7962764656
"Gannett Cay Reef (21-556)","M",184.360118606483,-4.7521185874939,152.47738647,-21.98163605,0.15,4.37,35.38,0.44,7.51,0.04,0.00388,0.00432,0.00643,"Preservation",1365749.003,0.469955767267778,0.0240217761143246,4781.1311999338
"U/N Reef (21-557)","M",183.043039884135,-6.34456443786621,152.46405029,-21.98226166,NaN,NaN,NaN,NaN,NaN,NaN,NaN,NaN,NaN,NaN,161294.8276,0.621683967704729,0.10322952710496,2128.10459873927
"U/N Reef (21-697)","M",169.430049158628,-31.0420894622803,152.14778137,-21.64033318,NaN,NaN,NaN,NaN,NaN,NaN,NaN,NaN,NaN,NaN,158974.0371,0.263147216454442,0.0122316733529029,2125.18755569102
"U/N Reef (21-698)","M",155.499278113727,-46.9280815124512,152.14984131,-21.91394997,NaN,NaN,NaN,NaN,NaN,NaN,NaN,NaN,NaN,NaN,78006.13508,0.160593655543039,0.0243791138531725,1209.30827730142
"U/N Reef (21-699)","M",170.029973709385,-29.495288848877,152.15141296,-21.63557816,NaN,NaN,NaN,NaN,NaN,NaN,NaN,NaN,NaN,NaN,78135.16258,0.295721661834399,0.0118707372807458,1084.3293334151
"U/N Reef (21-700)","M",155.929837314576,-50.0456657409668,152.152771,-21.91041565,NaN,NaN,NaN,NaN,NaN,NaN,NaN,NaN,NaN,NaN,66128.6844,0.145348930860936,0.0217280078106239,1274.59047851785
"U/N Reef (21-701)","M",155.710650624992,-50.2985305786133,152.15412903,-21.91856194,NaN,NaN,NaN,NaN,NaN,NaN,NaN,NaN,NaN,NaN,72360.37854,0.145348930860936,0.0217280078106239,1575.98132845758
"U/N Reef (21-702)","M",163.753167735524,-37.4642181396484,152.16090393,-21.76275444,0.369428333333333,4.306775,35.3504233333333,0.176443333333333,11.3358266666667,0.0119333333333333,0.00388,0.00386,0.010515,"General Use",8264459.733,0.0899311667493309,0.00657120765062867,14572.6363137388
"U/N Reef (21-703)","M",175.554634016057,-34.3570861816406,152.16271973,-21.56134415,NaN,NaN,NaN,NaN,NaN,NaN,NaN,NaN,NaN,NaN,807331.646,0.252983927629587,0.0127596197718157,5855.11704499943
"U/N Reef (21-704)","M",181.064940930078,-40.9823112487793,152.1789856,-21.49692917,NaN,NaN,NaN,NaN,NaN,NaN,NaN,NaN,NaN,NaN,67876.79482,0.222807851631692,0.0152395663297017,990.708433244082
"U/N Reef (21-705)","M",185.735216293857,-47.7751083374023,152.2053833,-21.45944977,0.45319,4.31872,35.31896,0.24231,7.45447,0.03513,0.00447,0.00386,0.00421,"Habitat Protection",2419281.833,0.117263261374274,0.00366342914285941,8458.50363613293
"U/N Reef (21-706)","M",163.103529055798,-41.1044921875,152.20613098,-21.86235619,NaN,NaN,NaN,NaN,NaN,NaN,NaN,NaN,NaN,NaN,147371.8142,0.0942828779381786,0.0093180743723414,1764.78769306602
"U/N Reef (21-707)","M",188.717171264729,-46.3351364135742,152.2066803,-21.41665649,NaN,NaN,NaN,NaN,NaN,NaN,NaN,NaN,NaN,NaN,90874.83961,0.132305897993444,0.00440221893813848,1066.73534067171
"U/N Reef (21-487)","M",188.045653619531,-30.5109806060791,152.32556152,-21.58952332,0.2152475,4.318715,35.2971575,0.28692875,8.80829125,0.0275925,0.00388,0.00386,0.007095,"Habitat Protection",10953249.96,0.0146914956061624,0.00228836845284175,16833.1382644875
"U/N Reef (21-488)","M",166.203965635145,-11.764669418335,152.07514954,-21.59158134,0.521545,4.326675,35.330175,0.192715,8.337205,0.05739,0.004455,0.00386,0.006005,"Habitat Protection",3363344.634,0.300567631178181,0.0137062162536342,7302.66391437729
"U/N Reef (21-489)","M",175.542378478354,-14.071702003479,152.19285583,-21.60378075,0.36084,4.33718333333333,35.3041766666667,0.231666666666667,8.81631333333333,0.0161133333333333,0.00416,0.00386,0.00902,"Habitat Protection",1917420.6,0.231556979227335,0.00888177052999418,5928.0468779005
"Turrum Reef (21-490)","M",191.078871177253,-14.7651996612549,152.36972046,-21.60575485,0.197389,4.31333,35.30014,0.299142,9.019627,0.054853,0.00388,0.00386,0.007336,"Habitat Protection",12633290.19,0.11660399616604,0.0177099461770995,17194.3487075015
"U/N Reef (21-491)","M",200.209203962525,-5.21682024002075,152.47357178,-21.61081314,0.1842,4.321195,35.2848025,0.3162125,10.961375,0.0617925,0.00388,0.00386,0.00739,"Habitat Protection",5532042.74,0.425384952323191,0.0521412446511001,10001.1500116694
"U/N Reef (21-558)","O",210.06423843984,-8.97251224517822,152.54571533,-21.54859161,0.21196,4.34614428571429,35.27438,0.333091428571429,13.3941485714286,0.0368357142857143,0.00388,0.00386,0.00601,"Marine National Park",8901404.591,0.44769786810539,0.0259808286627207,14231.7744499455
"U/N Reef (21-559)","O",207.696029076054,-6.58637857437134,152.53399658,-21.57309914,0.1311875,4.3173375,35.279315,0.3525925,12.47559,0.04967,0.00388,0.00386,0.006595,"Marine National Park",4742409.144,0.616960213870105,0.0173572888818997,10213.5317011466
"U/N Reef (21-560)","O",203.731997916506,-8.31309795379639,152.53979492,-21.66206551,0.358873333333333,4.32447666666667,35.30218,0.300473333333333,17.5677966666667,0.0439866666666667,0.00388,0.00386,0.00710666666666667,"Marine National Park",5542751.236,0.43853574910081,0.0428249689065179,10897.536270787
"U/N Reef (21-561)","M",198.370018197286,-19.8348827362061,152.50849915,-21.71348381,NaN,NaN,NaN,NaN,NaN,NaN,NaN,NaN,NaN,NaN,320989.7879,0.377386418639536,0.0164509796417121,2649.3218413399
"U/N Reef (21-708)","M",181.581381045111,-36.7850379943848,152.20924377,-21.52861786,NaN,NaN,NaN,NaN,NaN,NaN,NaN,NaN,NaN,NaN,630025.1121,0.105027072916141,0.00634548533281697,5154.08160569535
"U/N Reef (21-709)","M",163.423395639753,-42.5551910400391,152.21054077,-21.86450386,NaN,NaN,NaN,NaN,NaN,NaN,NaN,NaN,NaN,NaN,152657.0527,0.0942828779381786,0.0093180743723414,1517.14646861116
"U/N Reef (21-710)","M",189.718007704557,-45.3382759094238,152.21434021,-21.41116905,NaN,NaN,NaN,NaN,NaN,NaN,NaN,NaN,NaN,NaN,119136.2637,0.132305897993444,0.00440221893813848,1809.06254740516
"U/N Reef (21-711)","M",182.987146385417,-39.4158554077148,152.21536255,-21.51464462,NaN,NaN,NaN,NaN,NaN,NaN,NaN,NaN,NaN,NaN,149817.5035,0.114328442813686,0.00708835163144922,2414.75015263058
"U/N Reef (21-712)","M",189.077402648513,-46.5172538757324,152.21591187,-21.42250252,NaN,NaN,NaN,NaN,NaN,NaN,NaN,NaN,NaN,NaN,97269.86751,0.117263261374274,0.00366342914285941,1180.60545210169
"U/N Reef (21-713)","M",187.828424397834,-46.9191665649414,152.21812439,-21.44385338,1.02,4.32,35.31,0.24,6.09,0.01,0.00446,0.00386,0.00544,"Habitat Protection",2689393.113,0.117263261374274,0.00366342914285941,7828.31047839606
"U/N Reef (21-714)","M",164.7031949477,-38.3358879089355,152.22401428,-21.8643856,NaN,NaN,NaN,NaN,NaN,NaN,NaN,NaN,NaN,NaN,58681.58735,0.0942828779381786,0.0093180743723414,921.906470723649
"U/N Reef (21-715)","M",161.908765294358,-35.4382667541504,152.22897339,-21.94983292,NaN,NaN,NaN,NaN,NaN,NaN,NaN,NaN,NaN,NaN,220654.6991,0.117876698161735,0.015071579901474,3096.52039254627
"U/N Reef (21-716)","M",171.186556218819,-39.5006980895996,152.22927856,-21.73982811,0.38263,4.3168,35.34197,0.22891,13.15199,0.02901,0.00388,0.00386,0.01012,"General Use",42851.94035,0.0871531519217825,0.00577103273177659,764.067176256639
"U/N Reef (21-717)","M",171.012175607994,-34.2107200622559,152.22929382,-21.74324226,NaN,NaN,NaN,NaN,NaN,NaN,NaN,NaN,NaN,NaN,17118.79754,0.0871531519217825,0.00577103273177659,514.959475318482
"U/N Reef (21-718)","M",171.727708139081,-39.6284408569336,152.23440552,-21.7384243,NaN,NaN,NaN,NaN,NaN,NaN,NaN,NaN,NaN,NaN,24070.91344,0.0871531519217825,0.00577103273177659,568.692934317354
"West Side Reef (22-020)","I",11.6966961160392,-1.25598216056824,149.85031128,-22.14871597,0.03,4.32,36.37,1.1688,1.76,1e-05,0.60834,0.28543,0.00786,"Marine National Park",753513.7127,0.346510960261177,0.0308458562823141,3207.72451816216
"Double Rocks Reef (North) (22-021a)","I",5.93820000668117,-8.11502075195312,150.00804138,-22.08267212,NaN,NaN,NaN,NaN,NaN,NaN,NaN,NaN,NaN,NaN,107518.8941,0.346510960261177,0.0308458562823141,1329.09940010695
"Double Rocks Reef (South) (22-021b)","I",5.76963553488599,-6.00473213195801,150.00413513,-22.08652687,NaN,NaN,NaN,NaN,NaN,NaN,NaN,NaN,NaN,NaN,102640.7541,0.346510960261177,0.0308458562823141,1148.54672623335
"U/N Reef (21-492)","M",176.855356188952,-14.542501449585,152.21269226,-21.61082458,0.37304,4.31907,35.32348,0.23942,10.45284,0.02862,0.00416,0.00386,0.00902,"Habitat Protection",357597.5071,0.355040375097682,0.013024225058609,2324.65094917506
"U/N Reef (21-493)","M",169.348129991108,-31.5287322998047,152.13461304,-21.62264824,0.4908775,4.31234375,35.33910375,0.1985975,9.617903125,0.045974375,0.0042625,0.00386,0.008555,"General Use",19360394.22,0.295721661834399,0.0118707372807458,30402.0818692553
"U/N Reef (21-494)","M",183.947286434786,-28.7413005828857,152.30844116,-21.63533592,0.255416,4.321096,35.301494,0.270066,9.890426,0.022993,0.00388,0.00386,0.00796,"Habitat Protection",9947971.348,0.0103719097231973,0.000505490185065573,15756.2444882885
"Bacchi Reef (21-495)","M",191.268653131572,-6.04939889907837,152.38877869,-21.63401604,0.08,4.32,35.27,0.31,7.68,0.06,0.00388,0.00386,0.00763,"Preservation",1629796.195,0.474111327008801,0.0558921019545091,5472.66333296746
"Turner Reef (21-562)","O",202.823440318627,-6.57899951934814,152.5587616,-21.71955299,0.207254444444444,4.33211333333333,35.2773788888889,0.332784444444444,15.3385888888889,0.0258611111111111,0.00388,0.00396222222222222,0.00656777777777778,"Habitat Protection",9676211.384,0.400575647603554,0.0419317886468431,14644.4717405794
"U/N Reef (21-563)","M",198.806041823126,-44.0229911804199,152.52088928,-21.72936058,0.2566,4.31909,35.3052,0.30889,14.84659,0.06278,0.00388,0.00431,0.00653,"Marine National Park",967852.6967,0.228734841732034,0.0420691021312803,4928.51986130622
"Half Tide Reef (21-564)","M",195.684288926817,-5.49371910095215,152.50888062,-21.77416229,0.226538461538462,4.34267461538462,35.2832876923077,0.322329230769231,10.4702607692308,0.09828,0.00388,0.00430538461538462,0.00584230769230769,"Marine National Park",15362641.43,0.274051453569394,0.0842755177469977,17174.786267812
"Bills Reef (21-565)","O",203.61578690092,-6.28175163269043,152.59301758,-21.78662682,0.187446363636364,4.35775,35.2634918181818,0.354824545454545,11.9441945454545,0.0313490909090909,0.00388,0.00434454545454545,0.00444545454545455,"Habitat Protection",9262928.9,0.435471387071158,0.0394640290300855,14998.1498288726
"U/N Reef (21-719)","M",184.789784211709,-43.1281433105469,152.23648071,-21.51454163,NaN,NaN,NaN,NaN,NaN,NaN,NaN,NaN,NaN,NaN,117594.5569,0.114328442813686,0.00708835163144922,1532.67158881195
"U/N Reef (21-720)","M",185.17578043199,-44.1347007751465,152.24621582,-21.52165222,NaN,NaN,NaN,NaN,NaN,NaN,NaN,NaN,NaN,NaN,274343.8366,0.0949596735680969,0.00500414341530135,2387.73142850788
"U/N Reef (21-721)","M",173.2877609693,-31.1017112731934,152.25035095,-21.73649216,0.375862,4.311276,35.339118,0.22385,12.246196,0.024838,0.00388,0.00386,0.01012,"General Use",4349711.521,0.061954270716814,0.00461009032549663,10411.0008157951
"U/N Reef (21-722)","M",176.285250439187,-41.3716354370117,152.25193787,-21.68244743,0.42612,4.31657,35.32961,0.23381,11.73005,0.02722,0.00388,0.00386,0.00995,"General Use",295848.1493,0.0438508627189284,0.00296893840290877,2327.48990874601
"U/N Reef (21-723)","M",186.194999866106,-47.7174949645996,152.25260925,-21.5140934,NaN,NaN,NaN,NaN,NaN,NaN,NaN,NaN,NaN,NaN,60129.19296,0.0949596735680969,0.00500414341530135,964.626114938618
"U/N Reef (21-724)","M",172.022969363459,-33.5797004699707,152.25888062,-21.77745819,0.349073333333333,4.32057166666667,35.3370566666667,0.213058333333333,10.6867316666667,0.01707,0.00388,0.00386,0.00938666666666667,"Marine National Park",7595292.828,0.0871531519217825,0.00577103273177659,19230.2229589525
"U/N Reef (21-725)","M",174.723158693695,-30.7488250732422,152.26496887,-21.73464394,NaN,NaN,NaN,NaN,NaN,NaN,NaN,NaN,NaN,NaN,18341.0584,0.061954270716814,0.00461009032549663,483.622060557167
"U/N Reef (21-726)","M",178.403245728619,-31.8881702423096,152.26791382,-21.66998482,0.63211,4.31967,35.31857,0.2337,10.9038966666667,0.0215466666666667,0.00388,0.00386,0.00918,"Habitat Protection",3603404.87,0.0438508627189284,0.00296893840290877,10820.9332946919
"Coal Reef (22-024)","I",10.7037850168615,-0.308706164360046,149.8646698,-22.14408112,NaN,NaN,NaN,NaN,NaN,NaN,NaN,NaN,NaN,NaN,193983.9844,0.346510960261177,0.0308458562823141,1691.93460695706
"One Fathom Patch (22-026)","I",10.0251248259818,-9.22519111633301,149.75007629,-22.26446915,NaN,NaN,NaN,NaN,NaN,NaN,NaN,NaN,NaN,NaN,256197.6082,0.346510960261177,0.0308458562823141,1892.10723837389
"Turtle Island Reef (22-027)","I",4.14265980077087,-1.67232036590576,149.77586365,-22.35923195,0.05467,4.24282,36.31561,1.06176,3.36551,0.05424,0.64554,0.23744,0.00598,"Marine National Park",663421.1092,0.346510960261177,0.0308458562823141,2955.48895513776
"U/N Reef (22-028)","I",3.30706716257511,-1.48979389667511,149.81912231,-22.3877182,NaN,NaN,NaN,NaN,NaN,NaN,NaN,NaN,NaN,NaN,873113.663,0.346510960261177,0.0308458562823141,4613.48512545037
"Woods Reef (22-029)","I",2.75800881430538,-0.336436808109283,149.90400696,-22.47035599,NaN,NaN,NaN,NaN,NaN,NaN,NaN,NaN,NaN,NaN,493024.2312,0.346510960261177,0.0308458562823141,5198.89994574193
"Shields Reef (22-030)","I",35.08000342931,-5.41887092590332,150.37695313,-22.00405312,NaN,NaN,NaN,NaN,NaN,NaN,NaN,NaN,NaN,NaN,415619.3404,0.346510960261177,0.0308458562823141,2906.34657053774
"U/N Reef (21-496)","M",198.607297920328,-3.84502768516541,152.47576904,-21.64585686,0.207535,4.314555,35.29996,0.311555,12.99472,0.06462,0.00388,0.00386,0.00722,"Marine National Park",2598833.466,0.450059175841911,0.0228095972456335,6947.5427164986
"Thomas Reef (21-497)","M",185.475868058799,-28.4675693511963,152.34248352,-21.66396904,0.1987996,4.3126912,35.3091852,0.2923964,10.7854916,0.0672516,0.00388,0.00386,0.0078468,"Habitat Protection",26563742.63,0.0794287776577101,0.0288018767254525,29312.9139936577
"U/N Reef (21-498)","M",180.302739301488,-30.9083061218262,152.26316833,-21.6282177,0.796666666666667,4.33,35.3,0.23,7.99333333333333,0.01,0.00388,0.00386,0.00853333333333333,"Habitat Protection",3119158.817,0.0759304617958062,0.00630264651412868,7584.00903715569
"U/N Reef (21-499)","M",195.453310303438,-8.06720161437988,152.45172119,-21.66448402,0.142293333333333,4.31365333333333,35.286455,0.314018333333333,10.37793,0.089615,0.00388,0.00386,0.00725,"Marine National Park",5426003.171,0.205756655167087,0.0581672759727443,10425.1636239686
"Blu-Lion Reef (21-566)","O",205.309622023304,-6.56881332397461,152.62745667,-21.82133293,0.187043333333333,4.33420833333333,35.2979266666667,0.360425,14.9731516666667,0.031175,0.00388,0.00435333333333333,0.00414166666666667,"Habitat Protection",7326215.623,0.427327724257136,0.0450547774586309,11418.2957877903
"U/N Reef (21-567)","M",197.306884007899,-7.61440801620483,152.54504395,-21.8259201,NaN,NaN,NaN,NaN,NaN,NaN,NaN,NaN,NaN,NaN,260407.9971,0.59692417739628,0,2151.60561345199
"U/N Reef (21-568)","M",195.034440951811,-4.71438598632812,152.52233887,-21.82880592,0.25109,4.33594,35.30372,0.31455,12.88701,0.07567,0.00388,0.00431,0.0054,"Habitat Protection",268638.5761,0.813430252682589,0.0145379023883697,2044.08230010471
"U/N Reef (21-569)","M",195.43028023898,-7.62504529953003,152.53575134,-21.84827232,0.13,4.33,35.33,0.37,6.28,0.05227,0.00388,0.00431,0.0054,"Habitat Protection",2866281.767,0.531042311703981,0.0173727306366627,7227.6461766562
"Triangle Reef (21-570)","O",205.020204554792,-4.80765819549561,152.63557434,-21.84602356,0.17637,4.34013666666667,35.3018366666667,0.369626666666667,14.1893666666667,0.0264866666666667,0.00388,0.00435666666666667,0.00404,"Habitat Protection",3007848.004,0.666367629771701,0.0142609664047516,6895.94706527697
"U/N Reef (21-571)","M",200.790181206162,-2.84028005599976,152.59344482,-21.85103798,NaN,NaN,NaN,NaN,NaN,NaN,NaN,NaN,NaN,NaN,441746.2308,0.873049346267398,0.00716997047659215,2441.23375895132
"Small Lagoon Reef (21-572)","M",191.753879552212,-11.8205976486206,152.50921631,-21.87475014,0.1664525,4.369525,35.2844875,0.3402925,8.4924975,0.0606975,0.00388,0.00432,0.00556,"Habitat Protection",5822345.699,0.182772505033074,0.0375802895216183,10491.9343173225
"U/N Reef (21-727)","M",177.42702178076,-35.346321105957,152.27268982,-21.69619179,NaN,NaN,NaN,NaN,NaN,NaN,NaN,NaN,NaN,NaN,429939.4718,0.0438508627189284,0.00296893840290877,2976.08671604405
"U/N Reef (21-728)","M",182.358517787484,-34.9599494934082,152.27285767,-21.60727119,0.68,4.33,35.3,0.24,7.6,0.01,0.00388,0.00386,0.00738,"Habitat Protection",1025264.724,0.0322016317284789,0.00226937889973142,4555.66054170537
"U/N Reef (21-729)","M",172.060988986874,-39.3862113952637,152.27304077,-21.80426788,NaN,NaN,NaN,NaN,NaN,NaN,NaN,NaN,NaN,NaN,152229.8571,0.0765957578346312,0.00743913432627129,1691.45627181255
"U/N Reef (21-730)","M",180.102260857934,-37.7959518432617,152.27868652,-21.65665627,NaN,NaN,NaN,NaN,NaN,NaN,NaN,NaN,NaN,NaN,890709.8794,0.0438508627189284,0.00296893840290877,4308.75215225795
"U/N Reef (21-731)","M",168.5569173241,-37.9866714477539,152.2858429,-21.92135811,NaN,NaN,NaN,NaN,NaN,NaN,NaN,NaN,NaN,NaN,98106.91429,0.117876698161735,0.015071579901474,1246.71683165178
"U/N Reef (21-732)","M",180.523162969193,-43.1440238952637,152.28816223,-21.6645813,NaN,NaN,NaN,NaN,NaN,NaN,NaN,NaN,NaN,NaN,58719.43363,0.0438508627189284,0.00296893840290877,941.909316946036
"U/N Reef (21-733)","M",172.237244700402,-28.6888866424561,152.30024719,-21.85752487,NaN,NaN,NaN,NaN,NaN,NaN,NaN,NaN,NaN,NaN,66610.82904,0.153124907123983,0.0230126921279496,982.741400052789
"U/N Reef (21-734)","M",194.309336075621,-32.1802711486816,152.30081177,-21.45067596,0.39364,4.32591,35.30243,0.27114,7.52063,0.07508,0.00418,0.00386,0.0062,"Habitat Protection",148680.4312,0.0517068237403516,0.00274081723621437,1534.97395653413
"U/N Reef (21-735)","M",169.523416289933,-32.8416938781738,152.30155945,-21.93279839,NaN,NaN,NaN,NaN,NaN,NaN,NaN,NaN,NaN,NaN,274257.9437,0.114337753836077,0.0171808137194268,2892.87249163792
"Morkar Reef (21-421)","I",21.1051975732384,-3.75131154060364,150.15582275,-21.96935844,NaN,NaN,NaN,NaN,NaN,NaN,NaN,NaN,NaN,NaN,118827.8852,0.346510960261177,0.0308458562823141,1462.36522422555
"U/N Reef (21-500)","M",189.644156718917,-6.86505699157715,152.39399719,-21.6743145,0.143924285714286,4.31487571428571,35.2961971428571,0.304411428571429,10.0928885714286,0.125371428571429,0.00388,0.00386,0.00778428571428571,"Habitat Protection",9075190.597,0.142934849542264,0.0670594030953652,12265.985979045
"Recreation Reef (21-501)","M",193.801272833749,-5.84960603713989,152.44134521,-21.6783886,0.206656666666667,4.30904333333333,35.3138566666667,0.303736666666667,12.6117133333333,0.08544,0.00388,0.00386,0.00724333333333333,"Marine National Park",5060113.928,0.189854085782104,0.0871069240252452,8926.57814621465
"U/N Reef (21-502)","M",199.214238617762,-6.13953399658203,152.49803162,-21.67513466,NaN,NaN,NaN,NaN,NaN,NaN,NaN,NaN,NaN,NaN,602211.5996,0.720006184291899,0.00742115027829314,2984.79771101331
"U/N Reef (21-503)","M",171.786233138116,-29.5161151885986,152.20449829,-21.68672562,0.465866923076923,4.30564307692308,35.3409707692308,0.207948461538462,10.0184469230769,0.0203723076923077,0.0039,0.00386,0.0101676923076923,"General Use",15312524.84,0.179966143533802,0.00937721414224215,24974.0773970295
"U/N Reef (21-573)","M",202.048910910424,-3.12026286125183,152.61416626,-21.86807632,NaN,NaN,NaN,NaN,NaN,NaN,NaN,NaN,NaN,NaN,274697.6571,0.842283012495778,0.0172239108409321,1949.38369150346
"U/N Reef (21-574)","M",198.672203749074,-8.45796394348145,152.58078003,-21.87247276,0.193575,4.35585,35.272455,0.35705,10.370265,0.0268,0.00388,0.00435,0.004735,"Habitat Protection",1587698.949,0.628303545268093,0.00785232932903604,5288.53653034234
"Heart Reef (21-575)","O",205.108153110654,-6.46242189407349,152.65705872,-21.89438248,0.35571,4.3286,35.30255,0.33134,20.33407,0.02695,0.00388,0.00437,0.00404,"Habitat Protection",1971986.972,0.601555503181711,0.0196087673815696,5299.47222168597
"U/N Reef (21-576)","M",198.449146941756,-6.6907172203064,152.58970642,-21.89870262,0.21262,4.346965,35.3027125,0.3488525,13.1928275,0.03231,0.00388,0.004355,0.0046275,"Habitat Protection",4205946.582,0.370950610727562,0.0289874314037883,9088.44599421483
"Central Reef (21-577)","M",190.999096777129,-9.23299312591553,152.5219574,-21.92190361,0.2123525,4.356985,35.3019425,0.33319,11.9655375,0.0533125,0.00388,0.00433,0.00569,"Habitat Protection",3744977.595,0.292720458663225,0.0594425554093966,9445.33123606152
"U/N Reef (21-578)","M",199.254780408993,-3.36051034927368,152.60618591,-21.91841125,0.11,4.38,35.3,0.395,8.995,0.02,0.00388,0.00437,0.00538,"Habitat Protection",1052397.567,0.706719717064545,0.0149425287356322,4008.85554039735
"Hill Reef (21-579)","O",205.91654082129,-5.72303533554077,152.67234802,-21.91166115,0.13,4.36,35.32,0.42,17.04,0.01,0.00388,0.00438,0.00439,"Habitat Protection",1119431.392,0.695525615435795,0.00590485695276114,4013.34099320814
"U/N Reef (21-736)","M",175.713504005342,-31.1697540283203,152.30511475,-21.79043198,0.383112307692308,4.31953846153846,35.3330423076923,0.241226153846154,11.2560923076923,0.0241423076923077,0.00388,0.00386,0.00888307692307692,"Marine National Park",13987135.51,0.0589505312487296,0.00878872181214105,18773.8345542521
"U/N Reef (21-737)","M",192.195557671807,-34.4567337036133,152.30805969,-21.49407768,NaN,NaN,NaN,NaN,NaN,NaN,NaN,NaN,NaN,NaN,150304.0224,0.0636728105223892,0.00877444876067871,1925.85147607907
"U/N Reef (21-738)","M",195.206390333115,-48.3957481384277,152.30830383,-21.44657707,NaN,NaN,NaN,NaN,NaN,NaN,NaN,NaN,NaN,NaN,435242.8407,0.131145220618861,0.0806326863268574,3805.78432192497
"U/N Reef (21-739)","M",193.686265161336,-33.210262298584,152.31164551,-21.4750843,NaN,NaN,NaN,NaN,NaN,NaN,NaN,NaN,NaN,NaN,212748.5813,0.0636728105223892,0.00877444876067871,1842.11810200333
"U/N Reef (21-740)","M",183.355860791726,-52.4681625366211,152.31315613,-21.65391541,NaN,NaN,NaN,NaN,NaN,NaN,NaN,NaN,NaN,NaN,189165.9742,0.0570939817422242,0.00854962453170695,1931.99267442051
"U/N Reef (21-741)","M",197.361418296695,-41.857120513916,152.31469727,-21.42149353,NaN,NaN,NaN,NaN,NaN,NaN,NaN,NaN,NaN,NaN,456253.9103,0.131145220618861,0.0806326863268574,3589.8542371253
"U/N Reef (21-742)","M",189.250605075074,-34.681468963623,152.31634521,-21.55472374,NaN,NaN,NaN,NaN,NaN,NaN,NaN,NaN,NaN,NaN,92969.38392,0.12465799313222,0.0124311449870648,1123.7794484494
"U/N Reef (21-743)","M",181.767927094527,-38.123851776123,152.31755066,-21.69135094,NaN,NaN,NaN,NaN,NaN,NaN,NaN,NaN,NaN,NaN,128254.9238,0.046867233356216,0.00714830186350808,1410.79269459987
"U/N Reef (21-744)","M",173.226918369542,-33.9703140258789,152.32022095,-21.89008904,0.27211,4.32211,35.35617,0.26962,15.36411,0.05124,0.00388,0.00419,0.00742,"Habitat Protection",107870.0512,0.180182051675711,0.025772009466234,1500.64432191683
"Marble Reef (21-423a)","I",19.4438682239667,-0.555425822734833,150.16445923,-21.99125481,0.05,4.43,35.88,0.93,0,0.15,0.01339,0.76707,0.17066,"Habitat Protection",958729.3565,0.346510960261177,0.0308458562823141,7405.02222280265
"Marble Reef (21-423b)","I",22.0818131142333,-5.66836023330688,150.19181824,-21.98012352,0.06986,4.47937,35.85525,0.89865,5.73668,0.12944,0.01146,0.65729,0.27942,"Habitat Protection",764783.1626,0.346510960261177,0.0308458562823141,4322.54876199249
"Allandale Reef (21-424)","I",37.3550325761886,-33.5742225646973,150.38197327,-21.97130585,NaN,NaN,NaN,NaN,NaN,NaN,NaN,NaN,NaN,NaN,119639.0393,0.346510960261177,0.0308458562823141,1470.12410039051
"Tynemouth Island Reef (No 1) (21-425a)","I",16.6071156814654,-4.18860340118408,150.12490845,-22.00054932,NaN,NaN,NaN,NaN,NaN,NaN,NaN,NaN,NaN,NaN,118023.2241,0.346510960261177,0.0308458562823141,1952.05911347902
"Tynemouth Island Reef (No 2) (21-425b)","I",18.210266589011,-5.50053071975708,150.13308716,-21.98811913,NaN,NaN,NaN,NaN,NaN,NaN,NaN,NaN,NaN,NaN,315957.9032,0.346510960261177,0.0308458562823141,3696.83626348331
"U/N Reef (21-504)","M",160.894718906925,-11.0228481292725,152.08772278,-21.695858,0.192857142857143,4.36714285714286,35.3328571428571,0.2,9.99428571428571,0.01,0.00418714285714286,0.00386,0.00965714285714286,"Habitat Protection",8521913.23,0.20284429503831,0.0147890244701054,20789.1636928388
"Isobel Bennett Reef (21-505)","M",183.837592911431,-17.4965744018555,152.34872437,-21.70672607,0.183005,4.31309055555556,35.3141005555556,0.281528333333333,11.815515,0.0641294444444444,0.00388,0.00386,0.00809333333333333,"Habitat Protection",18026634.05,0.084979573707669,0.0188407368959266,25944.1397981816
"U/N Reef (21-506)","M",177.958247006025,-25.6258182525635,152.28947449,-21.71533775,0.229756,4.331008,35.309686,0.260354,11.240726,0.019766,0.00388,0.00386,0.009094,"Habitat Protection",6871022.934,0.0452502166377816,0.00209867850953206,16334.1407261958
"U/N Reef (21-580)","M",196.889121967685,-11.4174327850342,152.58987427,-21.93881989,0.208144,4.386816,35.27805,0.373876,10.23302,0.028864,0.00388,0.004362,0.005444,"Habitat Protection",4902339.167,0.237299071982996,0.0262273926327975,12402.6732724968
"U/N Reef (21-581)","M",200.365168905328,-3.63504672050476,152.62605286,-21.93969154,0.13,4.41,35.24,0.4,11.67,0.02,0.00388,0.00437,0.00538,"Marine National Park",896767.77,0.806779309629937,0.0181403545143568,3406.63211555645
"Beacon Reef (21-582)","O",206.526803641834,-4.38060140609741,152.68792725,-21.93577385,0.30764,4.32291,35.31302,0.33636,22.970485,0.03249,0.00417,0.00439,0.00395,"Habitat Protection",2168279.694,0.739108039661759,0.00686783706056574,5647.67887461365
"U/N Reef (21-583)","O",203.346498132303,-1.97863852977753,152.65789795,-21.94279099,0.25928,4.33648,35.30708,0.34336,19.78185,0.03871,0.00388,0.00438,0.00439,"Marine National Park",576654.4028,0.938155982560956,0.00645890521556596,2855.10609430728
"Jenkins Reef (21-584)","M",197.203122895809,-6.99460315704346,152.59945679,-21.95517349,0.177315,4.3598825,35.3018975,0.36704,12.962765,0.1070575,0.00388,0.0043725,0.00676,"Marine National Park",3536343.586,0.385082393755421,0.0211832111224999,9316.95312637743
"U/N Reef (21-585)","M",194.159210510129,-12.6389789581299,152.57208252,-21.96551514,0.26006,4.34155,35.31905,0.33375,15.53947,0.07961,0.00388,0.00436,0.00648,"Marine National Park",1063595.624,0.537124388539483,0.0150244584206848,4519.99562444847
"U/N Reef (21-745)","M",197.350402824424,-52.1989860534668,152.32028198,-21.42893791,0.3457,4.3284,35.29883,0.28067,7.29946,0.09208,0.00418,0.00386,0.00423,"Habitat Protection",60292.95602,0.131145220618861,0.0806326863268574,891.628019876379
"U/N Reef (21-746)","M",169.236513266662,-30.7378463745117,152.32333374,-21.98820305,0.34144,4.33257,35.36471,0.27549,20.93247,0.04732,0.00388,0.0042,0.00703,"Habitat Protection",577462.0504,0.196722222623233,0.0317227456875523,3602.73621047322
"U/N Reef (21-747)","M",182.508486237768,-40.2227935791016,152.32382202,-21.68810463,NaN,NaN,NaN,NaN,NaN,NaN,NaN,NaN,NaN,NaN,69994.87069,0.046867233356216,0.00714830186350808,1170.80808020992
"U/N Reef (21-748)","M",190.058733338607,-35.9032669067383,152.32571411,-21.55496025,NaN,NaN,NaN,NaN,NaN,NaN,NaN,NaN,NaN,NaN,579810.9178,0.142608255456772,0.0192959460024386,3458.84729315016
"U/N Reef (21-749)","M",172.233543895898,-27.8246192932129,152.33807373,-21.95007896,0.34145,4.32616,35.35238,0.26314,17.39412,0.06379,0.00388,0.00419,0.00701,"Habitat Protection",647218.4711,0.159714029237833,0.0314133249801647,3069.08315065226
"U/N Reef (21-750)","M",190.937293155086,-37.7163925170898,152.33888245,-21.55977058,0.37419,4.31665,35.3131,0.26544,9.74852,0.03919,0.00388,0.00386,0.00672,"Habitat Protection",74739.84381,0.142608255456772,0.0192959460024386,1032.22672322422
"U/N Reef (21-751)","M",191.778117930486,-40.4337882995605,152.34197998,-21.55001068,0.41075,4.32,35.31,0.24,6.55,0.01,0.00388,0.00386,0.00672,"Habitat Protection",135102.8776,0.142608255456772,0.0192959460024386,1341.18650048197
"U/N Reef (21-752)","M",174.031481206169,-29.4585781097412,152.34317017,-21.91989326,0.75,4.37,35.32,0.25,6.62,0.02,0.00388,0.00419,0.00701,"Habitat Protection",200262.3977,0.154737677463032,0.0256871065490622,1720.39504455891
"High Peak Reef (21-428)","I",41.7035915940323,-5.68298530578613,150.68768311,-21.95726395,NaN,NaN,NaN,NaN,NaN,NaN,NaN,NaN,NaN,NaN,998161.947,0.346510960261177,0.0224158254282344,9832.52000910863
"Morpeth Reef (21-430)","I",38.2649333774178,-13.8707313537598,150.58657837,-21.98252487,NaN,NaN,NaN,NaN,NaN,NaN,NaN,NaN,NaN,NaN,154114.7788,0.346510960261177,0.0058941991256938,1816.06111374603
"U/N Reef (21-507)","M",193.362862961601,-4.48261308670044,152.45043945,-21.70457458,0.1815825,4.3170225,35.30984,0.31306,11.849575,0.079455,0.00388,0.00386,0.0073225,"Preservation",2406363.008,0.515180816089731,0.0266872945271708,7018.5930089689
"U/N Reef (21-508)","M",185.049865978608,-14.2492532730103,152.36930847,-21.72053146,0.21211,4.30882,35.32653,0.28501,12.83371,0.09097,0.00388,0.00386,0.0079,"Habitat Protection",56310.42823,0.214763151113305,0.0479153536578935,919.297433892793
"U/N Reef (21-509)","M",186.287680259282,-11.231276512146,152.38668823,-21.72823906,0.207955,4.310545,35.32648,0.28905,12.81658,0.0963,0.00388,0.00386,0.00784,"Marine National Park",4617534.856,0.222703989029161,0.0155084096317509,9159.56100686438
"U/N Reef (21-510)","M",184.382394287656,-25.6489944458008,152.36871338,-21.73306656,NaN,NaN,NaN,NaN,NaN,NaN,NaN,NaN,NaN,NaN,89494.52903,0.214763151113305,0.0479153536578935,1163.29206348388
"Frigate Reef (21-511)","M",189.89602449604,-7.52147579193115,152.42849731,-21.73435974,0.205936666666667,4.31632333333333,35.31529,0.297123333333333,12.9021133333333,0.09454,0.00388,0.00386,0.00711,"Marine National Park",2330245.862,0.302751927147821,0.0367456164875984,8423.5205856932
"Follett Reef (21-586)","O",206.722326265365,-4.44724416732788,152.70141602,-21.96721268,0.1,4.4,35.26,0.425,18.04,0.04,0.00418,0.00439,0.00397,"Habitat Protection",3283849.314,0.578692425358337,0.00739334881876381,7191.9946677682
"U/N Reef (21-587)","M",202.532403355506,-1.25906944274902,152.66088867,-21.97358322,NaN,NaN,NaN,NaN,NaN,NaN,NaN,NaN,NaN,NaN,826319.6443,0.856097286341628,0.00258979844612093,3543.0168850838
"Wade Reef (21-588)","M",200.938687288975,-3.08878469467163,152.64883423,-21.98545456,0.22532,4.34259,35.31106,0.349,17.88134,0.05811,0.00417,0.00438,0.00473,"Marine National Park",2154729.666,0.523626800034492,0.0131068379753385,5960.21102004202
"Littles Reef (21-589)","M",190.918805785339,-11.900071144104,152.54344177,-21.97782898,0.15,4.42,35.26,0.37,7.75,0.04,0.00388,0.00435,0.00598,"Marine National Park",1041747.911,0.509368308351178,0.0177551748750892,3985.24894391506
"U/N Reef (21-590)","M",192.980024542624,-15.4790058135986,152.56604004,-21.98163223,0.19089,4.36731,35.32153,0.373415,11.9376,0.11124,0.00388,0.00436,0.00648,"Marine National Park",1732818.872,0.331028938906752,0.00996784565916399,6376.69770485258
"U/N Reef (21-591)","M",109.037052408066,-12.6051950454712,150.37242126,-21.02275085,0.17031,4.60824,35.275926,0.55069,20.304064,0.171784,0.00417,0.006474,0.188372,"Habitat Protection",5728112.526,0.28526620295131,0.0142527465383865,10379.893174064
"Adroit Shoal (21-592)","M",93.212662864815,-24.1664218902588,151.04034424,-21.58355141,NaN,NaN,NaN,NaN,NaN,NaN,NaN,NaN,NaN,NaN,169142.9711,0.474418492022859,0.0450484577444239,1621.41612124521
"U/N Reef (21-753)","M",197.335882578388,-36.5844497680664,152.34448242,-21.46165276,0.362518333333333,4.32588,35.3021633333333,0.28099,8.02229,0.042435,0.004025,0.00386,0.00529,"Habitat Protection",8685829.488,0.0615689386672318,0.00813537842883175,24637.3019523841
"U/N Reef (21-754)","M",192.228467176336,-39.2336120605469,152.34957886,-21.55377197,1.06,4.32,35.31,0.25,6.62,0.06,0.00388,0.00386,0.00672,"Habitat Protection",702788.8513,0.142300047282405,0.0230103050933903,5637.07801409353
"U/N Reef (21-755)","M",196.964608735347,-43.8329887390137,152.35357666,-21.48029327,0.45966,4.32403,35.30604,0.27336,8.14402,0.03763,0.00417,0.00386,0.00536,"Habitat Protection",269714.542,0.0873318238924963,0.0185758001491213,2124.144849855
"U/N Reef (21-756)","M",195.812248554592,-40.3303909301758,152.35673523,-21.5037899,NaN,NaN,NaN,NaN,NaN,NaN,NaN,NaN,NaN,NaN,68195.54812,0.144679416755149,0.0290035797777043,949.69562131276
"U/N Reef (21-757)","M",178.74417091348,-24.2534656524658,152.36505127,-21.84985924,NaN,NaN,NaN,NaN,NaN,NaN,NaN,NaN,NaN,NaN,193890.6841,0.143756322808537,0.0191473828000116,1857.27998377749
"U/N Reef (21-758)","M",200.970595971089,-38.563907623291,152.36685181,-21.43415833,0.3,4.35,35.27,0.3,3.76,0.01,0.00417,0.00386,0.0046,"Habitat Protection",513346.5183,0.131145220618861,0.0806326863268574,3855.32513167056
"U/N Reef (21-759)","M",202.992488723972,-7.01439619064331,152.36901855,-21.40522575,NaN,NaN,NaN,NaN,NaN,NaN,NaN,NaN,NaN,NaN,6892.095166,0.289473684210526,0.236842105263158,261.36722303545
"U/N Reef (21-760)","M",183.746019477029,-34.8924522399902,152.37193298,-21.75258446,NaN,NaN,NaN,NaN,NaN,NaN,NaN,NaN,NaN,NaN,181717.1817,0.136514579814138,0.0219506959683187,1693.13223794444
"Berwick Reef (21-431)","I",37.7509566085174,-19.0136013031006,150.66928101,-21.99077225,NaN,NaN,NaN,NaN,NaN,NaN,NaN,NaN,NaN,NaN,181250.7188,0.346510960261177,0.0224158254282344,2083.34087014319
"Heralds Reef Prong (21-432)","M",119.492342192956,-6.57089281082153,151.39674377,-21.51145363,0.190236451612903,4.47636870967742,35.4312390322581,0.232973870967742,4.56324774193548,0.0268577419354839,0.00808612903225806,0.00597870967741936,0.0281751612903226,"Marine National Park",37831614.74,0.338784719406,0.0909137830603954,26938.5458142464
"U/N Reef (21-433)","M",121.66812614457,-3.41268515586853,151.47755432,-21.55069733,0.162364285714286,4.46515857142857,35.43321,0.238755714285714,2.94200142857143,0.0133957142857143,0.00642857142857143,0.00518857142857143,0.0282385714285714,"Marine National Park",7801851.868,0.364625412600246,0.0245117315506619,11672.4732697409
"Heralds Prong No 3 (21-434)","M",110.39773615397,-3.30539488792419,151.3825531,-21.60731888,0.328000833333333,4.41509333333333,35.46438,0.235999166666667,8.2383675,0.0233633333333333,0.0081075,0.00599416666666667,0.0360933333333333,"Marine National Park",13615070.09,0.525526324768827,0.0364076841710172,15777.1566505759
"U/N Reef (21-512)","M",179.98754818626,-28.4504451751709,152.33453369,-21.75823021,0.210179230769231,4.33784230769231,35.3106869230769,0.270543846153846,11.3875246153846,0.04855,0.00388,0.00386,0.00855923076923077,"Marine National Park",11853774.6,0.0316850018047425,0.00292682161296904,31721.2302644011
"U/N Reef (21-513)","M",167.993266915395,-21.9172630310059,152.2013092,-21.75213051,0.276225,4.327343,35.343252,0.229701,11.151824,0.018704,0.00388,0.00386,0.010331,"Habitat Protection",12575227.17,0.108927593707918,0.00880477085398878,20686.7604910788
"Detour Reef (21-514)","M",187.359694014592,-8.97667026519775,152.414505,-21.76066017,0.179881111111111,4.31875333333333,35.3151388888889,0.298836666666667,11.6082722222222,0.109877777777778,0.00388,0.00386,0.00732222222222222,"Marine National Park",10081373.78,0.155154748608509,0.0474168566602361,15059.4373489952
"Owens Shoal (21-593)","I",60.326849981212,-30.5522899627686,150.21354675,-21.61403465,0.0926466666666667,4.57416,35.56401,0.75687,26.88674,0.05869,0.01075,0.205966666666667,0.66051,"Habitat Protection",3148901.059,0.346510960261177,0.0101898100021962,6731.52837750076
"U/N Reef (21-594)","O",167.869565005438,-8.22256565093994,151.49252319,-21.04630661,0.20277,4.4203325,35.3432125,0.2279625,7.0649075,0.1237425,0.0066,0.00503,0.02472,"Habitat Protection",3486057.897,0.440263355101167,0.0454983406487528,14310.7631705918
"U/N Reef (21-595)","O",169.633082199747,-7.86924600601196,151.50683594,-21.03574944,0.208955,4.412325,35.342185,0.23576,7.17465,0.20093,0.0066,0.00503,0.02472,"Habitat Protection",3338817.122,0.400156442060565,0.0288021007933847,12250.6543218428
"U/N Reef (21-596)","O",170.216786265832,-8.76280403137207,151.51753235,-21.03556442,NaN,NaN,NaN,NaN,NaN,NaN,NaN,NaN,NaN,NaN,231730.6175,0.493547910428563,0.0405057775271547,2478.1841031628
"U/N Reef (21-597)","O",169.859535858043,-11.0150346755981,151.51855469,-21.03987694,NaN,NaN,NaN,NaN,NaN,NaN,NaN,NaN,NaN,NaN,13627.89992,0.463576158940397,0.0927152317880795,377.893192102076
"U/N Reef (21-598)","O",170.379928625442,-15.6097450256348,151.53845215,-21.045681,NaN,NaN,NaN,NaN,NaN,NaN,NaN,NaN,NaN,NaN,262808.4738,0.0428015564202335,0.0014149274849664,2167.98278941031
"U/N Reef (21-599)","O",142.974184757482,-21.7212810516357,151.49734497,-21.31705666,NaN,NaN,NaN,NaN,NaN,NaN,NaN,NaN,NaN,NaN,232636.718,0.257337107264915,0.0369216592241494,3416.74964475095
"U/N Reef (21-600)","O",144.278007218424,-13.374716758728,151.5625,-21.34963799,0.11,4.46,35.38,0.19,2.76,0.04,0.00705,0.00558,0.02844,"Habitat Protection",202358.2942,0.426539398914161,0.0459312929629271,1809.77218696937
"U/N Reef (21-601)","O",155.525641150086,-13.7645130157471,151.57629395,-21.23110199,NaN,NaN,NaN,NaN,NaN,NaN,NaN,NaN,NaN,NaN,130530.0998,0.368493537653598,0.0308090201247542,1419.66872218638
"U/N Reef (21-761)","M",179.738444436709,-18.7665786743164,152.37568665,-21.86188126,0.24304,4.32953,35.33406,0.28369,13.88961,0.11938,0.00388,0.00423,0.00698,"Marine National Park",1450928.015,0.171992059934687,0.021258884548889,5837.35686863009
"U/N Reef (21-762)","M",176.349308207941,-31.9893589019775,152.37590027,-21.93807983,NaN,NaN,NaN,NaN,NaN,NaN,NaN,NaN,NaN,NaN,482852.8878,0.150225051766011,0.0342658268069512,3098.36124923725
"U/N Reef (21-763)","M",186.865746984411,-9.87123203277588,152.38340759,-21.71019936,NaN,NaN,NaN,NaN,NaN,NaN,NaN,NaN,NaN,NaN,65716.79853,0.336605890603086,0.109396914446003,1029.62114253258
"U/N Reef (21-764)","M",192.546179128076,-3.96286630630493,152.41007996,-21.64658737,0.13,4.29,35.31,0.33,7.77,0.15,0.00388,0.00386,0.00731,"Habitat Protection",975141.2411,0.520240595760932,0.0610082108077143,4116.49752061097
"U/N Reef (21-768)","M",178.319311817029,-33.320426940918,152.41242981,-21.97541809,NaN,NaN,NaN,NaN,NaN,NaN,NaN,NaN,NaN,NaN,70655.63414,0.436278455579124,0.0656672786562472,970.253883169227
"U/N Reef (21-769)","M",191.684055725091,-6.81735897064209,152.41320801,-21.66892624,NaN,NaN,NaN,NaN,NaN,NaN,NaN,NaN,NaN,NaN,229799.9241,0.566680178354276,0.0389136603161735,1924.1197696435
"U/N Reef (21-770)","M",178.844430969136,-37.1484985351562,152.41603088,-21.97094154,NaN,NaN,NaN,NaN,NaN,NaN,NaN,NaN,NaN,NaN,95056.84786,0.436278455579124,0.0656672786562472,1279.26136448769
"U/N Reef (21-771)","M",203.668353608168,-43.336254119873,152.42280579,-21.46875381,NaN,NaN,NaN,NaN,NaN,NaN,NaN,NaN,NaN,NaN,79995.28925,0.26158649568584,0.0532771402848567,1062.68416693282
"U/N Reef (21-772)","M",204.520080186643,-44.0982322692871,152.42384338,-21.45611954,NaN,NaN,NaN,NaN,NaN,NaN,NaN,NaN,NaN,NaN,96855.94675,0.298904692913676,0.0375780543021012,1294.30149753418
"U/N Reef (21-773)","M",179.183849996641,-28.5599040985107,152.42390442,-21.98160744,NaN,NaN,NaN,NaN,NaN,NaN,NaN,NaN,NaN,NaN,168391.0545,0.384482117916001,0.0542359905636224,2211.93425808022
"U/N Reef (21-774)","M",179.896967317174,-35.3777008056641,152.42840576,-21.97450829,NaN,NaN,NaN,NaN,NaN,NaN,NaN,NaN,NaN,NaN,61153.09036,0.498514727375555,0.0646754467719336,1101.55794464726
"U/N Reef (21-775)","M",203.437037476785,-28.9759178161621,152.4478302,-21.51005363,NaN,NaN,NaN,NaN,NaN,NaN,NaN,NaN,NaN,NaN,58385.92798,0.313201968727508,0.102331799819981,905.230384438233
"Bell Reef (21-435)","M",84.9627056734725,-33.479564666748,151.26031494,-21.81486893,0.378755,4.38697875,35.5251225,0.21763,22.20636125,0.074395,0.00426,0.00704,0.13632,"Preservation",9443838.32,0.343337099071664,0.0058941991256938,20054.4330817433
"U/N Reef (21-436)","M",134.842420053072,-13.3126220703125,151.60098267,-21.49707985,0.19815,4.441745,35.40929,0.21597,4.11164,0.082565,0.00654,0.00465,0.02686,"Habitat Protection",1922693.859,0.35087973704563,0.00555877803557618,7716.26976858229
"U/N Reef (21-437)","M",163.825887260878,-26.0142726898193,151.9732666,-21.50391006,0.2971225,4.3514025,35.3317275,0.191535,6.719255,0.1065025,0.00476,0.00386,0.00854,"Habitat Protection",5559376.412,0.176202710451547,0.0197090308515524,12997.3793832186
"U/N Reef (21-438)","M",150.50741842748,-7.29012441635132,151.81166077,-21.51576233,0.249332,4.372684,35.37248,0.180886,6.341482,0.106048,0.0053,0.00386,0.01518,"Habitat Protection",5067270.17,0.301535127988542,0.0284439384479783,8411.75775939434
"U/N Reef (21-439)","M",137.139040642289,-3.46056199073792,151.65344238,-21.51837349,0.25532,4.39952,35.41272,0.21311,6.7119,0.06299,0.00658,0.0049,0.02511,"Habitat Protection",1457733.169,0.65962740844711,0.00925098889881332,4731.90882857293
"U/N Reef (21-515)","M",158.660840283029,-22.1225433349609,152.11953735,-21.78804779,0.313168571428571,4.34891857142857,35.3513528571429,0.204244285714286,15.09909,0.0186342857142857,0.00388,0.00386,0.00977571428571429,"Habitat Protection",8926283.736,0.0535842611204266,0.0044992032660883,17194.3288303251
"U/N Reef (21-516)","M",160.88652882526,-17.9292907714844,152.1502533,-21.79958344,0.166203333333333,4.35741,35.3425633333333,0.2213,12.78802,0.01526,0.00388,0.00386,0.00969,"Habitat Protection",3695249.146,0.0899311667493309,0.00657120765062867,8550.83804537152
"Small Reef (21-517)","M",187.597357333299,-6.63386821746826,152.42431641,-21.77576065,NaN,NaN,NaN,NaN,NaN,NaN,NaN,NaN,NaN,NaN,446297.3999,0.653878231859883,0.0221017514595496,2599.51368831731
"Price Cay Reef (21-518)","M",190.186726446643,-8.42582321166992,152.45567322,-21.7843132,0.1542,4.32925,35.31589,0.322115,10.13193,0.10612,0.00388,0.00429,0.00643,"Marine National Park",2038064.608,0.342773615932761,0.0320665083135392,6106.6208370215
"U/N Reef (21-602)","O",148.010008837501,-21.4982833862305,151.58444214,-21.32298851,NaN,NaN,NaN,NaN,NaN,NaN,NaN,NaN,NaN,NaN,350483.2191,0.426539398914161,0.0459312929629271,3732.00731432649
"U/N Reef (21-603)","O",154.833992278839,-37.8635444641113,151.60624695,-21.26049423,NaN,NaN,NaN,NaN,NaN,NaN,NaN,NaN,NaN,NaN,263061.5607,0.420439604186664,0.0399771443540421,1842.29533155751
"U/N Reef (21-604)","O",158.345839749138,-52.0109519958496,151.61611938,-21.22754478,NaN,NaN,NaN,NaN,NaN,NaN,NaN,NaN,NaN,NaN,146639.4107,0.420439604186664,0.0399771443540421,2090.72956919148
"U/N Reef (21-605)","O",171.319027799124,-5.69961261749268,151.63928223,-21.0980835,0.23993,4.39503,35.351,0.20919,6.75514,0.06778,0.00597,0.00447,0.02637,"Habitat Protection",607288.7022,0.672090881178999,0,3205.99716694386
"U/N Reef (21-606)","O",179.640267034042,-30.3036479949951,151.65821838,-21.01909065,NaN,NaN,NaN,NaN,NaN,NaN,NaN,NaN,NaN,NaN,275615.4112,0.450524012855373,0.0355455788061958,4559.98974523969
"U/N Reef (21-607)","O",182.903420404596,-32.2341690063477,151.68371582,-20.99985504,NaN,NaN,NaN,NaN,NaN,NaN,NaN,NaN,NaN,NaN,420711.6031,0.441839677666522,0.056707046508268,2796.9763054462
"U/N Reef (21-608)","M",152.017149911424,-13.3896608352661,151.68840027,-21.36059952,0.23576,4.39706,35.37444,0.18818,5.08767,0.07176,0.00651,0.0049,0.02471,"Habitat Protection",161251.2724,0.307749002305617,0.0127876204790382,1472.51799825048
"U/N Reef (21-609)","M",158.347629229569,-17.5164089202881,151.70860291,-21.30030441,0.09,4.42,35.34,0.17,2.75,0.12,0.0064,0.00476,0.02296,"Marine National Park",100943.2905,0.481915064176854,0.0298114102586977,1264.27739490164
"U/N Reef (21-610)","O",173.840955850126,-28.2477779388428,151.71452332,-21.12241364,NaN,NaN,NaN,NaN,NaN,NaN,NaN,NaN,NaN,NaN,155612.0233,0.575334142194609,0.0670122763655601,2709.80131645803
"U/N Reef (21-611)","M",157.434466895369,-26.4009895324707,151.71566772,-21.31757736,0.27482,4.38649,35.36087,0.17152,4.62212,0.08733,0.00646,0.00485,0.02047,"Marine National Park",528572.8397,0.334182913683836,0.0138736231462548,3284.10949059434
"U/N Reef (21-612)","O",183.195662023843,-42.1504669189453,151.75874329,-21.04790115,NaN,NaN,NaN,NaN,NaN,NaN,NaN,NaN,NaN,NaN,299714.3325,0.476233738348368,0.0615771976177105,2614.68151495061
"U/N Reef (21-613)","O",178.81885397719,-33.5963172912598,151.76222229,-21.1006279,NaN,NaN,NaN,NaN,NaN,NaN,NaN,NaN,NaN,NaN,258417.987,0.476233738348368,0.0615771976177105,2826.20209477792
"U/N Reef (21-776)","M",210.200443608321,-40.460693359375,152.46855164,-21.42641258,0.16,4.28,35.3,0.39,5.45,0.15,0.00388,0.00386,0.00487,"Habitat Protection",568809.592,0.310588420942747,0.0277353444337309,2941.50393636477
"U/N Reef (21-777)","M",190.050646633426,-8.40213680267334,152.46974182,-21.81890869,NaN,NaN,NaN,NaN,NaN,NaN,NaN,NaN,NaN,NaN,89193.71831,0.62008281573499,0.0248447204968944,1300.91285884283
"U/N Reef (21-778)","M",202.458408975641,-21.8533000946045,152.48916626,-21.59504509,NaN,NaN,NaN,NaN,NaN,NaN,NaN,NaN,NaN,NaN,83487.36626,0.467908188648992,0.0366634373388703,1249.77001369731
"U/N Reef (21-779)","M",198.131858331332,-14.2572002410889,152.51347351,-21.72882843,NaN,NaN,NaN,NaN,NaN,NaN,NaN,NaN,NaN,NaN,64607.9457,0.0115774240231548,0,947.936311620712
"U/N Reef (21-780)","O",206.070153919676,-15.4195899963379,152.53730774,-21.61031723,NaN,NaN,NaN,NaN,NaN,NaN,NaN,NaN,NaN,NaN,305221.1395,0.493626971764702,0.0374411674798392,4479.57200949849
"U/N Reef (21-781)","O",206.85522201029,-14.3757753372192,152.53820801,-21.5966053,NaN,NaN,NaN,NaN,NaN,NaN,NaN,NaN,NaN,NaN,864279.7392,0.496681011432895,0.0318264540652402,5474.68575918265
"U/N Reef (21-782)","O",213.29315900848,-23.8580589294434,152.56277466,-21.51738739,0.231396666666667,4.34698333333333,35.2831933333333,0.323243333333333,14.32832,0.0213166666666667,0.00388,0.00386,0.00581,"Habitat Protection",1698527.278,0.469082496269747,0.0310496231710676,5851.5578281245
"U/N Reef (21-783)","O",218.049969989995,-30.0096702575684,152.57455444,-21.45111275,NaN,NaN,NaN,NaN,NaN,NaN,NaN,NaN,NaN,NaN,112606.1495,0.387296851435702,0.0100784356512198,1270.81432033195
"U/N Reef (21-784)","O",217.91532481053,-22.8801689147949,152.57673645,-21.45688629,NaN,NaN,NaN,NaN,NaN,NaN,NaN,NaN,NaN,NaN,165982.351,0.387296851435702,0.0100784356512198,1654.9024133862
"U/N Reef (21-785)","O",222.436311983593,-24.691837310791,152.6075592,-21.42566109,NaN,NaN,NaN,NaN,NaN,NaN,NaN,NaN,NaN,NaN,267661.2928,0.355385245510269,0.0139213190131223,2708.27063407433
"U/N Reef (21-786)","O",210.228694010378,-23.1418418884277,152.62992859,-21.70448875,NaN,NaN,NaN,NaN,NaN,NaN,NaN,NaN,NaN,NaN,108086.204,0.424860927925174,0.0414069288611488,1194.22846821682
"U/N Reef (21-440)","M",128.522228905815,-5.73083257675171,151.54176331,-21.52249908,0.184912,4.440542,35.426652,0.227836,4.245084,0.058624,0.00642,0.00506,0.02722,"Marine National Park",6069163.397,0.373623006327659,0.0466684030703703,9060.19268160841
"U/N Reef (21-441)","M",146.852795840935,-6.47794818878174,151.77458191,-21.5274086,0.18461375,4.39326,35.37839,0.17602,4.515795,0.122195,0.005525,0.004385,0.01726,"Habitat Protection",8178906.651,0.273118230636206,0.0439496677892054,12185.6811877965
"U/N Reef (21-442)","M",157.840715301819,-11.6589546203613,151.91513062,-21.52347755,0.407181666666667,4.34341833333333,35.347255,0.166501666666667,6.195395,0.14997,0.00477,0.00386,0.01152,"Habitat Protection",7331745.111,0.225301158938296,0.0238896152527958,10636.8489736541
"U/N Reef (21-443)","M",138.696436374688,-3.84593915939331,151.7071228,-21.56830406,0.23381,4.389035,35.413705,0.21636,7.691925,0.070825,0.00579,0.00428,0.01948,"Habitat Protection",1469203.744,0.724465257562334,0.0132894570307556,5000.90257891622
"U/N Reef (21-444)","M",130.11690607523,-4.49081468582153,151.62028503,-21.57858467,0.188715,4.41601,35.427095,0.225565,6.80771,0.1071175,0.006135,0.00485,0.02501,"Marine National Park",5589336.837,0.417929313929314,0.0273264033264033,10156.7905715347
"U/N Reef (21-445)","M",142.521609601154,-29.5926856994629,151.77416992,-21.58350372,0.17499,4.38355,35.39327,0.19111,6.401685,0.080155,0.00527,0.004135,0.0149,"Habitat Protection",2656998.547,0.355695758963287,0.0203348753293883,6487.59583371359
"U/N Reef (21-446)","M",155.929387980977,-19.8935775756836,151.9379425,-21.57574081,0.2808175,4.35406,35.3515525,0.18353,7.5447575,0.06173,0.0047425,0.00386,0.009455,"Habitat Protection",3703819.395,0.20021154134391,0.0133670778485587,7883.96581838164
"U/N Reef (21-447)","M",152.748473349862,-28.7015419006348,151.92170715,-21.60271454,0.11,4.34,35.36,0.21,6.11,0.05,0.00474,0.00386,0.01156,"Habitat Protection",1206141.593,0.20021154134391,0.0133670778485587,5251.68564507628
"Turtle Reef (21-519)","M",182.591858666525,-22.9453639984131,152.38275146,-21.7998085,0.186433846153846,4.33673846153846,35.3168615384615,0.287970769230769,11.6989792307692,0.109784615384615,0.00388,0.00386,0.00770076923076923,"Marine National Park",15765703.39,0.0543459656619431,0.0104584112894182,22653.934835466
"U/N Reef (21-520)","M",191.251357922683,-5.10924816131592,152.47640991,-21.80547142,0.1467175,4.33957,35.3009975,0.3224625,9.54565,0.105395,0.00388,0.00429,0.00643,"Marine National Park",3693786.069,0.344628640532097,0.0572155598105412,7938.36567611868
"U/N Reef (21-521)","M",188.999181550468,-4.23258113861084,152.45417786,-21.80854034,NaN,NaN,NaN,NaN,NaN,NaN,NaN,NaN,NaN,NaN,188150.3927,0.807806324110672,0.0578063241106719,1889.28290993142
"U/N Reef (21-522)","M",184.806776170661,-15.271294593811,152.40943909,-21.80698013,NaN,NaN,NaN,NaN,NaN,NaN,NaN,NaN,NaN,NaN,138075.3126,0.17979797979798,0.00942760942760943,1395.58756923356
"U/N Reef (21-523)","M",165.682573383063,-19.8114242553711,152.21095276,-21.81646729,0.218307142857143,4.35680857142857,35.3387771428571,0.240581428571429,11.8053742857143,0.0171914285714286,0.00388,0.00386,0.00886571428571429,"Marine National Park",7847917.67,0.107281645419648,0.00640964883180892,14870.8235879753
"U/N Reef (21-614)","O",179.476338270644,-35.5425300598145,151.77900696,-21.10577011,NaN,NaN,NaN,NaN,NaN,NaN,NaN,NaN,NaN,NaN,143384.281,0.517476941121574,0.0555877350852647,1537.16344644435
"U/N Reef (21-615)","O",178.134848878733,-27.054874420166,151.78540039,-21.12643814,NaN,NaN,NaN,NaN,NaN,NaN,NaN,NaN,NaN,NaN,60762.56752,0.431567387961423,0.0435373208009117,900.758393904339
"U/N Reef (21-616)","O",184.371419981181,-41.0770416259766,151.8044281,-21.06828499,0.569173333333333,4.35128,35.3587433333333,0.227836666666667,2.04564333333333,0.0240733333333333,0.00592,0.00421666666666667,0.0105733333333333,"Habitat Protection",1932418.639,0.517476941121574,0.0555877350852647,5754.15013794431
"U/N Reef (21-617)","O",178.854687339488,-33.7260208129883,151.81610107,-21.14250183,NaN,NaN,NaN,NaN,NaN,NaN,NaN,NaN,NaN,NaN,215188.7921,0.509013923648245,0.054839273235537,2345.16149840108
"U/N Reef (21-618)","M",162.573692413175,-26.4940052032471,151.85641479,-21.38642311,NaN,NaN,NaN,NaN,NaN,NaN,NaN,NaN,NaN,NaN,123241.9211,0.310418039762264,0.0156423345281265,1535.74677808681
"U/N Reef (21-619)","O",191.063797093373,-27.5010757446289,151.88566589,-21.05342674,NaN,NaN,NaN,NaN,NaN,NaN,NaN,NaN,NaN,NaN,930946.553,0.507377930463202,0.0637279598987842,3833.3935088843
"U/N Reef (21-620)","M",181.570020517079,-27.5552253723145,151.91297913,-21.19337463,0.594561666666667,4.34301166666667,35.3645983333333,0.237663333333333,2.44066166666667,0.12085,0.00626666666666667,0.00422166666666667,0.0161583333333333,"Habitat Protection",6791275.482,0.435575375480384,0.00805459505647388,12902.4673263443
"U/N Reef (21-621)","M",170.782734333032,-28.6755180358887,151.92332458,-21.34553337,0.339238571428571,4.34067285714286,35.3145428571429,0.177035714285714,3.66293,0.162408571428571,0.00516,0.00386,0.0114357142857143,"Habitat Protection",7766433.798,0.310418039762264,0.0156423345281265,13654.5393376921
"U/N Reef (21-622)","M",178.920614835333,-22.7997627258301,151.93522644,-21.24876022,NaN,NaN,NaN,NaN,NaN,NaN,NaN,NaN,NaN,NaN,439088.9332,0.352744913985383,0.0150527596856899,3159.12702726891
"U/N Reef (21-623)","M",174.067366144287,-28.1361865997314,151.96444702,-21.34487915,0.372773333333333,4.33595666666667,35.3103066666667,0.194403333333333,5.02465,0.212553333333333,0.00458,0.00386,0.00883666666666667,"Habitat Protection",2067344.992,0.290345799750937,0.0150414228331616,6340.41955678213
"U/N Reef (21-787)","O",210.53872458355,-26.8110008239746,152.63098145,-21.69975281,0.46222,4.29659,35.31964,0.28361,22.85734,0.02353,0.00388,0.00434,0.00722,"Habitat Protection",65909.72384,0.424860927925174,0.0414069288611488,999.898193941292
"U/N Reef (21-788)","O",207.46936200815,-14.2969655990601,152.64213562,-21.80385208,NaN,NaN,NaN,NaN,NaN,NaN,NaN,NaN,NaN,NaN,106569.3007,0.509722247033332,0.0329265909644893,1497.20102384094
"U/N Reef (21-789)","O",217.801851785436,-29.2445659637451,152.64953613,-21.58280945,0.56839,4.30704,35.32454,0.27201,23.28507,0.01886,0.00388,0.00386,0.0053,"Habitat Protection",619606.672,0.482949675975697,0.0222418841842572,2998.04555822367
"U/N Reef (21-791)","M",127.450108955425,-32.9457855224609,150.64302063,-21.12710571,NaN,NaN,NaN,NaN,NaN,NaN,NaN,NaN,NaN,NaN,463158.8341,0.258484543956634,0.0418604083403027,3485.98153162624
"U/N Reef (21-792)","M",143.12909515027,-36.4033889770508,150.79147339,-21.04992676,NaN,NaN,NaN,NaN,NaN,NaN,NaN,NaN,NaN,NaN,124382.5202,0.321460829717769,0.0367436304422477,1391.74660591418
"U/N Reef (21-793)","M",119.070448013895,-16.9493846893311,150.90830994,-21.28977776,NaN,NaN,NaN,NaN,NaN,NaN,NaN,NaN,NaN,NaN,57968.42457,0.400627018408593,0.0270189732130592,1010.33077301908
"U/N Reef (21-794)","M",139.39089019718,-56.4439315795898,150.9342041,-21.10757637,NaN,NaN,NaN,NaN,NaN,NaN,NaN,NaN,NaN,NaN,507253.1803,0.181309226783394,0.0101827798575366,4191.41321627434
"U/N Reef (21-795)","M",126.659914923312,-25.6000328063965,150.95549011,-21.23083878,NaN,NaN,NaN,NaN,NaN,NaN,NaN,NaN,NaN,NaN,577357.584,0.359694416443947,0.0285597573700682,3261.5001795708
"U/N Reef (21-796)","M",124.226876265269,-42.1064720153809,150.96179199,-21.25525856,NaN,NaN,NaN,NaN,NaN,NaN,NaN,NaN,NaN,NaN,641315.6277,0.400627018408593,0.0270189732130592,3508.34074887428
"U/N Reef (21-797)","M",132.858172948666,-60.7506370544434,150.96528625,-21.17553329,NaN,NaN,NaN,NaN,NaN,NaN,NaN,NaN,NaN,NaN,224203.1916,0.139381338690789,0.00699329216313813,2099.31250240447
"U/N Reef (21-798)","M",125.745092213133,-43.0508575439453,150.9704895,-21.24340439,NaN,NaN,NaN,NaN,NaN,NaN,NaN,NaN,NaN,NaN,315295.1137,0.405139805214491,0.0297405686778196,2442.69170949243
"U/N Reef (21-799)","M",129.844031671024,-55.117561340332,150.98094177,-21.20784569,NaN,NaN,NaN,NaN,NaN,NaN,NaN,NaN,NaN,NaN,161872.5941,0.1423162060198,0.00851636076720003,1513.06869144133
"U/N Reef (21-448)","M",119.020193944452,-7.10624170303345,151.51902771,-21.62318039,0.08,4.46,35.44,0.26,7.45,0.01,0.00507,0.00472,0.02706,"Marine National Park",1002897.342,0.490272373540856,0.0295534556234945,4111.94333584586
"U/N Reef (21-449)","M",123.351378124767,-6.03017950057983,151.57746887,-21.62550163,0.229882222222222,4.41366111111111,35.4423633333333,0.239624444444444,9.9919,0.0878355555555556,0.00491555555555555,0.00457444444444444,0.0260288888888889,"Marine National Park",11528104.68,0.430659818253655,0.0625468678186407,14189.4816263611
"U/N Reef (21-450)","M",126.964266919323,-6.01076316833496,151.62454224,-21.62705231,0.18339,4.415601,35.438596,0.239541,8.677012,0.106953,0.005132,0.004396,0.023935,"Marine National Park",11258553.74,0.398842690043998,0.0351815622858935,13460.3834245763
"U/N Reef (21-451)","M",140.394997267897,-25.6720790863037,151.79023743,-21.62903214,0.180886,4.3882992,35.3984696,0.1928008,8.7414488,0.0972452,0.0048996,0.0040456,0.0143788,"Habitat Protection",32076939.31,0.0695037886913217,0.00376550116820398,35808.7440110143
"U/N Reef (21-452)","M",124.135402900682,-8.09593296051025,151.60707092,-21.64738655,NaN,NaN,NaN,NaN,NaN,NaN,NaN,NaN,NaN,NaN,300935.2117,0.595429277331686,0,1947.65196603756
"U/N Reef (21-453)","M",130.950491074879,-5.24548959732056,151.69241333,-21.65459442,0.214073333333333,4.43602,35.42269,0.22334,8.25867,0.109206666666667,0.0052,0.00415,0.02168,"Habitat Protection",2427903.078,0.609637539709879,0.0185631721973437,6297.82766813829
"Houdini Reef (21-524)","M",185.864108224132,-9.73132991790771,152.42793274,-21.82340813,0.14251,4.326224,35.341612,0.333176,8.555212,0.131628,0.00388,0.00426,0.007,"Marine National Park",4427729.241,0.182993211576049,0.0415081650238541,8925.49863012458
"U/N Reef (21-525)","M",188.873670948362,-5.05729675292969,152.45932007,-21.82321739,0.12,4.33,35.34,0.35,6.93,0.12,0.00388,0.00429,0.00598,"Marine National Park",502691.6769,0.741748303025477,0.0329189379461118,2880.86040779924
"U/N Reef (21-526)","M",174.502501000189,-17.9757976531982,152.31219482,-21.83160782,0.283301176470588,4.34588647058824,35.3321823529412,0.273031764705882,10.2259935294118,0.0243588235294118,0.00388,0.00386,0.00765,"Marine National Park",20257809.49,0.0908206262795032,0.0129809325340359,22376.823674885
"U/N Reef (21-527)","M",189.200240512796,-2.70205736160278,152.46665955,-21.84184265,0.12,4.33,35.34,0.35,6.76,0.12,0.00388,0.00429,0.00598,"Habitat Protection",386720.3357,0.797355769230769,0.0161057692307692,2391.13323270288
"U/N Reef (21-528)","M",169.151433283926,-27.9056644439697,152.26721191,-21.85632515,0.09,4.36,35.34,0.26,11.33,0.02,0.00388,0.00386,0.00773,"Marine National Park",1870448.721,0.140671907476587,0.0163064770407693,8653.54837531442
"U/N Reef (21-529)","M",159.769672387802,-11.8266878128052,152.17295837,-21.8669281,0.184991666666667,4.36304,35.36343,0.253358333333333,15.921695,0.0161333333333333,0.00388,0.00386,0.00788166666666667,"Preservation",6721661.821,0.152126114913918,0.0205351586807716,10746.36155469
"U/N Reef (21-530)","M",186.050017609563,-5.94274234771729,152.43983459,-21.85553551,0.115,4.345,35.33,0.34,7.29,0.22,0.00388,0.004265,0.006935,"Habitat Protection",2263847.308,0.212957260746397,0.0431908691546578,6658.42427298555
"U/N Reef (21-624)","M",188.382790562391,-34.5764617919922,151.97375488,-21.1634407,0.549097352941176,4.34160470588235,35.3748273529412,0.254883235294118,2.05377852941176,0.211418235294118,0.00612176470588235,0.00437617647058824,0.00906852941176471,"Habitat Protection",37417385.3,0.352744913985383,0.0150527596856899,36644.5228071226
"U/N Reef (21-625)","O",200.036445037469,-45.0221138000488,151.98078918,-21.02438927,NaN,NaN,NaN,NaN,NaN,NaN,NaN,NaN,NaN,NaN,662026.4736,0.2701803142546,0.00445116471569505,3034.15294288644
"U/N Reef (21-626)","M",176.179110073351,-28.109582901001,151.98864746,-21.35400581,0.3901425,4.3344125,35.3144125,0.2060375,5.08617,0.18307,0.0046925,0.00386,0.0073,"Habitat Protection",4046569.75,0.290345799750937,0.0150414228331616,10068.3793386927
"U/N Reef (21-627)","M",186.236024977399,-31.3518753051758,151.99343872,-21.2104435,NaN,NaN,NaN,NaN,NaN,NaN,NaN,NaN,NaN,NaN,236533.0863,0.352744913985383,0.0150527596856899,2226.3261087285
"U/N Reef (21-628)","M",187.103322581249,-30.0833053588867,151.99760437,-21.20317268,NaN,NaN,NaN,NaN,NaN,NaN,NaN,NaN,NaN,NaN,52360.48737,0.352744913985383,0.0150527596856899,1019.44362303243
"U/N Reef (21-629)","M",209.109358661221,-44.2798538208008,152.16783142,-21.08334923,0.250386666666667,4.36417333333333,35.2826966666667,0.296986666666667,1.99311,0.08767,0.00495666666666667,0.00434666666666667,0.00386,"Marine National Park",3543193.582,0.385895682475926,0.0024467436483664,15352.7294189469
"U/N Reef (21-630)","M",189.165626761648,-37.1396408081055,152.17837524,-21.37708664,0.38748,4.32821,35.30382,0.2589,5.6903,0.04162,0.00475,0.00386,0.00403,"Habitat Protection",480020.9889,0.102393690970011,0.0023124024284593,2946.92806105791
"U/N Reef (21-800)","M",123.1939765441,-50.3645133972168,150.9881134,-21.27243233,0.210643333333333,4.52355833333333,35.4546016666667,0.310196666666667,30.0985833333333,0.035035,0.00775,0.00729,0.05343,"Habitat Protection",6090213.471,0.343645528895406,0.0197927118701649,12902.7948124224
"U/N Reef (21-801)","M",126.508348550528,-56.8212928771973,150.99845886,-21.24422073,NaN,NaN,NaN,NaN,NaN,NaN,NaN,NaN,NaN,NaN,123144.2679,0.348158315701303,0.0225143073349254,1556.33745649676
"U/N Reef (21-804)","M",127.532767278391,-54.9583053588867,151.00405884,-21.23621941,NaN,NaN,NaN,NaN,NaN,NaN,NaN,NaN,NaN,NaN,126424.9038,0.1423162060198,0.00851636076720003,1635.31835782391
"U/N Reef (21-805)","M",121.166924404767,-14.4538860321045,151.03459167,-21.30661774,0.163942,4.548406,35.363236,0.313646,19.309116,0.032412,0.008032,0.00684,0.043268,"Marine National Park",4595886.709,0.217017227766868,0.0263376318399903,9415.7387275841
"U/N Reef (21-806)","M",154.108751743944,-61.1695823669434,151.07525635,-21.00653839,NaN,NaN,NaN,NaN,NaN,NaN,NaN,NaN,NaN,NaN,390564.1419,0.284950812421794,0.0143829908040041,2710.49034537826
"U/N Reef (21-807)","M",133.129885910796,-66.1284790039062,151.07530212,-21.20594215,0.20555,4.5256,35.41872,0.26865,23.04875,0.03084,0.00819,0.00473,0.03379,"Habitat Protection",1051633.411,0.212838737652093,0.020989940459423,4303.52907669437
"U/N Reef (21-808)","M",139.137026825974,-55.1319274902344,151.08120728,-21.15045166,0.20767,4.51923,35.40523,0.27589,20.82822,0.0314,0.00735,0.00425,0.0325,"Habitat Protection",222288.7485,0.226693120377612,0.00973086544372251,2066.56661849173
"U/N Reef (21-809)","M",143.002469956571,-43.2864456176758,151.09669495,-21.11870384,0.21135,4.51657,35.40981,0.26829,19.46269,0.03375,0.00735,0.00425,0.0325,"Habitat Protection",730190.7455,0.242719257530036,0.00872281786779868,4859.9128462658
"U/N Reef (21-810)","M",120.903971230581,-32.5659370422363,151.12905884,-21.34788513,NaN,NaN,NaN,NaN,NaN,NaN,NaN,NaN,NaN,NaN,180509.9185,0.394756481820726,0.0345532908225159,1647.53784820842
"U/N Reef (21-454)","M",146.310669093411,-15.4919319152832,151.96842957,-21.76605034,0.241671,4.350075,35.397131,0.217442,10.276435,0.02875,0.004383,0.00386,0.012587,"Habitat Protection",9955622.963,0.197699694524984,0.015730344393417,16143.2001147124
"U/N Reef (21-455)","M",148.993658008077,-15.9162654876709,151.91438293,-21.64925003,0.33,4.365,35.36,0.145,7.14,0.01,0.00448,0.00386,0.01228,"Habitat Protection",4906619.347,0.250620676584857,0.0137212167156259,8303.97699549393
"U/N Reef (21-456)","M",154.333979426408,-40.2883682250977,151.97792053,-21.64864922,0.26617,4.364925,35.34982,0.17977,8.17285,0.031055,0.00447,0.00386,0.01098,"Habitat Protection",2854415.496,0.198526320183164,0.00796038749927389,8743.78719651578
"U/N Reef (21-457)","M",119.143223270889,-5.20426893234253,151.56695557,-21.6727066,0.177195,4.421725,35.45385,0.23922,11.345805,0.056975,0.004435,0.004455,0.02611,"Habitat Protection",2177047.998,0.700196145318096,0.0202967763943374,6542.57861933642
"U/N Reef (21-458)","M",124.41286554804,-3.07830834388733,151.62301636,-21.67194366,0.2,4.42,35.465,0.27,7.77,0.071865,0.00524,0.0044,0.024,"Habitat Protection",1774356.918,0.56482270423126,0.018492779560077,5016.02146528431
"Heralds Prong No 2 (21-459)","M",116.161708639187,-4.72805643081665,151.54631042,-21.70549583,0.209856341463415,4.42211365853659,35.4650585365854,0.24580487804878,13.527122195122,0.0382509756097561,0.00502463414634146,0.00440609756097561,0.0270826829268293,"Habitat Protection",60415334.48,0.37524002207665,0.0239430188743061,51311.7708422214
"U/N Reef (21-531)","M",182.777819295021,-13.2009735107422,152.40858459,-21.862854,0.22885,4.328145,35.32925,0.29041,13.96303,0.12085,0.00388,0.00425,0.006925,"Habitat Protection",3289191.624,0.138240117627099,0.0534977096646497,7552.56911630233
"U/N Reef (21-532)","M",177.156598393193,-8.60308742523193,152.35409546,-21.8627739,0.149143333333333,4.34499,35.3493466666667,0.308543333333333,9.32516,0.18138,0.00388,0.00420333333333333,0.00727333333333333,"Marine National Park",3969171.301,0.223913450730611,0.0295288497564631,7456.1995307254
"U/N Reef (21-533)","M",172.365384613552,-19.0403480529785,152.30606079,-21.86752892,0.1851625,4.3326,35.3669125,0.3017925,10.6533425,0.03255,0.00388,0.0041775,0.007475,"Marine National Park",2589506.676,0.153124907123983,0.0230126921279496,12595.8446293142
"U/N Reef (21-534)","M",155.399231307598,-24.2414264678955,152.13153076,-21.87729645,0.16825,4.35944,35.37295,0.245733333333333,16.6914233333333,0.01678,0.00388,0.00386,0.00829,"Marine National Park",5307408.493,0.110849803158768,0.0144828970703241,14083.4514648447
"U/N Reef (21-535)","M",153.709836188364,-48.5336837768555,152.12477112,-21.90052986,NaN,NaN,NaN,NaN,NaN,NaN,NaN,NaN,NaN,NaN,129427.2494,0.160593655543039,0.0243791138531725,1365.47587328947
"Mervs Reef (21-536)","M",177.278227879964,-12.6791725158691,152.36442566,-21.89227295,0.19541625,4.33907625,35.33862,0.29640125,12.05332125,0.1478925,0.00388,0.00422,0.00709,"Habitat Protection",9006429.734,0.144640644361834,0.0265282940933499,13339.2245660172
"U/N Reef (21-537)","M",180.696536952262,-25.7907600402832,152.39520264,-21.88080788,0.23358,4.325435,35.336565,0.28784,14.87977,0.11434,0.00388,0.00423,0.00698,"Habitat Protection",1466764.66,0.0353634577603143,0.00665441409468281,4536.80594905485
"U/N Reef (21-631)","M",187.721008864606,-47.2067260742188,152.1809082,-21.40065384,0.45362,4.32687,35.3068,0.25273,5.90917,0.03819,0.00447,0.00386,0.00464,"Habitat Protection",215896.7757,0.119068241189177,0.00270650157028628,1741.24281874974
"U/N Reef (21-632)","M",198.138588644983,-36.1464385986328,152.25007629,-21.33128357,0.30016,4.32935,35.29258,0.28736,5.40805,0.0504,0.00474,0.00386,0.00386,"Habitat Protection",456184.0431,0.248358413620192,0.0193314387268294,2649.96663536015
"U/N Reef (21-633)","M",195.718975151951,-45.6582946777344,152.25395203,-21.37068367,NaN,NaN,NaN,NaN,NaN,NaN,NaN,NaN,NaN,NaN,60521.33354,0.100394991398974,0.00534103752258583,942.104100519951
"U/N Reef (21-634)","M",208.542544289541,-39.2067070007324,152.26057434,-21.19899178,0.34,4.36,35.28,0.3,2.52,0.00775,0.00472,0.00386,0.00386,"Marine National Park",346985.9319,0.380935338795381,0.0212678183813941,2777.58097423849
"U/N Reef (21-635)","M",203.581202755945,-41.5870399475098,152.27746582,-21.28526878,NaN,NaN,NaN,NaN,NaN,NaN,NaN,NaN,NaN,NaN,110277.7677,0.518086226022361,0.0276410119235354,1603.7084537211
"U/N Reef (21-636)","M",207.355115827866,-45.509105682373,152.30480957,-21.26282501,NaN,NaN,NaN,NaN,NaN,NaN,NaN,NaN,NaN,NaN,57860.4225,0.392364979827484,0.0351724121040499,864.383250728068
"U/N Reef (21-637)","M",206.893859143414,-40.9754028320312,152.35221863,-21.3247242,NaN,NaN,NaN,NaN,NaN,NaN,NaN,NaN,NaN,NaN,106055.6161,0.208538316731166,0.0370967184676104,1682.28281656128
"U/N Reef (21-638)","M",208.161948186394,-37.8902931213379,152.40609741,-21.37353134,NaN,NaN,NaN,NaN,NaN,NaN,NaN,NaN,NaN,NaN,96844.12738,0.290265549448509,0.0969058477125488,2169.43345360554
"U/N Reef (21-639)","M",223.191880711529,-37.1821403503418,152.41117859,-21.15945244,0.24,4.41,35.28,0.32,6.98,0.01,0.00445,0.00386,0.00386,"Marine National Park",1760331.009,0.124709238273333,0.00139985961886342,5700.49592274903
"U/N Reef (21-640)","M",222.16192000647,-31.9159488677979,152.41990662,-21.18358803,0.16,4.4,35.26,0.33,7.52,0.01,0.00445,0.00386,0.00386,"Marine National Park",583967.2096,0.067308964023405,0.00316932807711398,3004.4786189975
"U/N Reef (21-641)","M",223.629279922126,-51.8399505615234,152.42584229,-21.16960144,NaN,NaN,NaN,NaN,NaN,NaN,NaN,NaN,NaN,NaN,131022.4387,0.104335154773955,0.00159290315560666,1595.98386424069
"U/N Reef (21-642)","M",211.733154535393,-43.4472846984863,152.46737671,-21.39974022,NaN,NaN,NaN,NaN,NaN,NaN,NaN,NaN,NaN,NaN,211178.6629,0.191729903804269,0.0248264046383956,2260.44692741983
"U/N Reef (21-811)","M",122.311687159971,-38.670726776123,151.14311218,-21.33972168,NaN,NaN,NaN,NaN,NaN,NaN,NaN,NaN,NaN,NaN,23061.58043,0.394756481820726,0.0345532908225159,726.220208860749
"U/N Reef (21-812)","M",131.029085086389,-40.3506813049316,151.14637756,-21.25601768,0.20413,4.51141,35.40988,0.26653,13.06422,0.03834,0.00843,0.00587,0.02889,"Habitat Protection",2005811.12,0.392810928807333,0.0269264564018268,7511.67638215433
"U/N Reef (21-813)","M",128.240998509505,-45.9620780944824,151.18632507,-21.299263,0.13,4.54,35.35,0.25,9.23,0.02,0.00843,0.00587,0.02889,"Habitat Protection",2708266.246,0.306310900301153,0.0264962464006576,9174.80348132128
"U/N Reef (21-814)","M",114.276523759311,-22.876594543457,151.23287964,-21.46313095,NaN,NaN,NaN,NaN,NaN,NaN,NaN,NaN,NaN,NaN,62886.91641,0.525638086071369,0.0397666203354353,909.887556281324
"U/N Reef (21-815)","M",151.603902909857,-15.495756149292,151.27093506,-21.10435295,NaN,NaN,NaN,NaN,NaN,NaN,NaN,NaN,NaN,NaN,304414.3158,0.174170312283752,0.0133316384078174,2175.42212497406
"U/N Reef (21-816)","M",153.496957696512,-13.1908922195435,151.29083252,-21.09406281,NaN,NaN,NaN,NaN,NaN,NaN,NaN,NaN,NaN,NaN,212769.6873,0.166886833993835,0.00132100396301189,1730.93364498084
"U/N Reef (21-817)","O",163.839475804912,-12.0767221450806,151.32752991,-21.00745964,NaN,NaN,NaN,NaN,NaN,NaN,NaN,NaN,NaN,NaN,89775.09061,0.366982124079916,0.0325972660357518,1419.89552394477
"U/N Reef (21-818)","O",165.701800909995,-28.6825866699219,151.36375427,-21.0047226,NaN,NaN,NaN,NaN,NaN,NaN,NaN,NaN,NaN,NaN,86736.36916,0.441456517225066,0.019259032742808,1290.60392733531
"U/N Reef (21-819)","O",161.81259024782,-15.5281867980957,151.39259338,-21.05715752,NaN,NaN,NaN,NaN,NaN,NaN,NaN,NaN,NaN,NaN,98858.70785,0.443494831967615,0.0208067111520713,1406.46059286667
"U/N Reef (21-820)","O",163.439620477265,-13.437536239624,151.40185547,-21.04515648,NaN,NaN,NaN,NaN,NaN,NaN,NaN,NaN,NaN,NaN,117998.9086,0.119367588932806,0,1616.48378500831
"U/N Reef (21-821)","M",113.827897609736,-16.0060977935791,151.40361023,-21.5834465,NaN,NaN,NaN,NaN,NaN,NaN,NaN,NaN,NaN,NaN,405074.3071,0.409645485591691,0.0506110662606915,3266.17411155091
"U/N Reef (21-822)","O",165.128148831197,-5.04931974411011,151.40855408,-21.03129196,NaN,NaN,NaN,NaN,NaN,NaN,NaN,NaN,NaN,NaN,28417.17428,0.664451827242525,0.026578073089701,650.270926675529
"U/N Reef (21-465)","M",136.481375179963,-13.00461769104,151.88204956,-21.80438995,0.251312580645161,4.36218935483871,35.4225316129032,0.224224516129032,9.52041709677419,0.0207609677419355,0.00437870967741935,0.00387935483870968,0.017828064516129,"Habitat Protection",32416108.82,0.25655811234126,0.0338387992628662,38302.8381923313
"U/N Reef (21-466)","M",143.978658143049,-8.85636711120605,151.98693848,-21.83785439,0.21597,4.36503571428571,35.4065471428571,0.235770952380952,10.3599704761905,0.025362380952381,0.00410476190476191,0.00393619047619048,0.0123733333333333,"Habitat Protection",24010089.54,0.285431234980206,0.0375373922734889,24387.8038209989
"U/N Reef (21-467)","M",135.902401495286,-16.2262992858887,151.92630005,-21.8867054,0.188015,4.36754,35.448295,0.294896666666667,13.62344,0.0300966666666667,0.003975,0.004005,0.01598,"Habitat Protection",10462782.89,0.387423449010384,0.0421851424514068,17395.5940350148
"Emperor Reef (21-538)","M",185.1577962897,-7.78357934951782,152.44381714,-21.8837204,0.150201052631579,4.34311210526316,35.3321784210526,0.333643684210526,9.69217210526316,0.14263,0.00388,0.00428421052631579,0.00646736842105263,"Habitat Protection",22515968.94,0.148864025903761,0.0569288018271403,20450.8516807045
"U/N Reef (21-539)","M",166.319125862199,-32.4314041137695,152.27110291,-21.94011307,0.344019285714286,4.32205714285714,35.3613514285714,0.229057857142857,17.7797085714286,0.03755,0.00388,0.0041,0.00726214285714286,"Habitat Protection",16567354.6,0.0234408734809697,0.00100941560444367,23748.1832668435
"U/N Reef (21-540)","M",187.428015327088,-7.10578393936157,152.47772217,-21.9057827,0.168076666666667,4.34667333333333,35.3103666666667,0.324393333333333,11.4225533333333,0.0702833333333333,0.00388,0.00430666666666667,0.00618,"Habitat Protection",2093309.525,0.334605146406389,0.0545252883762201,6165.36470557141
"U/N Reef (21-541)","M",184.692712226691,-12.7902050018311,152.45027161,-21.90856934,NaN,NaN,NaN,NaN,NaN,NaN,NaN,NaN,NaN,NaN,70068.58046,0.20330892209474,0.0460598880625238,1318.40949027587
"U/N Reef (21-542)","M",185.818660893985,-8.55958938598633,152.46600342,-21.91745758,0.135,4.355,35.355,0.385,7.54,0.07492,0.00388,0.00431,0.00626,"Habitat Protection",3083956.373,0.307278860388492,0.0479122206249148,8320.11638263365
"Long Reef (21-543)","M",178.592701575044,-18.2381477355957,152.39266968,-21.92293739,0.24502,4.32884,35.339455,0.287095,15.930685,0.1104,0.00388,0.00424,0.007,"Habitat Protection",2418018.387,0.10215389869874,0.0199694273907479,6688.74046271298
"U/N Reef (21-643)","M",215.706015739749,-41.5906677246094,152.47348022,-21.34479141,NaN,NaN,NaN,NaN,NaN,NaN,NaN,NaN,NaN,NaN,62155.8896,0.534333799519997,0.00398502038354923,1368.01289480954
"U/N Reef (21-644)","M",214.802401307408,-48.6343574523926,152.48686218,-21.37724686,NaN,NaN,NaN,NaN,NaN,NaN,NaN,NaN,NaN,NaN,191360.3379,0.41435479287662,0.0135265888865792,2194.39570213881
"U/N Reef (21-645)","M",226.207857784422,-1.53873062133789,152.49871826,-21.21731758,NaN,NaN,NaN,NaN,NaN,NaN,NaN,NaN,NaN,NaN,8339.103608,0.922222222222222,0.0777777777777778,296.055210802775
"U/N Reef (21-655)","O",233.221693980573,-45.9655342102051,152.49911499,-21.11686897,NaN,NaN,NaN,NaN,NaN,NaN,NaN,NaN,NaN,NaN,135155.0526,0.30860848826661,0.00818560754193817,1568.922825592
"U/N Reef (21-656)","O",237.365481012506,-37.0162620544434,152.51300049,-21.0743885,NaN,NaN,NaN,NaN,NaN,NaN,NaN,NaN,NaN,NaN,763771.0916,0.361410978445577,0.00747640125090811,3988.8928820694
"U/N Reef (21-657)","M",220.707003358788,-19.2901210784912,152.54901123,-21.36834717,0.13,4.33,35.29,0.42,18.36,0.01,0.00388,0.00386,0.00404,"Marine National Park",77849.35777,0.515361026218376,0.0107877079202691,1086.02381715879
"U/N Reef (21-658)","O",224.826687338515,-29.6770057678223,152.55232239,-21.30671501,NaN,NaN,NaN,NaN,NaN,NaN,NaN,NaN,NaN,NaN,141195.967,0.476815359151907,0.0138111035438436,1681.99419216104
"U/N Reef (21-659)","M",236.410377280751,-42.7717208862305,152.57507324,-21.1593914,NaN,NaN,NaN,NaN,NaN,NaN,NaN,NaN,NaN,NaN,82088.83372,0.342184649192347,0.0161983350104433,1317.08353449615
"U/N Reef (21-660)","M",237.342298247396,-45.1371574401855,152.58155823,-21.15351486,NaN,NaN,NaN,NaN,NaN,NaN,NaN,NaN,NaN,NaN,71514.65343,0.342184649192347,0.0161983350104433,1231.97554817419
"U/N Reef (21-661)","M",224.550831348628,-28.828441619873,152.59082031,-21.3647728,NaN,NaN,NaN,NaN,NaN,NaN,NaN,NaN,NaN,NaN,2106627.465,0.356779229848441,0.0161462504850954,7438.97449892179
"U/N Reef (21-663)","O",239.284340235034,-29.3741397857666,152.67077637,-21.23773766,0.32172,4.39695,35.31841,0.29555,25.20293,0.02102,0.00388,0.00386,0.00395,"Habitat Protection",453414.641,0.272225893845848,0.0107355359432038,2889.74601733349
"U/N Reef (21-823)","O",138.896615057887,-9.94170665740967,151.45344543,-21.33267212,0.146666666666667,4.50666666666667,35.3933333333333,0.2,5.19666666666667,0.02,0.00813,0.0058,0.02699,"Marine National Park",1418115.748,0.264659582841401,0.010166601075692,5065.93150559143
"U/N Reef (21-824)","O",166.897597226442,-10.0824193954468,151.49551392,-21.05808449,NaN,NaN,NaN,NaN,NaN,NaN,NaN,NaN,NaN,NaN,1230074.178,0.474427075428745,0.0342237061769616,7883.13388460693
"U/N Reef (21-825)","O",169.973826512336,-4.43763446807861,151.49615479,-21.02639198,NaN,NaN,NaN,NaN,NaN,NaN,NaN,NaN,NaN,NaN,108779.4814,0.616911130284728,0,1568.05142668565
"U/N Reef (21-826)","M",78.6803886126675,-74.3042068481445,150.95077515,-21.69025612,1.02,4.4,35.58,0.29,36.8,0.06,0.0048,0.00546,0.20322,"Marine National Park",257103.2231,0.346510960261177,0.0316285754017065,2413.79352618395
"U/N Reef (21-827)","M",74.5361034117601,-73.4591751098633,150.90606689,-21.71020126,0.612080588235294,4.41871411764706,35.5984170588235,0.366725882352941,32.6507064705882,0.0538535294117647,0.00464470588235294,0.00696352941176471,0.229612941176471,"Marine National Park",19452637.6,0.346510960261177,0.0316285754017065,23577.2532854426
"U/N Reef (21-828)","M",78.0775896495941,-76.2710189819336,151.01837158,-21.7247467,NaN,NaN,NaN,NaN,NaN,NaN,NaN,NaN,NaN,NaN,465207.9847,0.346510960261177,0.0316285754017065,3917.21643902274
"U/N Reef (21-460)","M",130.704814650554,-7.62848711013794,151.74217224,-21.71146393,0.197277894736842,4.40484263157895,35.4313042105263,0.226885789473684,9.79919,0.141582105263158,0.00478263157894737,0.00403105263157895,0.0215436842105263,"Habitat Protection",21827965.65,0.320694779783424,0.0444563676081708,22345.6802206688
"U/N Reef (21-461)","M",141.322010572751,-10.4377679824829,151.86045837,-21.69746208,0.36247,4.38066,35.3910933333333,0.170403333333333,9.12555666666667,0.03069,0.00449,0.00386,0.01501,"Habitat Protection",3066460.977,0.411645247332687,0.00560741998060136,6493.83236092172
"U/N Reef (21-462)","M",150.839149488813,-12.5486316680908,151.98464966,-21.71365356,0.351666,4.33421,35.382054,0.200138,11.417162,0.035212,0.004442,0.00386,0.0114,"Habitat Protection",5311168.865,0.220245495456058,0.00766954420494143,9434.25359257544
"U/N Reef (21-463)","M",146.074451081211,-19.1341857910156,151.94422913,-21.73451805,0.317625,4.3574075,35.38648,0.1909475,10.44706,0.0278875,0.00441,0.00386,0.01256,"Habitat Protection",6092632.143,0.0874223531386884,0.00198409670182079,10443.8951258187
"U/N Reef (21-464)","M",130.251702163227,-4.07940244674683,151.77368164,-21.75589371,0.28926875,4.35633,35.4441975,0.23483875,11.6929975,0.0532125,0.004555,0.00386,0.02234375,"Habitat Protection",11413621.98,0.540883627007133,0.0554668924860763,14512.6263086023
"U/N Reef (21-544)","M",151.258244177012,-15.5131692886353,152.10873413,-21.92170143,0.250615555555556,4.35049222222222,35.3879011111111,0.246585555555556,23.4025244444444,0.0241972222222222,0.00388,0.00386,0.00851833333333333,"Marine National Park",20325067.31,0.126839033441958,0.0184143292641124,25528.3254085608
"Moon Reef (21-545)","M",182.440051305459,-11.4132747650146,152.4342041,-21.92556763,NaN,NaN,NaN,NaN,NaN,NaN,NaN,NaN,NaN,NaN,1284016.02,0.126457593974071,0.0267255739842109,5261.96955055683
"U/N Reef (21-546)","M",187.81716386014,-2.95021367073059,152.49261475,-21.93086052,0.13,4.36,35.35,0.39,7.39,0.05982,0.00388,0.00431,0.00626,"Habitat Protection",1244355.356,0.425172104160431,0.0700389105058366,4491.61377172391
"U/N Reef (21-547)","M",160.694018833552,-25.524974822998,152.2117157,-21.94097519,0.380295,4.30471,35.379325,0.216655,23.82052,0.044125,0.00388,0.003955,0.007745,"Marine National Park",2471149.615,0.110882877540607,0.0159263699240677,6346.50600219761
"U/N Reef (21-664)","O",245.738219309725,-21.6861705780029,152.68000793,-21.14983749,0.1,4.46,35.27,0.35,31.02,0.01,0.00417,0.00386,0.00401,"Habitat Protection",890228.5839,0.157655148080287,0.00538940778029533,5689.09619685789
"U/N Reef (21-665)","M",136.285436799202,-21.9854755401611,151.62016296,-21.49674034,NaN,NaN,NaN,NaN,NaN,NaN,NaN,NaN,NaN,NaN,69671.40721,0.485376941082702,0.0185766479241764,984.674808854938
"U/N Reef (21-666)","M",136.379709647116,-16.4526329040527,151.63653564,-21.51146507,NaN,NaN,NaN,NaN,NaN,NaN,NaN,NaN,NaN,NaN,172420.351,0.476145486474018,0.0140453900869309,1803.83733986247
"U/N Reef (21-667)","M",161.167683118881,-25.9677238464355,151.86720276,-21.43146133,0.35914,4.350845,35.33755,0.15107,3.12254,0.092005,0.00535,0.00386,0.01428,"Habitat Protection",1665213.222,0.427984402501865,0.019841360011171,5622.60571649592
"U/N Reef (21-668)","M",138.731665846542,-39.641716003418,151.89093018,-21.77956772,0.41,4.37,35.4,0.17,6.47,0.01,0.0044,0.00386,0.01823,"General Use",169108.9647,0.251875237604212,0.0138101053150961,2536.09159911906
"U/N Reef (21-669)","M",138.856750429362,-43.4379692077637,151.89456177,-21.7827549,NaN,NaN,NaN,NaN,NaN,NaN,NaN,NaN,NaN,NaN,65819.7017,0.251875237604212,0.0138101053150961,1036.94999539186
"U/N Reef (21-670)","M",150.25939773621,-49.1011619567871,151.89585876,-21.60844421,NaN,NaN,NaN,NaN,NaN,NaN,NaN,NaN,NaN,NaN,209960.345,0.29585569428528,0.0144060839830077,2088.788601667
"U/N Reef (21-671)","M",139.157892927793,-45.058479309082,151.89967346,-21.78518867,NaN,NaN,NaN,NaN,NaN,NaN,NaN,NaN,NaN,NaN,75827.8775,0.251875237604212,0.0138101053150961,1005.14988276046
"U/N Reef (21-672)","M",152.073130548786,-27.4370021820068,151.90309143,-21.59080315,NaN,NaN,NaN,NaN,NaN,NaN,NaN,NaN,NaN,NaN,538490.3327,0.20021154134391,0.0133670778485587,3315.33356686987
"U/N Reef (21-673)","M",161.666577481922,-26.081995010376,151.91821289,-21.47489166,0.243593333333333,4.36482666666667,35.33431,0.18367,5.33641666666667,0.157886666666667,0.00478,0.00386,0.01095,"Habitat Protection",2512166.642,0.315394800730683,0.0244972525300804,6544.77627742047
"U/N Reef (21-674)","M",140.381913538811,-52.048770904541,151.92616272,-21.80414963,NaN,NaN,NaN,NaN,NaN,NaN,NaN,NaN,NaN,NaN,63710.48847,0.209803900153385,0.0244534294127253,1012.1717178438
"Wild Duck Island Reef (No 1) (22-003a)","I",20.3670477408456,-0.981829881668091,149.88702393,-21.99606133,0.04,4.39,36.23,1.28,0.8,0.08,0.26008,0.67242,0.00984,"Marine National Park",1139972.917,0.346510960261177,0.0308458562823141,4189.51505470486
"Wild Duck Island Reef (No 2) (22-003b)","I",20.6364831663603,-1.27909111976624,149.86808777,-22.00758362,NaN,NaN,NaN,NaN,NaN,NaN,NaN,NaN,NaN,NaN,725732.541,0.346510960261177,0.0308458562823141,4595.14512684224
"Infelix Islets Reef (22-005)","I",22.1423884797298,-2.29248571395874,149.83076477,-22.0241642,0.03467,4.411,36.20676,1.28092,3.35962,0.09146,0.19318,0.73179,0.01043,"Marine National Park",1951158.91,0.346510960261177,0.0308458562823141,8466.59568446283
"U/N Reef (21-468)","M",201.276180040454,-8.71776294708252,152.41918945,-21.50375557,0.132676666666667,4.32159,35.27879,0.342093333333333,5.19508333333333,0.0249266666666667,0.00388,0.00386,0.00636,"Habitat Protection",5825037.409,0.256441855254313,0.0558240773342723,10150.2410838978
"U/N Reef (21-469)","M",197.976240032042,-23.095760345459,152.38902283,-21.5148201,NaN,NaN,NaN,NaN,NaN,NaN,NaN,NaN,NaN,NaN,182349.8753,0.109183673469388,0.0316326530612245,2094.86852718064
"U/N Reef (21-470)","M",207.521002233117,-8.79287528991699,152.49479675,-21.51159668,0.231895,4.32369,35.295195,0.314245,11.27666,0.04319,0.00388,0.00386,0.007185,"Habitat Protection",2073377.585,0.471579420354976,0.0229611323298135,6404.02008245651
"U/N Reef (21-471)","M",170.317713275311,-30.7225246429443,152.04995728,-21.49883652,0.853333333333333,4.32,35.32,0.19,5.93333333333333,0.06,0.00474333333333333,0.00386,0.00749666666666667,"Habitat Protection",3414820.756,0.199911615475208,0.010618135207996,13294.1081967141
"U/N Reef (21-472)","M",203.45888952574,-11.5459718704224,152.45518494,-21.52105713,NaN,NaN,NaN,NaN,NaN,NaN,NaN,NaN,NaN,NaN,69701.58725,0.340080971659919,0.248313090418354,985.619533148857
"U/N Reef (21-473)","M",201.831004124567,-23.5590629577637,152.44084167,-21.52726746,0.20135,4.31751,35.29439,0.31793,8.08394,0.04022,0.00388,0.00386,0.00636,"Habitat Protection",978304.6743,0.343083079268293,0.00285823170731707,3906.54137097867
"U/N Reef (21-474)","M",204.422753514184,-9.6751594543457,152.47457886,-21.53461266,0.16038,4.32546,35.276805,0.331555,5.9622975,0.0428875,0.00388,0.00386,0.006935,"Habitat Protection",3536619.81,0.394734065006332,0.0321338117349092,7260.85512583322
"Poulson Reef (21-548)","M",184.361211198535,-12.4281969070435,152.45889282,-21.93623352,0.145613333333333,4.35783,35.3273866666667,0.343843333333333,9.69767,0.0735466666666667,0.00388,0.00431,0.00626,"Habitat Protection",3125462.973,0.162059330598656,0.0191724629926877,7430.83604316774
"Pike Reef (21-549)","M",180.464256785432,-9.70333480834961,152.42330933,-21.94807434,0.192343571428571,4.36079214285714,35.331055,0.31814,12.5817328571429,0.10102,0.00388,0.00427642857142857,0.00693142857142857,"Habitat Protection",14918809.17,0.272032874639711,0.0319877988180076,17617.8381289437
"U/N Reef (21-550)","M",169.757922438469,-13.4644432067871,152.31266785,-21.95143318,0.383312222222222,4.33144888888889,35.35358,0.258667777777778,16.9613966666667,0.0448622222222222,0.00388,0.00417777777777778,0.00701222222222222,"Habitat Protection",7869827.092,0.173107576777302,0.0179707886129904,13729.1994690479
"U/N Reef (21-551)","M",144.537114265115,-19.7070770263672,152.0556488,-21.96060562,0.308559230769231,4.32036769230769,35.4172192307692,0.241348461538462,29.5840084615385,0.06262,0.00388,0.00390461538461538,0.0103015384615385,"Marine National Park",21972997,0.202815818273241,0.0341878536146335,29943.4516212015
"U/N Reef (21-675)","M",145.093068581067,-40.0270614624023,151.94276428,-21.74864578,NaN,NaN,NaN,NaN,NaN,NaN,NaN,NaN,NaN,NaN,15893.13239,0.188075320312002,0.0144974800565428,452.365160739215
"U/N Reef (21-676)","M",139.176060528895,-59.484806060791,151.96006775,-21.88318062,NaN,NaN,NaN,NaN,NaN,NaN,NaN,NaN,NaN,NaN,87545.78155,0.30980426544395,0.0378537779959206,1527.10721490004
"U/N Reef (21-677)","M",156.797177957282,-29.9872264862061,151.96139526,-21.59081268,0.368685,4.340505,35.354745,0.185645,8.96073,0.057425,0.00448,0.00386,0.00893,"Habitat Protection",1620839.751,0.20021154134391,0.0133670778485587,5765.86479617915
"U/N Reef (21-678)","M",140.202772352755,-66.5549240112305,151.97212219,-21.88482475,NaN,NaN,NaN,NaN,NaN,NaN,NaN,NaN,NaN,NaN,233762.3101,0.291890167421277,0.0379701294465097,1871.69421674345
"U/N Reef (21-679)","M",140.087826450186,-81.2030792236328,151.98713684,-21.91567039,NaN,NaN,NaN,NaN,NaN,NaN,NaN,NaN,NaN,NaN,442311.6173,0.291890167421277,0.0379701294465097,3481.43917239168
"U/N Reef (21-680)","M",153.56941364307,-36.9830856323242,152.00538635,-21.69825745,NaN,NaN,NaN,NaN,NaN,NaN,NaN,NaN,NaN,NaN,73559.89574,0.170170714544352,0.00814755512562254,1565.9596508962
"U/N Reef (21-681)","M",154.930570553155,-27.8774871826172,152.0188446,-21.69502258,NaN,NaN,NaN,NaN,NaN,NaN,NaN,NaN,NaN,NaN,93678.39721,0.170170714544352,0.00814755512562254,1398.3630893294
"U/N Reef (21-682)","M",156.295889865771,-34.5362854003906,152.02125549,-21.67606735,NaN,NaN,NaN,NaN,NaN,NaN,NaN,NaN,NaN,NaN,150434.1644,0.170170714544352,0.00814755512562254,1707.92825410977
"U/N Reef (21-683)","M",155.273623263214,-27.4064464569092,152.02166748,-21.69340134,NaN,NaN,NaN,NaN,NaN,NaN,NaN,NaN,NaN,NaN,115526.8798,0.170170714544352,0.00814755512562254,1740.4134867425
"U/N Reef (21-684)","M",156.01577477679,-28.0243301391602,152.02507019,-21.68602943,NaN,NaN,NaN,NaN,NaN,NaN,NaN,NaN,NaN,NaN,141339.1054,0.170170714544352,0.00814755512562254,1696.54235826699
"U/N Reef (21-685)","M",156.790315105735,-34.8415985107422,152.0275116,-21.67679596,NaN,NaN,NaN,NaN,NaN,NaN,NaN,NaN,NaN,NaN,115967.9444,0.241219140557516,0.0120549283095603,1744.88604915966
"North Point Cays Reef (22-007)","I",22.4532160904634,-8.00046920776367,149.81164551,-22.04288864,NaN,NaN,NaN,NaN,NaN,NaN,NaN,NaN,NaN,NaN,289874.9498,0.346510960261177,0.0308458562823141,2273.92802735049
"Brooks Shoal (22-008)","I",15.0378468400867,-11.9162168502808,149.93243408,-22.02566528,NaN,NaN,NaN,NaN,NaN,NaN,NaN,NaN,NaN,NaN,232637.7096,0.346510960261177,0.0308458562823141,1858.85265324292
"Barren Island Reef (22-009)","I",12.8126377177652,-4.96413516998291,149.97019958,-22.03235817,0.03,4.41,36.14,1.23,0.76,0.07,0.13986,0.79499,0.0109,"Habitat Protection",648065.1719,0.346510960261177,0.0308458562823141,3019.17053128736
"Roundish Reef (22-010)","I",9.77726531952505,-1.46011984348297,149.61427307,-22.05583191,NaN,NaN,NaN,NaN,NaN,NaN,NaN,NaN,NaN,NaN,80564.37647,0.346510960261177,0.0308458562823141,1530.55053163521
"South Barren Reef (22-012)","I",9.79421205608404,-4.01634788513184,149.98780823,-22.05339432,NaN,NaN,NaN,NaN,NaN,NaN,NaN,NaN,NaN,NaN,620589.5118,0.346510960261177,0.0308458562823141,4729.56041564469
"Obstruction Shoals (22-013)","I",11.7470159003707,-6.76383638381958,149.93154907,-22.06221771,0.03,4.38,36.21,1.34,0.63,5e-05,0.39965,0.53009,0.01447,"Habitat Protection",760233.3456,0.346510960261177,0.0308458562823141,3644.46779557709
"U/N Reef (22-014)","I",0.667251386756186,-1.22585368156433,149.56730652,-22.17403793,NaN,NaN,NaN,NaN,NaN,NaN,NaN,NaN,NaN,NaN,397104.0325,0.346510960261177,0.0308458562823141,3682.07727259888
"U/N Reef (21-475)","M",188.09862208118,-28.0609855651855,152.27966309,-21.52086449,0.390734,4.307281,35.327659,0.219184,6.422349,0.022451,0.004171,0.00386,0.006444,"Habitat Protection",12793086.15,0.0382066333590666,0.00222859889589676,21438.3180785883
"U/N Reef (21-476)","M",179.113486336128,-13.6490964889526,152.19670105,-21.55088615,0.346666666666667,4.33333333333333,35.2866666666667,0.25,6.53,0.00984,0.00417,0.00386,0.0061,"Habitat Protection",5193629.322,0.172354428563743,0.016372863726844,14813.8900970646
"U/N Reef (21-477)","M",196.874410770639,-10.7913732528687,152.39788818,-21.54730034,0.13,4.328,35.27,0.322,5.354,0.052,0.00388,0.00386,0.007004,"Habitat Protection",4954792.432,0.24410973844042,0.0360279047028074,10770.0044186741
"U/N Reef (21-478)","M",185.010528945155,-21.6131362915039,152.27316284,-21.56251717,0.268596666666667,4.31342333333333,35.3011266666667,0.281091666666667,7.21260166666667,0.0162383333333333,0.00416166666666667,0.00386,0.00651666666666667,"Habitat Protection",6652770.527,0.114248120826976,0.0101202390784004,10609.551878603
"U/N Reef (21-479)","M",201.339295348327,-11.5871820449829,152.45674133,-21.56138802,0.125916666666667,4.31488333333333,35.27928,0.341393333333333,5.94902,0.0646233333333333,0.00388,0.00386,0.00707,"Habitat Protection",4315272.266,0.361379399753679,0.040491778483611,8621.65532288649
"U/N Reef (21-294)","O",230.400266668418,-16.7881183624268,152.60525513,-21.28995514,0.19324,4.40341111111111,35.2833744444444,0.338863333333333,23.0161977777778,0.0144655555555556,0.00388,0.00386,0.00395777777777778,"Marine National Park",10200725.51,0.257957553607577,0.0108451723411466,22922.325920731
"U/N Reef (21-295)","O",226.474375396337,-10.1948585510254,152.58059692,-21.31895638,0.195714,4.362532,35.291272,0.367728,21.207012,0.02021,0.00388,0.00386,0.004032,"Marine National Park",6222388.686,0.383823220344072,0.0202059627105413,11528.1171576876
"U/N Reef (21-296)","M",222.910345635806,-10.4733753204346,152.55335999,-21.33865738,0.152635,4.35883333333333,35.2801066666667,0.359865,18.3100583333333,0.024945,0.00388,0.00386,0.004015,"Marine National Park",6047972.799,0.377410638462132,0.0109781517795105,10587.518252692
"U/N Reef (21-297a)","M",216.976636779072,-33.1479873657227,152.50587463,-21.36851501,0.09,4.35,35.28,0.41,10.06,0.15,0.00388,0.00386,0.00419,"Marine National Park",915105.4901,0.534333799519997,0.00398502038354923,4612.86096786535
"U/N Reef (21-297b)","M",220.352673975922,-7.96929931640625,152.52484131,-21.34047318,NaN,NaN,NaN,NaN,NaN,NaN,NaN,NaN,NaN,NaN,466543.7716,0.669212218649518,0.0102491961414791,2580.43206320092
"Whites Bay Reef (21-396)","I",57.0121242870973,0.445416212081909,150.29501343,-21.67314339,NaN,NaN,NaN,NaN,NaN,NaN,NaN,NaN,NaN,NaN,20558.58916,0.346510960261177,0.0162597976906898,616.167293135224
"West Spur Reef (21-398)","I",55.1064137585486,-13.0371398925781,150.27511597,-21.68361664,NaN,NaN,NaN,NaN,NaN,NaN,NaN,NaN,NaN,NaN,474469.4252,0.346510960261177,0.0162597976906898,2822.97981568947
"East Spur Reef (21-399)","I",55.5396463916792,-15.6324863433838,150.28730774,-21.68441772,NaN,NaN,NaN,NaN,NaN,NaN,NaN,NaN,NaN,NaN,597955.7812,0.346510960261177,0.0162597976906898,3012.85605947332
"Howard Islet Reef (21-401)","I",52.1733191539414,-14.3895320892334,150.31643677,-21.73255157,NaN,NaN,NaN,NaN,NaN,NaN,NaN,NaN,NaN,NaN,300997.7353,0.346510960261177,0.0162597976906898,2022.23752719964
"Hixson Islet Reef (21-402)","I",49.337862592483,-15.6329612731934,150.28936768,-21.74769211,NaN,NaN,NaN,NaN,NaN,NaN,NaN,NaN,NaN,NaN,94265.96066,0.346510960261177,0.0162597976906898,1210.39228338352
"U/N Reef (21-124)","M",129.893876498213,-7.9903712272644,151.12799072,-21.25706482,0.172826,4.525008,35.36161,0.287068,13.610958,0.048842,0.00821,0.005024,0.031858,"Habitat Protection",5327761.468,0.302829084173554,0.042043091547696,9192.03724280603
"U/N Reef (21-125)","M",140.721293831356,-9.51141452789307,151.37493896,-21.26511574,0.173333333333333,4.46,35.3833333333333,0.213333333333333,14.31,0.05,0.00895,0.00484666666666667,0.0272166666666667,"Habitat Protection",2774851.99,0.306798724190029,0.0202786637569246,6194.70739378182
"U/N Reef (21-126)","M",129.459250512297,-15.908314704895,151.20361328,-21.29463577,NaN,NaN,NaN,NaN,NaN,NaN,NaN,NaN,NaN,NaN,142519.9009,0.22754810000097,0.0139110197901586,1456.15762427548
"U/N Reef (21-127a)","M",125.813406757574,-4.49768829345703,151.11434937,-21.29155731,NaN,NaN,NaN,NaN,NaN,NaN,NaN,NaN,NaN,NaN,1469991.313,0.570470223403582,0.0314537054616796,7231.40794427655
"U/N Reef (21-127b)","M",123.644358175947,-7.59898090362549,151.11967468,-21.31758881,0.21,4.5,35.36,0.32,10.69,0.05,0.00799,0.00514,0.03414,"Habitat Protection",419990.9331,0.434551495016611,0.0489479512735327,4525.37676856629
"U/N Reef (21-208)","M",207.664740196277,-20.1738739013672,152.16401672,-21.09871864,0.13,4.35,35.24,0.39,0.83,0.09351,0.00547,0.00434,0.00386,"Marine National Park",1009531.977,0.248912741741464,0.00286851115018044,3860.34575326869
"U/N Reef (21-209)","M",214.74533040001,-18.8250732421875,152.25634766,-21.10013008,0.1518,4.353105,35.257845,0.352535,2.945205,0.060365,0.00471,0.00412,0.00386,"Marine National Park",2818263.945,0.266368307641306,0.0119675120172385,7593.49371450609
"U/N Reef (21-210)","M",219.898859584925,-10.8555784225464,152.31355286,-21.10190964,NaN,NaN,NaN,NaN,NaN,NaN,NaN,NaN,NaN,NaN,249892.6231,0.588389513108614,0,1918.56813604293
"U/N Reef (21-211)","M",222.921543529208,-19.6246356964111,152.35432434,-21.10294342,0.320655,4.38083,35.297935,0.29889,6.080215,0.036215,0.00472,0.00412,0.00386,"Marine National Park",1546965.338,0.348776804590758,0.0119601328903654,5166.93994650982
"U/N Reef (21-212)","M",206.600951898972,-19.2134838104248,152.1565094,-21.10522842,NaN,NaN,NaN,NaN,NaN,NaN,NaN,NaN,NaN,NaN,588403.2825,0.385741565881604,0.000795671546785487,3332.16813155206
"U/N Reef (21-213)","M",208.835061155225,-28.1307392120361,152.18656921,-21.1063652,0.136394285714286,4.35147285714286,35.2565528571429,0.31843,1.81060428571429,0.0746785714285714,0.0047,0.00435,0.00386,"Marine National Park",8502949.032,0.0548759059960466,0.00170217439051175,12092.9710280273
"U/N Reef (21-297c)","M",219.448796690941,-3.48892498016357,152.52258301,-21.35182953,NaN,NaN,NaN,NaN,NaN,NaN,NaN,NaN,NaN,NaN,203603.2091,0.859568609453878,0.00413033501606241,1702.99184555766
"U/N Reef (21-297d)","M",218.017964916357,-9.60976219177246,152.51069641,-21.35843468,NaN,NaN,NaN,NaN,NaN,NaN,NaN,NaN,NaN,NaN,119095.8681,0.731611893583725,0.00782472613458529,1379.03291185906
"U/N Reef (21-298)","M",215.932524338371,-48.1524314880371,152.50158691,-21.37943649,0.1,4.33,35.28,0.41,9.72,0.15,0.00388,0.00386,0.00419,"Marine National Park",782601.64,0.0118208955223881,0,4200.1787255031
"U/N Reef (21-299)","M",218.353736499164,-12.5649948120117,152.52914429,-21.37872505,0.201791666666667,4.33289833333333,35.2945183333333,0.354,15.4463983333333,0.0804933333333333,0.00388,0.00386,0.00419,"Marine National Park",8011188.037,0.309103830739118,0.0172546369652344,13461.7199501953
"U/N Reef (21-300a)","M",215.598758337207,-10.4676513671875,152.50752258,-21.39318848,0.20399,4.33004,35.29409,0.34093,13.45111,0.08535,0.00388,0.00386,0.00419,"Marine National Park",1394225.748,0.499631589523746,0.0327550405251524,4497.92045769778
"U/N Reef (21-300b)","M",216.399111630676,-28.8268604278564,152.51759338,-21.39437294,NaN,NaN,NaN,NaN,NaN,NaN,NaN,NaN,NaN,NaN,106586.1111,0.273518771928417,0.0166698924967956,1272.49463049405
"U/N Reef (21-301)","M",215.31506597465,-5.39089727401733,152.5291748,-21.42930031,0.22903,4.33045,35.29681,0.33233,15.06292,0.07112,0.00388,0.00386,0.00461,"Habitat Protection",383085.979,0.402866493890061,0.0225303237017901,2555.18601942961
"U/N Reef (21-302)","O",219.733121612903,-12.0199337005615,152.58131409,-21.43224525,0.255885,4.369785,35.2823825,0.332,21.10591,0.0173275,0.00388,0.00386,0.004225,"Habitat Protection",4572939.777,0.372860959840095,0.00112178506598136,10768.5271332187
"South Island Reef (No 1) (21-403a)","I",51.5446107073477,1.83749854564667,150.31620789,-21.73898125,NaN,NaN,NaN,NaN,NaN,NaN,NaN,NaN,NaN,NaN,205171.3184,0.346510960261177,0.0162597976906898,2434.37412604028
"South Island Reef (No 2) (21-403b)","I",53.3397376795939,-5.47319221496582,150.34436035,-21.73621368,NaN,NaN,NaN,NaN,NaN,NaN,NaN,NaN,NaN,NaN,246187.897,0.346510960261177,0.0162597976906898,3052.12251106949
"South East Islets Reef (21-406)","I",56.8221325477751,-14.9215612411499,150.42985535,-21.7577095,NaN,NaN,NaN,NaN,NaN,NaN,NaN,NaN,NaN,NaN,1004591.153,0.346510960261177,0.0613542337475931,3897.42132838702
"Storm Reef (21-128)","M",125.092581392492,-13.2809238433838,151.16723633,-21.32230186,0.175332826086957,4.51873173913043,35.3759208695652,0.270433913043478,10.0807973913043,0.0314382608695652,0.00817978260869565,0.00529478260869565,0.0304234782608696,"Habitat Protection",53160548.34,0.179247727041986,0.0232582157323353,43690.8534783417
"U/N Reef (21-129)","M",119.013789388381,-9.49076175689697,151.09651184,-21.35380936,0.1879795,4.5222205,35.375367,0.317234,11.9407865,0.034873,0.007651,0.0055555,0.044946,"Marine National Park",22820053.71,0.394756481820726,0.0345532908225159,22181.8874845059
"Zodiac Reef (21-214)","M",197.261098076697,-31.4524898529053,152.04922485,-21.12125206,0.485148148148148,4.34857037037037,35.3135018518519,0.269549259259259,1.3725,0.187613703703704,0.00593555555555556,0.00439518518518519,0.00467185185185185,"Habitat Protection",30794084.94,0.0179261361913253,0.000118274287169969,26779.9313485059
"U/N Reef (21-215)","M",219.426454055881,-23.2032928466797,152.32237244,-21.11697006,0.21914,4.36858,35.28079,0.31377,5.24809,0.05131,0.00472,0.00411,0.00386,"Marine National Park",1341187.06,0.307536777522136,0.00404378442445792,4790.62179149525
"U/N Reef (21-216)","M",224.217469567109,-27.5123348236084,152.38909912,-21.12158012,0.09,4.36,35.24,0.39,5.18,0.00965,0.00473,0.00386,0.00386,"Marine National Park",688894.9614,0.207971800433839,0.000406724511930586,4892.82256474021
"U/N Reef (21-217)","O",230.518197374969,-11.1760540008545,152.47236633,-21.12492561,NaN,NaN,NaN,NaN,NaN,NaN,NaN,NaN,NaN,NaN,591918.5454,0.579813320677108,0.00965037177661762,3427.57149394213
"U/N Reef (21-218)","O",231.028849938738,-11.4180145263672,152.4850769,-21.13196373,NaN,NaN,NaN,NaN,NaN,NaN,NaN,NaN,NaN,NaN,648516.3077,0.47645110182918,0.0120985164914302,3055.9100046375
"U/N Reef (21-219)","M",206.417742421683,-22.9021854400635,152.18249512,-21.13493919,0.169,4.35567,35.262285,0.299465,2.094825,0.06805,0.00471,0.00411,0.00386,"Preservation",1687479.052,0.281498955000764,0.00422548388678745,5903.7477822573
"U/N Reef (21-220)","M",201.723499842151,-28.7251091003418,152.14297485,-21.15692139,0.265965,4.354185,35.28437,0.278115,1.717625,0.08721,0.0047,0.00411,0.00386,"Marine National Park",3983430.64,0.1031652989449,0.00335287221570926,7490.05450405678
"U/N Reef (21-303)","M",212.647976665714,-16.9869289398193,152.51974487,-21.46067429,0.14129,4.334375,35.27637,0.35011,12.8874,0.042075,0.00388,0.00386,0.00587,"Habitat Protection",2463016.467,0.404838648515415,0.00572598687952675,6457.8397588118
"U/N Reef (21-304)","M",211.039094701293,-13.6911764144897,152.51011658,-21.47377586,0.1487,4.333835,35.2789225,0.3487475,11.25385,0.042505,0.00388,0.00386,0.00587,"Habitat Protection",3311544.196,0.432840861122837,0.0265653580976502,7935.38218485818
"East Cay Reef (21-305)","O",215.331181589497,-9.84461212158203,152.56459045,-21.48348045,0.245861111111111,4.32798888888889,35.29907,0.335845555555556,15.9985822222222,0.0245811111111111,0.00388,0.00386,0.00582111111111111,"Habitat Protection",8927895.827,0.384190945951595,0.0233875350081512,13509.1442794383
"U/N Reef (21-306)","M",209.776040302701,-11.0576267242432,152.50949097,-21.4948616,NaN,NaN,NaN,NaN,NaN,NaN,NaN,NaN,NaN,NaN,631341.8781,0.575358674752256,0.043780505842331,3244.27818764419
"U/N Reef (21-307)","I",1.17638998257464,-2.43776345252991,149.4793396,-21.53699303,0.0396666666666667,4.41549,36.01212,1.20658333333333,8.05274,0.199923333333333,0.09007,0.75858,0.112853333333333,"Habitat Protection",5353758.027,0.346510960261177,0.0308458562823141,19784.1852149787
"Bamborough Island Reef (No 1) (21-414a)","I",24.0946591946113,-2.53943824768066,150.10479736,-21.92339325,0.05042,4.49150333333333,35.88884,0.965696666666667,6.05942333333333,0.16394,0.01565,0.80041,0.13716,"Marine National Park",2218369.05,0.346510960261177,0.0308458562823141,9308.94814824732
"Bamborough Island Reef (No 2) (21-414b)","I",24.7837203489739,-3.36250829696655,150.11930847,-21.92155647,0.05912,4.49473,35.86963,0.93682,6.89196,0.1471,0.01565,0.80041,0.13716,"Marine National Park",621400.2743,0.346510960261177,0.0308458562823141,3959.31893280501
"Jeffreys Rocks Reef (21-415)","I",30.2060773679561,-11.3174591064453,150.22834778,-21.91445732,NaN,NaN,NaN,NaN,NaN,NaN,NaN,NaN,NaN,NaN,524874.3896,0.346510960261177,0.0308458562823141,2661.51186192881
"U/N Reef (21-130)","M",128.179782363671,-11.7026462554932,151.277771,-21.34298134,0.1620095,4.504635,35.3930805,0.224073,7.862203,0.0419565,0.0090575,0.004932,0.026669,"Marine National Park",24587387.8,0.138860397782109,0.0282383664818424,24090.6635946075
"Nancy Foster Reef (21-131)","M",130.455076043716,-15.2126970291138,151.36734009,-21.36973381,0.189933333333333,4.47192333333333,35.4116344444444,0.222018888888889,6.36609222222222,0.0380655555555556,0.00861666666666667,0.00544333333333333,0.0268766666666667,"Marine National Park",15099082.57,0.139689114061364,0.0229774539896207,16451.4291602526
"U/N Reef (21-132)","M",125.941769977838,-9.37187099456787,151.32798767,-21.39435387,0.203312,4.472768,35.411866,0.228843,7.010379,0.043618,0.009323,0.00489,0.026571,"Marine National Park",12741877.43,0.232103218645949,0.0422191716805888,21854.8214900497
"U/N Reef (21-133)","M",123.371192679478,-9.38631248474121,151.25033569,-21.37825012,0.205152,4.49022,35.416884,0.24793,9.312722,0.042248,0.00928,0.0048,0.02689,"Marine National Park",5334130.338,0.279744671945307,0.0288639296801423,9155.7555759406
"U/N Reef (21-134)","M",123.589948287435,-8.00943756103516,151.27459717,-21.38881302,0.228395,4.474,35.426405,0.24795,9.622735,0.04433,0.00928,0.0048,0.02689,"Marine National Park",2450885.626,0.449743881616392,0.015974198444318,6281.54522184277
"U/N Reef (21-221)","M",225.787506561428,-30.4658870697021,152.43005371,-21.14411545,0.156666666666667,4.41,35.2666666666667,0.356666666666667,7.37,0.00976666666666667,0.00445,0.00386,0.00386,"Marine National Park",4415795.173,0.128113427150566,0.00372447360067718,13021.5249563871
"U/N Reef (21-222)","M",215.56230508729,-29.4764671325684,152.30873108,-21.15453339,0.23465,4.36389,35.28524,0.3051,5.46706,0.04035,0.00472,0.00411,0.00386,"Preservation",1797692.212,0.213725388331861,0.00363655254818432,5836.35614979207
"U/N Reef (21-223)","M",205.686352763589,-16.8567276000977,152.19186401,-21.1681118,0.25401,4.34826,35.28681,0.28729,3.47183,0.0516,0.00472,0.00386,0.00386,"Marine National Park",485772.2802,0.40387939312464,0.0101786057230651,2606.32662870204
"U/N Reef (21-224)","M",228.089612244712,-28.5723476409912,152.47795105,-21.1655426,0.151515,4.388905,35.267205,0.340995,13.360205,0.0849,0.00459,0.00386,0.00386,"Habitat Protection",2182156.172,0.146849549935705,0.000985855122160309,6623.4086012264
"U/N Reef (21-225)","M",195.027433024369,-16.4473285675049,152.09559631,-21.19787979,0.45675,4.33948,35.31715,0.2564,3.25269,0.10894,0.00471,0.00409,0.00386,"Habitat Protection",1315333.611,0.379856523900845,0.00277008310249307,4297.43144721088
"U/N Reef (21-226)","M",218.741279151981,-3.85224461555481,152.3710022,-21.17719841,0.24262,4.36412,35.28796,0.31252,7.43984,0.03068,0.00473,0.00386,0.00386,"Marine National Park",209669.695,0.249718759838333,0.024677224333504,1801.29138605125
"U/N Reef (21-227)","M",220.885914802365,-33.7012825012207,152.39749146,-21.17647552,0.2375525,4.3694525,35.2876775,0.317295,8.688675,0.0312675,0.00466,0.00386,0.00386,"Marine National Park",4251407.59,0.067308964023405,0.00316932807711398,8870.35156666414
"Temple Island Reef (21-308)","I",2.25843427186329,-3.16372489929199,149.48971558,-21.60212898,0.03,4.4,36.14,1.29,7.77,0.12256,0.03281,0.8326,0.06822,"Habitat Protection",1501395.325,0.346510960261177,0.0308458562823141,9795.87771295201
"U/N Reef (21-309)","I",1.46823796529607,-2.97222828865051,149.47203064,-21.60445595,0.03,4.4,36.15,1.3,7.76,0.11944,0.10057,0.78185,0.05065,"Habitat Protection",546420.0925,0.346510960261177,0.0308458562823141,2909.3950668162
"U/N Reef (21-310)","I",0.374290222168375,-1.48846125602722,149.44360352,-21.64638519,0.0388933333333333,4.37579333333333,36.1938066666667,1.30248,3.00173666666667,0.0318866666666667,0.07073,0.82214,0.03869,"Habitat Protection",2124221.008,0.346510960261177,0.0308458562823141,10861.8746831434
"U/N Reef (21-312)","I",0.665482328035594,-3.97498345375061,149.45639038,-21.67543983,NaN,NaN,NaN,NaN,NaN,NaN,NaN,NaN,NaN,NaN,1040251.59,0.346510960261177,0.0308458562823141,4579.11345910458
"U/N Reef (21-313)","I",1.43109013581592,-1.37901926040649,149.47171021,-21.71211052,NaN,NaN,NaN,NaN,NaN,NaN,NaN,NaN,NaN,NaN,623841.0755,0.346510960261177,0.0308458562823141,5136.72591586215
"U/N Reef (21-314)","I",0.777991790912715,-0.224934846162796,149.46852112,-21.73969078,0.036045,4.39142,36.19894,1.2857,7.531675,0.09666,0.36088,0.54461,0.05029,"Habitat Protection",1375674.831,0.346510960261177,0.0308458562823141,6513.95931841055
"U/N Reef (21-315)","I",1.60220842969274,-0.0413646213710308,149.46368408,-21.82425308,NaN,NaN,NaN,NaN,NaN,NaN,NaN,NaN,NaN,NaN,335064.3775,0.346510960261177,0.0308458562823141,2767.93273523847
"West Hill Reef (21-316)","I",2.29464196456379,-2.29495525360107,149.48408508,-21.83606529,NaN,NaN,NaN,NaN,NaN,NaN,NaN,NaN,NaN,NaN,1988917.002,0.346510960261177,0.0308458562823141,9462.43254717561
"Coquet Reef (21-417)","I",22.3973323053798,-6.3568000793457,150.09715271,-21.93717957,NaN,NaN,NaN,NaN,NaN,NaN,NaN,NaN,NaN,NaN,578722.0904,0.346510960261177,0.0308458562823141,2482.10957696079
"Hunter Island Reef (No 1) (21-418a)","I",22.0865061874864,-4.71132516860962,150.13188171,-21.95026779,0.05628,4.463035,35.88078,0.93946,4.70374,0.1319,0.01366,0.74243,0.19548,"Habitat Protection",2526088.07,0.346510960261177,0.0308458562823141,9312.1395147138
"Hunter Island Reef (No 2) (21-418b)","I",19.3334599028339,-0.422094345092773,150.14614868,-21.98266792,NaN,NaN,NaN,NaN,NaN,NaN,NaN,NaN,NaN,NaN,523306.2367,0.346510960261177,0.0308458562823141,2660.93510085504
"U/N Reef (21-135)","O",137.642374487978,-8.14636993408203,151.4798584,-21.36478806,0.186016363636364,4.44885787878788,35.4023909090909,0.21393303030303,6.05535636363636,0.101119696969697,0.00754575757575758,0.0057630303030303,0.0273663636363636,"Marine National Park",38340503.41,0.252660536647785,0.0519967075631354,32433.0138495161
"U/N Reef (21-136)","M",132.185549467938,-6.89742851257324,151.42089844,-21.38519478,0.22,4.455,35.42,0.24,4.055,0.03,0.00825,0.00579,0.02703,"Marine National Park",1166788.742,0.505220371403523,0.0108392444409022,4156.05340323203
"U/N Reef (21-137)","M",130.564338555038,-3.39033460617065,151.41903687,-21.40195084,0.12,4.49,35.39,0.2,3.33,0.03,0.00811,0.00563,0.02683,"Marine National Park",1881109.31,0.610932475884244,0.0247341083353945,5045.22228554077
"U/N Reef (21-138)","M",127.737472193665,-3.6281590461731,151.4158783,-21.43140984,0.209115,4.465715,35.433785,0.247855,4.12314,0.03924,0.00811,0.00563,0.02683,"Marine National Park",1176653.549,0.716565289517339,0.0188798483292519,3910.67500219245
"U/N Reef (21-139)","M",127.545908887778,-5.65614366531372,151.46914673,-21.47309494,0.182065,4.45822583333333,35.4228975,0.2347725,3.73661416666667,0.0273666666666667,0.00738666666666667,0.00586,0.0276816666666667,"Marine National Park",14339010.37,0.366387753778297,0.100817279626386,14126.7227046472
"U/N Reef (21-228)","M",212.816656264281,-4.33685684204102,152.29989624,-21.18229485,0.1,4.36,35.24,0.34,3.16,0.00775,0.00473,0.00386,0.00386,"Marine National Park",547111.3066,0.658016049171931,0.00785385009390473,2939.17908145273
"U/N Reef (21-229)","M",224.495684097637,-32.8655242919922,152.44850159,-21.18300247,0.193896,4.38206,35.280886,0.328682,10.79654,0.054858,0.004618,0.00386,0.00386,"Habitat Protection",4097338.434,0.0380424872355945,6.83807439824945e-05,7930.15947115211
"U/N Reef (21-230)","M",215.054849942408,-8.49830055236816,152.33605957,-21.19016266,0.1,4.36,35.25,0.34,4.24,0.00775,0.00473,0.00386,0.00386,"Marine National Park",1528950.747,0.395209580838323,0.0359892459978003,5290.00881654693
"U/N Reef (21-231)","M",212.768680963735,-8.44322967529297,152.31559753,-21.19956398,0.105,4.335,35.25,0.385,3.63,0.00775,0.00473,0.00386,0.00386,"Marine National Park",1392554.402,0.318175720992622,0.0323272971160295,4834.2279352606
"U/N Reef (21-232)","M",227.045717227583,-18.5505409240723,152.49812317,-21.2042942,NaN,NaN,NaN,NaN,NaN,NaN,NaN,NaN,NaN,NaN,519573.4112,0.29685534591195,0.0131176999101527,2834.87652254813
"U/N Reef (21-233)","M",225.84346610505,-23.1854839324951,152.49273682,-21.21545792,NaN,NaN,NaN,NaN,NaN,NaN,NaN,NaN,NaN,NaN,84273.44109,0.0411111111111111,0.00111111111111111,1185.85158844971
"U/N Reef (21-234)","M",206.151476855635,-18.684534072876,152.24261475,-21.21254539,0.196462,4.338056,35.271548,0.311948,3.392184,0.029568,0.00473,0.00386,0.00386,"Marine National Park",5642503.892,0.166614246221589,0.0236223079342482,10503.6626724773
"Lavers Reef (21-235)","M",186.889163701059,-7.28981256484985,152.01158142,-21.2201004,0.26948,4.33955166666667,35.3012183333333,0.264401666666667,3.09014,0.208378333333333,0.00553,0.00386,0.0062,"Habitat Protection",5743865.24,0.366924938680701,0.035524584571902,10923.6357295132
"Ferdinand Shoal (21-317)","I",29.3902300976907,-9.90933990478516,149.76760864,-21.50951195,0.02,4.59,35.71,1.11,4.61,0.04,0.01598,0.39329,0.492,"Marine National Park",1269987.296,0.346510960261177,0.0177950070865176,7684.75008939841
"Waratah Island Reef (21-318)","I",24.6019143733815,-4.79112148284912,149.72076416,-21.51057243,NaN,NaN,NaN,NaN,NaN,NaN,NaN,NaN,NaN,NaN,128179.2321,0.346510960261177,0.0311214662234968,2711.02268665683
"Waratah Shoal (21-319)","I",24.052459403576,-9.67672157287598,149.71664429,-21.5170536,NaN,NaN,NaN,NaN,NaN,NaN,NaN,NaN,NaN,NaN,657266.7412,0.346510960261177,0.0311214662234968,3639.7096965264
"Tupper Shoal (21-320)","I",32.6715847293929,-11.1448917388916,149.80168152,-21.52380371,0.03333,4.56938333333333,35.7305366666667,0.99554,9.15299333333333,0.0629166666666667,0.0156233333333333,0.413893333333333,0.477576666666667,"Marine National Park",5066998.792,0.346510960261177,0.0177950070865176,17120.6775019094
"Yaralla Shoal (21-322)","I",16.8760300745169,-11.8115520477295,149.64598083,-21.58921051,0.031313,4.493761,35.94507,1.169367,5.678566,0.088588,0.009361,0.621154,0.297667,"Marine National Park",11065687.21,0.346510960261177,0.0308458562823141,22586.0861466076
"Harry Shoal (North) (21-324a)","I",34.9460014779328,-8.03044033050537,149.82466125,-21.57322884,NaN,NaN,NaN,NaN,NaN,NaN,NaN,NaN,NaN,NaN,133870.982,0.346510960261177,0.0177950070865176,1354.85109828353
"Harry Shoal (South) (21-324b)","I",34.3169079152095,-7.32228994369507,149.8177948,-21.58224297,0.03686,4.55666,35.7716,0.99353,10.0931,0.09082,0.01641,0.42311,0.47517,"Habitat Protection",756561.7782,0.346510960261177,0.0177950070865176,3612.54704601012
"Hotspur Islets Reef (21-059)","I",75.8532875163639,1.25085687637329,150.26831055,-21.48330307,0.11,4.57,35.39,0.74,31.3,0.01,0.01,0.04248,0.46141,"Marine National Park",948124.8331,0.346510960261177,0.0101898100021962,9643.9598734771
"U/N Reef (21-060)","M",129.226977639749,-6.08547687530518,150.59155273,-21.01289177,0.21206,4.565435,35.33747,0.429595,17.577635,0.043005,0.00459,0.01135,0.25323,"Habitat Protection",1618848.008,0.281639928698752,0.0535334368351446,4823.44040466313
"U/N Reef (21-061)","M",136.956512044171,-8.58966255187988,150.69233704,-21.05476952,0.191956,4.5707748,35.3473744,0.3697984,18.260312,0.0428784,0.0045652,0.0122828,0.22838,"Habitat Protection",27954709.39,0.147760622262196,0.0340178883725578,33031.4717772222
"U/N Reef (21-140)","M",115.188585894647,-3.76197266578674,151.2865448,-21.48459435,0.186085,4.49825,35.4252066666667,0.237875,6.437105,0.02748,0.00919833333333333,0.00515166666666667,0.0261166666666667,"Marine National Park",5733526.44,0.652751884574856,0.0461538461538462,9799.47684590291
"U/N Reef (21-141)","M",110.249341389246,-8.29098129272461,151.19822693,-21.48633385,0.204072380952381,4.50129142857143,35.4394842857143,0.263608095238095,6.87468095238095,0.026127619047619,0.00884952380952381,0.00586190476190476,0.0395104761904762,"Marine National Park",26869742.87,0.474418492022859,0.0571718164081418,25607.4306946396
"U/N Reef (21-142)","O",175.212772536733,-6.75106859207153,151.55395508,-21.00358772,0.213623333333333,4.414105,35.3354566666667,0.217376666666667,6.794735,0.0833683333333333,0.00506,0.00477,0.0191466666666667,"Habitat Protection",6412176.007,0.548504964043439,0.0539785134072845,15414.6454734156
"U/N Reef (21-143)","O",172.063717986252,-3.56033420562744,151.56329346,-21.04230118,0.23158,4.40625,35.35722,0.21524,7.53054,0.0657,0.00574,0.00488,0.02426,"Habitat Protection",1542141.254,0.305620254695595,0.0162627242323294,6891.37862401487
"U/N Reef (21-144)","O",171.82321393993,-9.08475971221924,151.57254028,-21.05036545,0.226434285714286,4.40745,35.3536271428571,0.212387142857143,7.54702571428571,0.0556414285714286,0.00563571428571429,0.00469428571428571,0.0240771428571429,"Habitat Protection",5800401.307,0.437599498287423,0.0473732452120218,15522.0474305954
"U/N Reef (21-236)","M",217.801811617356,-31.9866847991943,152.39666748,-21.21899033,0.198695333333333,4.36272266666667,35.2737493333333,0.335267,7.429123,0.019924,0.00449666666666667,0.00386,0.00386,"Marine National Park",32243394.04,0.0357709776840544,0.00571512988668227,29649.3985797054
"U/N Reef (21-237)","M",222.501334640067,-3.57891416549683,152.47233582,-21.2400341,0.1,4.37,35.26,0.36,11.87,0.1,0.00417,0.00386,0.00386,"Habitat Protection",562135.6887,0.450921773791729,0.0441787078558379,2828.53430186572
"U/N Reef (21-238)","M",226.051023885642,-13.0763454437256,152.51210022,-21.23604202,0.161107777777778,4.35266444444444,35.2811555555556,0.386187777777778,14.1743344444444,0.0676666666666667,0.00417,0.00386,0.00396666666666667,"Habitat Protection",10505090.48,0.221056095630286,0.0397125399126591,24121.2932735898
"Hirst Reef (21-325)","I",33.7248051359259,-0.293595105409622,149.81271362,-21.57463837,NaN,NaN,NaN,NaN,NaN,NaN,NaN,NaN,NaN,NaN,156773.6564,0.346510960261177,0.0177950070865176,1811.71457232034
"Kilgour Shoal (21-326)","I",40.2580732907299,-10.3884801864624,149.87457275,-21.59135246,0.0400833333333333,4.55888,35.7439233333333,1.00632666666667,9.05871,0.0910033333333333,0.01607,0.4484,0.45608,"Habitat Protection",1890322.754,0.346510960261177,0.0177950070865176,5621.71494519501
"Wallace Reef (21-327)","I",29.9169331026713,-2.93614149093628,149.77217102,-21.60095787,NaN,NaN,NaN,NaN,NaN,NaN,NaN,NaN,NaN,NaN,139034.8549,0.346510960261177,0.0210307089186541,1621.74325320241
"Tinonee Bank (21-328)","I",33.0904736081445,-5.16842889785767,149.80619812,-21.57907104,0.0334,4.55543,35.7905,1.047405,7.07178,0.089645,0.01414,0.488495,0.417125,"Habitat Protection",2365267.5,0.346510960261177,0.0177950070865176,9882.25408600259
"Planter Shoal (21-329)","I",36.4864586692507,-12.6718044281006,149.83822632,-21.58836555,0.03721,4.55705,35.76732,0.99717,9.73817,0.09144,0.01522,0.49999,0.4108,"Habitat Protection",639195.154,0.346510960261177,0.0177950070865176,3516.05986557536
"Bluff Island Reef (21-331)","I",39.6568919439901,1.78930866718292,149.86695862,-21.60451508,NaN,NaN,NaN,NaN,NaN,NaN,NaN,NaN,NaN,NaN,322326.0658,0.346510960261177,0.0177950070865176,3456.92465835918
"U/N Reef (21-062)","M",146.291592384571,-6.1721715927124,150.8651123,-21.03121948,0.196156,4.555938,35.340116,0.340524,15.887504,0.058982,0.005922,0.006388,0.036204,"Habitat Protection",5051734.957,0.28630208924938,0.0363211549804912,8891.9260199133
"U/N Reef (21-063)","M",147.974449124456,-3.5019428730011,150.92486572,-21.02652931,NaN,NaN,NaN,NaN,NaN,NaN,NaN,NaN,NaN,NaN,1140959.756,0.486446766819073,0.0509470934030046,3839.01475615216
"U/N Reef (21-064)","M",142.171662660914,-7.44029188156128,150.77798462,-21.05713272,0.165,4.58,35.31,0.345,18.27,0.055285,0.00549,0.00635,0.05198,"Habitat Protection",2418481.06,0.327812656472673,0.00855062974232562,6170.58772460329
"U/N Reef (21-065)","M",141.219390423585,-9.68648719787598,150.83032227,-21.07218361,0.17531,4.57392111111111,35.3601566666667,0.295341111111111,16.9863111111111,0.0575333333333333,0.00604666666666667,0.00845,0.0696344444444444,"Habitat Protection",11574221.42,0.172811393627293,0.0401029932410686,14579.9653627541
"U/N Reef (21-066)","M",138.673688792514,-21.1501293182373,150.77861023,-21.08885765,NaN,NaN,NaN,NaN,NaN,NaN,NaN,NaN,NaN,NaN,258258.6734,0.398013352713624,0.0294314709267368,2052.299283261
"U/N Reef (21-067)","M",137.725347913061,-14.8675975799561,150.90170288,-21.11616707,0.205356666666667,4.54098,35.4157566666667,0.302143333333333,26.1770133333333,0.0581033333333333,0.00677,0.00491666666666667,0.03669,"Habitat Protection",2141350.224,0.234342379958246,0.0223556019485038,6037.81892567503
"U/N Reef (21-145a)","O",172.555623310868,-10.1181507110596,151.60997009,-21.06549835,0.200836956521739,4.40764608695652,35.3305704347826,0.211886956521739,7.64703260869565,0.0734086956521739,0.0057695652173913,0.00458130434782609,0.0251082608695652,"Habitat Protection",27739720.65,0.350151033011982,0.0287500925035151,26748.9603123816
"U/N Reef (21-145b)","O",168.82050448309,-13.7731056213379,151.59931946,-21.09938431,0.175866,4.434928,35.340166,0.179486,8.881316,0.073846,0.00621,0.00473,0.02688,"Habitat Protection",7947797.312,0.196315418915747,0.0408824219666745,13028.5163126818
"U/N Reef (21-145c)","O",174.145942028477,-11.9615116119385,151.59657288,-21.04000854,NaN,NaN,NaN,NaN,NaN,NaN,NaN,NaN,NaN,NaN,352918.7211,0.436459709379128,0,2212.41420290691
"U/N Reef (21-146)","O",173.380883608653,-5.37944984436035,151.6415863,-21.07686806,0.215745,4.38608,35.32897,0.22686,6.841155,0.07447,0.00597,0.00447,0.02637,"Habitat Protection",3472008.466,0.462057290267104,0.0505186220239695,9437.73499512663
"U/N Reef (21-147)","O",175.352238600077,-6.50170469284058,151.66363525,-21.06974411,0.221737,4.391452,35.32762,0.224461,5.119317,0.064769,0.005588,0.004144,0.023314,"Habitat Protection",12188374.96,0.453055038919887,0.0561181143946178,16398.9957253956
"U/N Reef (21-239)","M",204.443050848374,-30.2480010986328,152.26924133,-21.26412392,0.27412,4.33508125,35.2785325,0.3097,3.5863275,0.02630125,0.00474,0.00386,0.00386,"Habitat Protection",11207775.99,0.0725302729983177,0.00512184153105585,22713.6761750948
"U/N Reef (21-240)","M",206.771001569199,-5.21092462539673,152.31253052,-21.27980042,NaN,NaN,NaN,NaN,NaN,NaN,NaN,NaN,NaN,NaN,189293.229,0.728303747534517,0.0641025641025641,1641.23563903707
"Centenery Reef (21-241)","M",208.039352147108,-5.9377818107605,152.33070374,-21.28257179,0.178616666666667,4.33451,35.2728233333333,0.329113333333333,5.48604333333333,0.03058,0.00446,0.00386,0.00386,"Habitat Protection",3453409.716,0.376260918949617,0.0362928306785299,8029.90148730415
"U/N Reef (21-242a)","M",198.614199510375,-7.28456878662109,152.2311554,-21.30331612,0.29,4.34,35.27,0.29,2.21,0.01,0.00474,0.00386,0.00386,"Habitat Protection",2240371.03,0.383997335664627,0.0434619707755714,7607.58683524953
"U/N Reef (21-242b)","M",197.974993060772,-10.9942646026611,152.2205658,-21.30057907,0.96,4.32,35.32,0.25,1.98,0.01,0.00474,0.00386,0.00386,"Habitat Protection",212740.9902,0.438324723191544,0.0206801875233339,1905.7796739354
"Treble Reef (21-333)","I",35.553399447257,0.32915723323822,149.82698059,-21.60354614,NaN,NaN,NaN,NaN,NaN,NaN,NaN,NaN,NaN,NaN,245877.1202,0.346510960261177,0.0177950070865176,2514.56051905435
"Curlew Reef (21-334)","I",31.1264574749535,7.74875020980835,149.78314209,-21.60557938,NaN,NaN,NaN,NaN,NaN,NaN,NaN,NaN,NaN,NaN,564899.5054,0.346510960261177,0.0210307089186541,4535.869095315
"U/N Reef (21-336)","I",34.9417130328756,-5.68654584884644,149.81752014,-21.62057495,NaN,NaN,NaN,NaN,NaN,NaN,NaN,NaN,NaN,NaN,9682.634966,0.346510960261177,0.0210307089186541,367.334743990141
"Pearl Shoal (21-337)","I",28.6400542476576,-6.91348648071289,149.75738525,-21.61088753,0.0292933333333333,4.52684666666667,35.88288,1.12442666666667,5.01312,0.0910433333333333,0.01046,0.582386666666667,0.3316,"Habitat Protection",4285323.056,0.346510960261177,0.0210307089186541,13134.0563344195
"Slattery Shoal (21-338)","I",31.8998442028734,-6.99366760253906,149.78649902,-21.62372971,0.03,4.52333333333333,35.8666666666667,1.13,3.75666666666667,0.09,0.01326,0.564813333333333,0.351446666666667,"Habitat Protection",4015918.815,0.346510960261177,0.0210307089186541,9873.81093549208
"U/N Reef (21-068)","M",134.993261445603,-3.72570943832397,150.83065796,-21.1288929,0.1755575,4.56343,35.308975,0.41578,21.2280825,0.06511,0.00727,0.00856,0.08593,"Habitat Protection",3938059.55,0.265036882920371,0.085776432759599,8106.13101006832
"U/N Reef (21-069)","M",140.470744594079,-7.45400953292847,150.99501038,-21.1121769,0.16,4.58,35.375,0.2,24.955,0.11,0.00678,0.00524,0.03802,"Habitat Protection",1373543.993,0.147238908120018,0.0144367610029672,4340.9652872325
"U/N Reef (21-070)","M",133.924360993701,-7.39520168304443,150.78956604,-21.13311958,0.19119,4.55709,35.38702,0.32663,20.37755,0.07221,0.00736,0.01087,0.19755,"Habitat Protection",1255089.568,0.463758439053342,0.0615772683433489,4804.23641268398
"U/N Reef (21-071)","M",133.296940144673,-4.8780517578125,150.76312256,-21.13590622,0.15,4.59,35.25,0.52,17.87,0.07151,0.00545,0.01454,0.26616,"Habitat Protection",1329112.256,0.402468962614856,0.018166514694536,4418.61744682936
"Patricia Mather Reef (21-148)","O",175.717965715673,-5.86077308654785,151.68789673,-21.08218956,NaN,NaN,NaN,NaN,NaN,NaN,NaN,NaN,NaN,NaN,10635161.35,0.410406703812574,0.0634844031062168,15929.2042501085
"U/N Reef (21-149)","O",176.284361087337,-9.33931255340576,151.71607971,-21.09569168,0.234299090909091,4.38219545454545,35.3286972727273,0.225136363636364,4.18820454545455,0.0627209090909091,0.00579272727272727,0.00413272727272727,0.0203072727272727,"Habitat Protection",11853513,0.351891219450743,0.0540832073570169,17387.7525139608
"U/N Reef (21-150)","O",176.498479918752,-5.12025880813599,151.73487854,-21.10695457,0.239395,4.37266,35.3246775,0.22794,3.7733325,0.05522,0.005855,0.00416,0.0202575,"Habitat Protection",2475400.712,0.606097147379131,0.0678675057466933,11528.5020159419
"U/N Reef (21-151)","O",177.050963630377,-6.72876358032227,151.75344849,-21.1144619,0.151666666666667,4.38166666666667,35.2916666666667,0.24,2.29833333333333,0.0168533333333333,0.005965,0.00422333333333333,0.0190933333333333,"Habitat Protection",6165472.779,0.470712848215231,0.0627808797494212,11326.9718732777
"U/N Reef (21-242c)","M",199.041728367372,-5.44447135925293,152.23120117,-21.2974205,NaN,NaN,NaN,NaN,NaN,NaN,NaN,NaN,NaN,NaN,6564.494319,0.753424657534247,0.0136986301369863,263.427637890063
"U/N Reef (21-243)","M",185.406087695588,-24.3980350494385,152.05187988,-21.29553986,0.25846,4.33824,35.29586,0.241903333333333,4.36102333333333,0.129513333333333,0.00474,0.00386,0.00403,"Habitat Protection",2998136.908,0.0640794223826715,0.000778040582596788,7027.81826906249
"U/N Reef (21-244)","M",185.038723549105,-21.4465084075928,152.06446838,-21.3126049,0.31043,4.33525,35.30636,0.24476,4.99065,0.11272,0.00475,0.00386,0.00434,"Habitat Protection",1025586.534,0.128529312144986,0.0118266257641513,4455.17530914961
"U/N Reef (21-245)","M",215.192182240223,-14.4821071624756,152.43687439,-21.30537796,0.2450175,4.3448025,35.291355,0.322925,10.7933875,0.03557,0.00417,0.00386,0.0040475,"Habitat Protection",4733923.363,0.261161946832847,0.0180444900212984,9061.22231617091
"U/N Reef (21-246)","M",218.136109421899,-15.1518783569336,152.48178101,-21.317873,0.21473,4.34891,35.28751,0.33139,12.32321,0.03823,0.00417,0.00386,0.0041,"Habitat Protection",471077.3912,0.55399535302203,0.0120394707657876,3078.69694919931
"U/N Reef (21-247)","M",191.19029003128,-30.2067203521729,152.16299438,-21.33177567,0.448483846153846,4.32749769230769,35.2928230769231,0.265526923076923,3.36396692307692,0.0364576923076923,0.00475,0.00386,0.00396923076923077,"Habitat Protection",15738907.58,0.0613535474464668,0.00149946363059854,20352.0594372621
"Dinner Reef (21-339)","I",34.4068223668475,-1.42322766780853,149.81027222,-21.6282959,0.02,4.57,35.85,1.12,4.01,0.09,0.01488,0.59386,0.32966,"Habitat Protection",106577.9025,0.346510960261177,0.0210307089186541,1308.62942135137
"Temple Shoal (21-340)","I",3.70926969320821,-6.54399538040161,149.50505066,-21.60247612,NaN,NaN,NaN,NaN,NaN,NaN,NaN,NaN,NaN,NaN,885861.2707,0.346510960261177,0.0308458562823141,3470.22749585844
"Edwards Shoal (21-341)","I",20.7734559616722,-7.94477462768555,149.66375732,-21.65200806,0.030155,4.486675,36.00012,1.18175,6.148945,0.090685,0.01044,0.62563,0.29558,"Habitat Protection",2384499.352,0.346510960261177,0.0308458562823141,8603.86789951215
"Blackbird Shoal (21-342)","I",36.5807556794965,-5.20930671691895,149.82588196,-21.65610695,0.03129,4.55713,35.87053,1.04661,7.73899,0.09804,0.01488,0.59386,0.32966,"Habitat Protection",946731.8561,0.346510960261177,0.0210307089186541,5001.05937720011
"Ridge Reef (21-345)","I",17.365176370221,-2.58975672721863,149.63824463,-21.67481613,NaN,NaN,NaN,NaN,NaN,NaN,NaN,NaN,NaN,NaN,154610.5579,0.346510960261177,0.0308458562823141,1790.95112872061
"Paxton Shoal (21-346)","I",20.2095946251655,-8.67648029327393,149.67341614,-21.69802475,0.03,4.46,36.1,1.25,5.16,0.14,0.01065,0.69573,0.23179,"Habitat Protection",828446.7759,0.346510960261177,0.0308458562823141,3744.2433333866
"Torch Shoal (21-347)","I",7.72979734038276,-8.27749061584473,149.54095459,-21.68803024,0.0315925,4.41056,36.19459,1.292865,8.946495,0.1085975,0.0176,0.82291,0.09062,"Habitat Protection",2822870.588,0.346510960261177,0.0308458562823141,11706.9630202706
"U/N Reef (21-072)","M",124.760806112401,-6.83844661712646,150.66035461,-21.16360283,0.17448,4.58174294117647,35.3322768627451,0.428402941176471,25.7377252941176,0.0302329411764706,0.00629196078431373,0.0145803921568627,0.276800196078431,"Habitat Protection",58343308.51,0.22522404699285,0.0733968219538142,38881.7229185552
"U/N Reef (21-073)","M",134.282175845421,-12.2258825302124,150.85562134,-21.13931656,NaN,NaN,NaN,NaN,NaN,NaN,NaN,NaN,NaN,NaN,281488.2355,0.210300429184549,0,2073.99858845228
"U/N Reef (21-074)","M",132.211872017486,-4.29934740066528,150.84495544,-21.15646553,0.194764,4.556232,35.354376,0.385292,23.491452,0.095142,0.007352,0.00879,0.105216,"Habitat Protection",4977053.473,0.277754918829954,0.111188000299244,8615.86042564071
"U/N Reef (21-075)","M",133.231175501098,-22.0405693054199,150.93388367,-21.16447449,0.19391,4.543055,35.43034,0.286315,28.839685,0.05136,0.007385,0.006385,0.048185,"Habitat Protection",1341599.805,0.0992848712073874,0.00819273762410609,5907.49134919285
"U/N Reef (21-152)","O",177.671784853601,-4.03383016586304,151.77072144,-21.12043381,0.23045,4.36587,35.31271,0.238315,2.78366,0.02843,0.006015,0.00423,0.01553,"Habitat Protection",2560723.036,0.431567387961423,0.0435373208009117,7182.36397776825
"U/N Reef (21-153)","O",165.524037398333,-10.4034051895142,151.58065796,-21.12338448,0.188998,4.429832,35.352204,0.171898,10.12695,0.072748,0.006506,0.00481,0.028816,"Habitat Protection",6660848.846,0.317006554989075,0.0433217547201524,10436.4323782429
"U/N Reef (21-154)","O",161.588178342905,-9.46942615509033,151.55654907,-21.15089035,0.192687,4.433503,35.361719,0.184401,8.194848,0.051525,0.006986,0.004985,0.027169,"Habitat Protection",11659163.47,0.33619097125035,0.0277420128753649,15551.113501238
"U/N Reef (21-155)","O",169.046058844308,-6.1465311050415,151.69050598,-21.15966606,0.206135,4.403645,35.336975,0.162575,4.74866,0.07613,0.00608,0.00445,0.02496,"Marine National Park",2359418.938,0.422949133771062,0.0381298947868048,5915.12267517251
"U/N Reef (21-156)","O",171.465942070764,-6.67416858673096,151.71206665,-21.14785957,NaN,NaN,NaN,NaN,NaN,NaN,NaN,NaN,NaN,NaN,53696.24438,0.768014059753954,0.0790861159929701,813.721401582921
"U/N Reef (21-157)","O",174.284162788588,-14.0304670333862,151.7565918,-21.14909172,0.171462857142857,4.38311571428571,35.3145342857143,0.213455714285714,2.76979428571429,0.0560271428571429,0.00613285714285714,0.00433428571428571,0.0192414285714286,"Marine National Park",7859558.182,0.348368487898679,0.0317162628936342,16420.9953445598
"U/N Reef (21-158)","O",175.483888059632,-7.4046688079834,151.77658081,-21.15070915,0.187266666666667,4.36180166666667,35.2997883333333,0.252188333333333,2.02194333333333,0.0487966666666667,0.006185,0.00436,0.0178366666666667,"Marine National Park",6988115.627,0.47562082777036,0.0361148197596796,14631.9147329276
"U/N Reef (21-248)","M",195.163749725522,-22.2752532958984,152.22224426,-21.34185219,0.34362,4.32622,35.29481,0.28093,4.87885,0.03955,0.00474,0.00386,0.00386,"Habitat Protection",2140736.581,0.177552176375757,0.00487996165744412,8344.89742518189
"U/N Reef (21-249)","M",203.35648574699,-32.8153495788574,152.32365417,-21.34230995,0.257062,4.32841,35.291322,0.306208,6.02347,0.070686,0.00446,0.00386,0.003946,"Habitat Protection",6170316.306,0.0320384824832093,7.5633811339021e-05,17465.9812830711
"U/N Reef (21-250a)","M",210.747837018149,-11.5783386230469,152.40174866,-21.32835197,0.2165025,4.3351075,35.2769825,0.3407675,5.97053,0.0152825,0.004175,0.00386,0.004095,"Habitat Protection",3446752.277,0.253667514751259,0.0414117901802631,8984.1516283181
"U/N Reef (21-250b)","M",210.746395246002,-12.2306966781616,152.39926147,-21.32525635,NaN,NaN,NaN,NaN,NaN,NaN,NaN,NaN,NaN,NaN,123084.431,0.339908952959029,0.0698027314112291,1329.08318591204
"U/N Reef (21-251)","M",207.694802257341,-30.5519485473633,152.36584473,-21.32950974,0.26631,4.34056,35.286575,0.308425,6.21133,0.034615,0.00418,0.00386,0.00401,"Habitat Protection",1785920.413,0.208538316731166,0.0370967184676104,5531.07457852482
"U/N Reef (21-252)","M",196.811647303076,-25.4259071350098,152.2495575,-21.34968948,0.15,4.28,35.27,0.37,2.42,0.2,0.00447,0.00386,0.00411,"Habitat Protection",1429576.467,0.183525728820192,0.00965238374747277,4843.53130639789
"Connor Islet Reef (21-348)","I",19.5270375136818,-0.532340884208679,149.66941833,-21.71940422,0.03,4.45,36.13,1.26,5.13,0.14,0.01065,0.69573,0.23179,"Habitat Protection",590054.1625,0.346510960261177,0.0308458562823141,4033.72974184141
"Smythe Shoals (21-349a)","I",41.3501768009758,-12.9913291931152,149.8805542,-21.71228218,0.027138,4.54661,35.879666,1.08403,4.290876,0.106266,0.014834,0.631968,0.294382,"Marine National Park",6527763.66,0.346510960261177,0.0308458562823141,18300.7262973144
"Emily Patches (21-349b)","I",36.5479174302867,-9.00440883636475,149.83363342,-21.75271606,0.021778,4.53697,35.97947,1.160862,4.352614,0.110714,0.019914,0.75609,0.171196,"Marine National Park",5413714.42,0.346510960261177,0.0308458562823141,16344.2318624503
"Shag Reef (21-350)","I",11.5217465896071,-6.88782930374146,149.59126282,-21.74284935,NaN,NaN,NaN,NaN,NaN,NaN,NaN,NaN,NaN,NaN,100555.8888,0.346510960261177,0.0308458562823141,1300.08185814637
"Stony Shoal (21-351)","I",9.06261685703139,-7.92625904083252,149.56417847,-21.75425339,0.0310075,4.4040925,36.255345,1.322385,7.5521025,0.1067175,0.022155,0.8134225,0.1137225,"Habitat Protection",4076479.8,0.346510960261177,0.0308458562823141,12572.9273477841
"Williams Shoal (21-352)","I",15.8518860872821,-9.80010986328125,149.63389587,-21.73739815,0.03029,4.460105,36.112895,1.223475,7.6304,0.115445,0.00666,0.76538,0.16681,"Habitat Protection",1688185.007,0.346510960261177,0.0308458562823141,7374.97882607464
"U/N Reef (21-076)","M",129.505290719858,-5.83560180664062,150.87327576,-21.18617821,0.187213,4.555669,35.324993,0.424649,29.720454,0.052955,0.007384,0.007614,0.10616,"Habitat Protection",12189446.3,0.228664614538539,0.0317290579815308,14920.6696918363
"U/N Reef (21-077)","M",130.433336629333,-25.386646270752,150.94219971,-21.19237518,0.180663333333333,4.56164166666667,35.3374766666667,0.356286666666667,37.0016066666667,0.0394416666666667,0.00752,0.007,0.05946,"Habitat Protection",6986197.746,0.0912614892766751,0.00462235247102704,16040.1798731816
"U/N Reef (21-078)","M",126.938839426232,-8.38785266876221,150.82243347,-21.2010231,0.18064,4.56548,35.34407,0.40829,27.2521933333333,0.121756666666667,0.00802333333333333,0.0102266666666667,0.235456666666667,"Habitat Protection",2975373.258,0.23021582733813,0.0586174538629966,7413.9507634569
"U/N Reef (21-079)","M",125.025897992848,-4.32228565216064,150.79275513,-21.21425056,0.173926666666667,4.56233,35.3497466666667,0.41895,27.6465966666667,0.119763333333333,0.0071,0.01128,0.26068,"Habitat Protection",2830110.226,0.27085387497535,0.0796687043975547,6657.55200983268
"U/N Reef (21-080)","M",123.389927077344,-6.04161548614502,150.7689209,-21.22619438,NaN,NaN,NaN,NaN,NaN,NaN,NaN,NaN,NaN,NaN,569154.4533,0.668848167539267,0.12270942408377,3028.13539319559
"U/N Reef (21-159)","O",176.066558048326,-6.63260412216187,151.79916382,-21.16200638,0.2646275,4.35888,35.3228925,0.2327225,2.9976375,0.0697975,0.006195,0.0044225,0.0156775,"Marine National Park",4965246.532,0.496795775309616,0.0890041532765782,10202.5270483276
"U/N Reef (21-160)","O",158.573676722049,-7.02359628677368,151.55352783,-21.18189812,0.201893636363636,4.42078272727273,35.3609872727273,0.204441818181818,7.95629272727273,0.0363254545454545,0.00712090909090909,0.00497454545454545,0.02679,"Habitat Protection",12322435.99,0.337542176695768,0.0547200072627135,17142.7086614834
"U/N Reef (21-161)","O",176.111696712864,-4.21033143997192,151.82269287,-21.18107986,0.210048,4.344354,35.29778,0.25846,1.837588,0.070906,0.00615,0.00452,0.01993,"Marine National Park",4723392.845,0.55462516786476,0.0393988466703531,8855.8877851643
"U/N Reef (21-162)","O",155.826716759916,-5.73825073242188,151.54208374,-21.20458984,0.21791,4.41731428571429,35.3736128571429,0.20611,8.37615714285714,0.0431728571428571,0.00736142857142857,0.00487857142857143,0.0264042857142857,"Habitat Protection",6758053.076,0.350796167367478,0.0373199145240229,12715.2649011116
"U/N Reef (21-163)","O",157.436733118339,-9.86532211303711,151.57441711,-21.20841599,NaN,NaN,NaN,NaN,NaN,NaN,NaN,NaN,NaN,NaN,232792.7582,0.479983987189752,0.00120096076861489,1831.10630699637
"U/N Reef (21-164)","O",153.857064025282,-5.78490352630615,151.52877808,-21.21752548,0.21802,4.42034,35.37834,0.20356,8.91782,0.04158,0.00737,0.00478,0.02616,"Habitat Protection",1610048.862,0.557221418234443,0.0481041968162084,5846.51525890022
"U/N Reef (21-165)","O",174.632509948051,-13.6495494842529,151.82315063,-21.19952965,NaN,NaN,NaN,NaN,NaN,NaN,NaN,NaN,NaN,NaN,664681.2554,0.196127946127946,0,3259.66396461036
"U/N Reef (21-253)","M",199.53385611923,-28.3403701782227,152.28987122,-21.35781097,0.235345,4.3280725,35.28100875,0.30501875,4.70893125,0.1309275,0.00446,0.00386,0.00404,"Habitat Protection",8996092.972,0.0665007518017317,0.00320423082905584,15582.8716613085
"U/N Reef (21-254)","M",204.739856633248,-20.4532241821289,152.34736633,-21.35081482,0.22711,4.32837,35.28607,0.31818,5.45225,0.05826,0.00446,0.00386,0.004,"Habitat Protection",1867296.725,0.14614939574799,0.0243608653505413,8146.32127198462
"U/N Reef (21-255)","M",210.899223917052,-21.1341285705566,152.4249115,-21.35569382,NaN,NaN,NaN,NaN,NaN,NaN,NaN,NaN,NaN,NaN,673101.8711,0.327655449383742,0.0124636476942252,3695.28744923484
"U/N Reef (21-256)","M",215.720083813852,-17.5807666778564,152.48065186,-21.35416222,0.12733625,4.341265,35.273485,0.36698375,9.253455,0.11296875,0.00388,0.00386,0.0042575,"Marine National Park",9469838.85,0.534333799519997,0.00398502038354923,18520.1851476857
"U/N Reef (21-257)","M",187.490075553677,-23.5918941497803,152.14225769,-21.36036682,0.38452,4.32964,35.30387,0.25206,4.93336,0.0496,0.00475,0.00386,0.00418,"Habitat Protection",1008038.197,0.0776205014339902,0.000277546489036914,4691.74132345832
"Lower Reef (21-355)","I",24.1830466645549,-8.16548919677734,149.70275879,-21.79821014,NaN,NaN,NaN,NaN,NaN,NaN,NaN,NaN,NaN,NaN,23843.45301,0.346510960261177,0.0308458562823141,608.66808116722
"Innes Reef (21-356)","I",33.1794483931781,0.157568335533142,149.78819275,-21.8157444,NaN,NaN,NaN,NaN,NaN,NaN,NaN,NaN,NaN,NaN,197135.0309,0.346510960261177,0.0308458562823141,2219.23473620243
"Sandy Shoal (North) (21-358a)","I",10.1462216826544,-9.29649829864502,149.55975342,-21.82880592,0.03126,4.39498,36.25123,1.32692,8.98464,0.11028,0.04796,0.84628,0.06106,"Habitat Protection",908103.8087,0.346510960261177,0.0308458562823141,4441.60518346832
"Sandy Shoal (South) (21-358b)","I",8.51846701042338,-6.95770406723022,149.54400635,-21.84738541,0.03154,4.37514,36.20105,1.35834,9.24292,0.11082,0.04796,0.84628,0.06106,"Habitat Protection",1022388.467,0.346510960261177,0.0308458562823141,4533.81468831213
"George Reef (21-359)","I",37.169651864015,-1.17800009250641,149.82377625,-21.83037949,NaN,NaN,NaN,NaN,NaN,NaN,NaN,NaN,NaN,NaN,467643.418,0.346510960261177,0.0308458562823141,6125.14059024067
"Poynter Reef (21-360)","I",34.3235827390099,-4.94577550888062,149.79214478,-21.83708763,0.03,4.455,36.145,1.25,4.915,0.103925,0.025715,0.858725,0.051585,"Marine National Park",2774448.965,0.346510960261177,0.0308458562823141,14739.3639933614
"U/N Reef (21-081)","M",125.545808690362,-6.54276561737061,150.88285828,-21.22441864,0.206162,4.529708,35.361478,0.38764,33.726118,0.052048,0.00748,0.01037,0.19172,"Habitat Protection",6313347.728,0.208340704050946,0.0828026416651925,10887.4094630857
"U/N Reef (21-082)","M",123.546378938854,-3.85394048690796,150.89659119,-21.24571228,0.209254,4.519118,35.34926,0.411378,39.169332,0.03611,0.00748,0.01037,0.19172,"Habitat Protection",4953733.312,0.285360081145047,0.116815056914234,10103.478026774
"U/N Reef (21-083)","M",122.649118404523,-10.7151069641113,150.91246033,-21.25756645,NaN,NaN,NaN,NaN,NaN,NaN,NaN,NaN,NaN,NaN,679209.2843,0.38796169630643,0.048016415868673,4271.65479480223
"U/N Reef (21-084)","M",120.950124565796,-5.8653826713562,150.93057251,-21.27771568,0.21029,4.53344,35.41677,0.31479,30.19081,0.0409,0.00765,0.00923,0.10446,"Habitat Protection",1196924.35,0.599860063748737,0.0330405037705045,5988.45628706181
"U/N Reef (21-085)","M",117.838318757349,-15.1391563415527,150.93640137,-21.30824661,NaN,NaN,NaN,NaN,NaN,NaN,NaN,NaN,NaN,NaN,498067.8282,0.214059295170613,0,3121.14321081613
"Paul Reef (21-086)","M",111.982334168056,-7.80650091171265,150.7849884,-21.33171272,0.171825934065934,4.56561417582418,35.3655914285714,0.42298010989011,32.237429010989,0.0472592307692308,0.00863505494505495,0.0100765934065934,0.228728901098901,"Habitat Protection",106832179,0.228220093337174,0.0295335664877255,64123.6358943091
"Twin Cays Reef (North) (21-166)","M",185.16889863386,-15.4972162246704,151.98399353,-21.21507835,0.397,4.34128,35.32499,0.24237,3.40725,0.18864,0.00605,0.00408,0.01156,"Habitat Protection",1330060.834,0.261599832038631,0.00573868010357618,6076.01105688531
"U/N Reef (21-167)","O",153.293746746307,-8.01134777069092,151.54231262,-21.23272514,0.199741428571429,4.40875,35.3661514285714,0.213191428571429,9.03363142857143,0.0253657142857143,0.00737,0.00478,0.02616,"Habitat Protection",11091848.06,0.269378770311371,0.0308682428458604,16168.1347551191
"Twin Cays Reef (South) (21-168)","M",184.148600081475,-12.2506437301636,151.98223877,-21.22678185,0.09,4.36,35.27,0.26,2.08,0.27,0.00605,0.00408,0.01156,"Habitat Protection",1559407.698,0.429709971236817,0.00389501438159156,5685.57114531379
"U/N Reef (21-169)","M",162.205306081293,-6.71467781066895,151.69029236,-21.23905563,0.14,4.43,35.33,0.15,4.05,0.08,0.0066,0.00453,0.02401,"Marine National Park",816848.8279,0.690807481751825,0.0135720802919708,3449.61144782501
"U/N Reef (21-170)","M",160.303955956003,-6.49993562698364,151.66825867,-21.24411583,0.12,4.43,35.34,0.16,5.435,0.1,0.0066,0.00453,0.02401,"Marine National Park",2115481.754,0.425216969910569,0.0583726155337239,5766.26923912329
"U/N Reef (21-171)","O",152.285321496414,-7.69050025939941,151.55541992,-21.25293922,0.168,4.418,35.364,0.2,7.312,0.052,0.007102,0.004828,0.026348,"Habitat Protection",5733826.217,0.356117855459672,0.0603578567597874,11932.8031523294
"Mystery Reef (21-258)","M",176.533654726022,-11.5128164291382,152.01708984,-21.37743568,0.245108181818182,4.33896,35.3029790909091,0.230853636363636,4.76591545454545,0.192035454545455,0.00476,0.00386,0.0068,"Habitat Protection",11814223.09,0.243888012618297,0.0344242902208202,14673.9497386182
"U/N Reef (21-259)","M",190.745948114911,-27.544864654541,152.21121216,-21.39242363,0.44,4.33,35.28,0.26,2.08,0.00717,0.00475,0.00386,0.00403,"Habitat Protection",1209166.697,0.168207024029575,0.00516019716574245,5913.22337976275
"U/N Reef (21-260)","M",193.586399434761,-31.848819732666,152.24992371,-21.39717484,0.237480454545455,4.32471909090909,35.2767377272727,0.295071818181818,4.25666545454545,0.102041363636364,0.00446863636363636,0.00386,0.004275,"Habitat Protection",24327270.41,0.0511584935749992,0.00316649799122888,27698.3322527087
"North Patch (21-361)","I",18.0853633882434,-8.1506462097168,149.63719177,-21.8423214,0.02646,4.43644,36.2403,1.30866,6.93279,0.11173,0.01375,0.80966,0.12147,"Habitat Protection",1315357.257,0.346510960261177,0.0308458562823141,7629.61980767143
"Alexandra Reefs (21-362)","I",16.512581621836,-10.8222827911377,149.62112427,-21.85416031,NaN,NaN,NaN,NaN,NaN,NaN,NaN,NaN,NaN,NaN,484100.8084,0.346510960261177,0.0308458562823141,2508.69783030225
"South Patch (21-363)","I",15.8522669578186,-10.9135818481445,149.61317444,-21.86392403,NaN,NaN,NaN,NaN,NaN,NaN,NaN,NaN,NaN,NaN,180536.8065,0.346510960261177,0.0308458562823141,1564.00876669788
"Lake Shoals (21-364)","I",30.1216686070217,-12.3203401565552,149.87661743,-21.89964867,0.0205811111111111,4.48491222222222,36.1118511111111,1.22507,1.95512333333333,0.0690011111111111,0.0422422222222222,0.861167777777778,0.0376811111111111,"Marine National Park",9762421.265,0.346510960261177,0.0308458562823141,25222.5195979036
"Drumfish Shoal (East) (21-365a)","I",17.7101466266646,-12.1408615112305,149.64256287,-21.91065788,0.03,4.37,36.45,1.48,5.37,0.135,0.02921,0.85561,0.04383,"Habitat Protection",304467.9917,0.346510960261177,0.0308458562823141,2045.59279185164
"Drumfish Shoal (West) (21-365b)","I",16.4495998138842,-12.9427633285522,149.63064575,-21.91459274,NaN,NaN,NaN,NaN,NaN,NaN,NaN,NaN,NaN,NaN,305551.4291,0.346510960261177,0.0308458562823141,2017.84786441111
"Fanning Shoal (21-366)","I",4.18502174096616,-5.16586303710938,149.51062012,-21.92835236,0.03281,4.3394,36.09175,1.27632,7.89687,0.09681,0.36085,0.54201,0.02053,"Habitat Protection",1984245.269,0.346510960261177,0.0308458562823141,7553.53035142061
"U/N Reef (21-087)","M",110.9355456676,-7.23921203613281,150.97479248,-21.38442421,0.176695161290323,4.55240559139785,35.3591122580645,0.381829462365591,18.77227,0.0627438709677419,0.0079636559139785,0.00813956989247312,0.134583548387097,"Habitat Protection",106694070.1,0.238729302854076,0.0318197106712838,56226.6374300042
"U/N Reef (21-088)","O",162.027281491561,-9.00549125671387,151.32525635,-21.0243988,0.1600925,4.4754525,35.34914,0.21383,8.4603525,0.0520375,0.00769,0.00567,0.030755,"Habitat Protection",3955740.034,0.536886601737726,0.023798775430012,8507.88613400476
"U/N Reef (21-089)","O",167.257830105505,-8.21848964691162,151.41497803,-21.01283455,0.1743,4.4571575,35.339845,0.2112525,7.4715125,0.148725,0.00739,0.00521,0.0247,"Habitat Protection",4527366.562,0.371163748712667,0.0211534500514933,12746.8477774576
"U/N Reef (21-090)","O",168.978937658644,-12.267650604248,151.44517517,-21.01016045,NaN,NaN,NaN,NaN,NaN,NaN,NaN,NaN,NaN,NaN,27326.16669,0.17687074829932,0.187074829931973,626.066608852198
"U/N Reef (21-091)","O",171.574236470266,-4.05935573577881,151.55450439,-21.04234505,NaN,NaN,NaN,NaN,NaN,NaN,NaN,NaN,NaN,NaN,940480.1284,0.314659071216018,0.0471678014950226,4716.42948539674
"U/N Reef (21-092)","M",156.447327041315,-6.84991884231567,151.16288757,-21.01262283,0.17,4.56,35.36,0.18,13.69,0.2,0.00584,0.00694,0.03295,"Habitat Protection",1477747.957,0.454465130956138,0.0248658882928369,4890.13914462709
"Riptide Reef (21-172)","M",172.884316793705,-5.55763530731201,151.8458252,-21.24135208,0.31183,4.35803,35.33602,0.197115,3.535555,0.08611,0.006285,0.004355,0.021515,"Marine National Park",1810865.871,0.615416323165705,0.0145300906842539,5581.32575247926
"Mullers Reef (21-173)","O",148.104013611195,-6.68877983093262,151.55389404,-21.2991333,0.183158181818182,4.42599681818182,35.3799904545455,0.203255454545455,6.10740454545455,0.0477913636363636,0.00701886363636364,0.00482295454545455,0.0269768181818182,"Habitat Protection",49257923.27,0.254691202305558,0.0486016690336208,38517.0876169903
"U/N Reef (21-174)","M",156.989928174993,-28.9972724914551,151.67955017,-21.29241371,0.16098875,4.42365375,35.34907,0.16906875,4.65715125,0.109125,0.00668375,0.00480875,0.02437125,"Marine National Park",9678704.866,0.337228731045197,0.0365538064054333,15210.4101101443
"U/N Reef (21-175)","M",151.692203282767,-11.4628534317017,151.63769531,-21.32159424,0.170421666666667,4.40189666666667,35.3689683333333,0.196788333333333,3.866915,0.074035,0.00684,0.00489,0.02778,"Habitat Protection",5323990.635,0.256748482356852,0.0337992687321775,12369.6853868028
"U/N Reef (21-261)","M",201.872782895101,-33.3798866271973,152.36257935,-21.41420746,0.35029,4.33845,35.2889133333333,0.2929,5.88313,0.03162,0.00417,0.00386,0.0046,"Habitat Protection",4194943.434,0.0318950177935943,0.000311387900355872,12834.3165788381
"U/N Reef (21-262a)","M",208.955341702627,-12.4625635147095,152.44444275,-21.41273308,0.247815,4.329585,35.294905,0.31647,9.317805,0.062325,0.00388,0.00386,0.004935,"Habitat Protection",2982696.179,0.259239572259396,0.0453692702144957,8046.41209736496
"U/N Reef (21-262b)","M",207.443239984385,-13.7598237991333,152.43234253,-21.42036247,NaN,NaN,NaN,NaN,NaN,NaN,NaN,NaN,NaN,NaN,24463.216,0.114942528735632,0.283524904214559,539.969072879249
"U/N Reef (21-263)","M",212.970635285603,-11.0540952682495,152.49061584,-21.41230583,0.0995675,4.3269925,35.272645,0.3624675,9.456205,0.135865,0.00388,0.00386,0.00474,"Habitat Protection",4956901.221,0.304129243631023,0.029109943700691,10212.129453143
"U/N Reef (21-264)","M",204.37512089937,-16.1246738433838,152.39929199,-21.42409325,0.177225,4.31210666666667,35.283355,0.334568333333333,5.87058666666667,0.0228883333333333,0.00407333333333333,0.00386,0.00473333333333333,"Habitat Protection",8635915.388,0.154812302907253,0.0206164413149596,16680.2111984254
"Red Clay Reef (21-367)","I",16.8846671024076,-1.43859374523163,149.64859009,-21.93179321,0.026685,4.404895,36.27526,1.358355,5.63576,0.13641,0.023655,0.876425,0.029875,"Habitat Protection",2440369.969,0.346510960261177,0.0308458562823141,10421.0570522111
"Boomerang Shoals (21-368)","I",24.7188990341694,-12.1865701675415,149.9609375,-21.91851616,0.0252528571428571,4.50476857142857,36.03456,1.17477428571429,2.49474285714286,0.107788571428571,0.0473,0.862645714285714,0.0365457142857143,"Habitat Protection",6896853.56,0.346510960261177,0.0308458562823141,15185.6297392669
"Middle Shoal (21-369)","I",23.391261919101,-5.19612455368042,149.73028564,-21.94313431,0.02,4.46,36.33,1.355,2.3,0.10368,0.02496,0.89172,0.01837,"Marine National Park",2154165.691,0.346510960261177,0.0308458562823141,8458.98912348861
"Beware Reef (21-370)","I",16.6857311480196,-5.21610641479492,149.66061401,-21.95002556,0.02694,4.4006,36.28623,1.36524,5.08918,0.14119,0.0181,0.89724,0.01592,"Habitat Protection",1343373.851,0.346510960261177,0.0308458562823141,4932.39780632481
"Bald Reef (21-372)","I",9.39266927670702,-0.175170704722404,149.57846069,-21.95653534,NaN,NaN,NaN,NaN,NaN,NaN,NaN,NaN,NaN,NaN,73068.23939,0.346510960261177,0.0308458562823141,1020.33899232822
"Reef Islet Reef (21-373)","I",11.1608412229925,-1.93129110336304,149.59939575,-21.95823097,0.03083,4.35749,36.14844,1.35714,6.18268,0.2041,0.0471,0.83914,0.02115,"General Use",861101.6413,0.346510960261177,0.0308458562823141,3615.69094393359
"U/N Reef (21-093)","M",152.569308145367,-12.5216636657715,151.10321045,-21.02966309,0.16,4.51,35.34,0.26,24.53,0.02,0.00647,0.00533,0.03552,"Habitat Protection",2576091.955,0.275676067045578,0.00514064366650979,6322.56924291631
"U/N Reef (21-094)","M",153.722948362486,-9.39746856689453,151.15153503,-21.03481483,0.181235,4.50637,35.371905,0.2474,16.21063,0.134645,0.00704,0.00548,0.03095,"Habitat Protection",3480605.37,0.313830164243581,0.0167610241398763,7022.61268951246
"U/N Reef (21-095)","M",158.32705304046,-17.8431377410889,151.28015137,-21.04209328,0.19908,4.4908,35.39009,0.22861,10.30094,0.0528,0.00798,0.00585,0.03124,"Habitat Protection",1663972.903,0.018508132361189,0,5963.35645503932
"U/N Reef (21-096)","O",164.565774330704,-6.35018634796143,151.40861511,-21.03702354,NaN,NaN,NaN,NaN,NaN,NaN,NaN,NaN,NaN,NaN,370489.9397,0.746978851963746,0.0196374622356495,2434.52635565964
"U/N Reef (21-097)","O",167.929192867274,-12.9539470672607,151.48088074,-21.03940582,0.1875975,4.42702,35.3370075,0.224115,6.7663525,0.166145,0.0068275,0.005065,0.02518,"Habitat Protection",3522491.122,0.397934048470401,0.0244206065421798,12425.154539202
"U/N Reef (21-098)","O",164.677747181233,-5.32367944717407,151.42097473,-21.04194641,NaN,NaN,NaN,NaN,NaN,NaN,NaN,NaN,NaN,NaN,89776.10074,0.732438016528926,0.00309917355371901,1164.19665280788
"U/N Reef (21-099)","O",161.933085586778,-7.35867261886597,151.37936401,-21.04962921,0.21054,4.44832,35.37124,0.22892,8.39666,0.07174,0.00784,0.00533,0.02748,"Habitat Protection",519158.6044,0.464138055006292,0.0427826712205644,2715.3719480703
"U/N Reef (21-100)","M",147.184257809275,-7.1841516494751,151.07112122,-21.07071495,0.17,4.58,35.37,0.18,27.09,0.01,0.00704,0.00485,0.03515,"Habitat Protection",641831.6222,0.358177810117275,0.0127574661533137,3078.47275160766
"U/N Reef (21-176)","O",148.11445196296,-7.8320198059082,151.59999084,-21.33385468,NaN,NaN,NaN,NaN,NaN,NaN,NaN,NaN,NaN,NaN,579830.5452,0.528891034926766,0.0305810397553517,3134.76551070997
"U/N Reef (21-177)","M",155.298163151559,-10.5051584243774,151.70314026,-21.33298302,0.25188,4.39091,35.36437,0.17884,4.82451,0.08669,0.00646,0.00485,0.02047,"Marine National Park",1625049.408,0.329720740868169,0.0174895349503985,5180.32013748908
"U/N Reef (21-178)","M",149.384550091148,-3.9423816204071,151.6232605,-21.33740425,0.205015,4.397685,35.38195,0.20555,3.31433,0.06126,0.00684,0.00489,0.02778,"Habitat Protection",2631272.487,0.496035959510158,0.0586111700998089,6456.20514541741
"U/N Reef (21-179)","M",155.645825807179,-5.0091404914856,151.72419739,-21.34738159,0.230656666666667,4.40338333333333,35.3576933333333,0.171916666666667,3.89195333333333,0.0891033333333333,0.00647333333333333,0.00471,0.02005,"Marine National Park",3055878.45,0.334182913683836,0.0138736231462548,7004.01817684438
"U/N Reef (21-180)","M",163.294313574696,-11.4050025939941,151.82653809,-21.34622002,0.251094285714286,4.35903571428571,35.3347142857143,0.194331428571429,2.89303571428571,0.0356657142857143,0.00639428571428571,0.00421857142857143,0.0171228571428571,"Habitat Protection",7649751.847,0.193292564077575,0.0299069291492057,10795.4085156705
"U/N Reef (21-181)","M",163.80971577303,-16.9253940582275,151.8578949,-21.37122536,0.2026,4.363275,35.3327883333333,0.196203333333333,3.017825,0.078705,0.00617166666666667,0.00390333333333333,0.0159133333333333,"Habitat Protection",7458412.772,0.174891590957374,0.00709813673910598,12483.0387966946
"U/N Reef (21-265)","M",198.447455839524,-29.7185382843018,152.33422852,-21.43022156,0.336688,4.329126,35.298052,0.283104,7.390874,0.075814,0.00418,0.00386,0.00423,"Habitat Protection",5916769.381,0.0720669598524613,0.00474456581705837,17306.093743148
"U/N Reef (21-266)","M",180.910553879179,-25.6518135070801,152.12767029,-21.43675041,0.258097142857143,4.32631285714286,35.2841671428571,0.264855714285714,4.49607428571429,0.0226628571428571,0.00459428571428571,0.00386,0.00478857142857143,"Habitat Protection",9418545.46,0.111377198103965,0.00268176105607948,13771.7140931103
"U/N Reef (21-267)","M",203.028895321043,-19.7652015686035,152.40390015,-21.45225143,0.17351,4.323245,35.27724,0.32,6.248795,0.02748,0.00388,0.00386,0.005355,"Habitat Protection",2113452.992,0.165365100375028,0.0294727553496581,7224.87493407732
"U/N Reef (21-268)","M",208.08599349871,-19.7969150543213,152.4563446,-21.44384193,NaN,NaN,NaN,NaN,NaN,NaN,NaN,NaN,NaN,NaN,599726.862,0.368396446937821,0.00872681938600592,3442.40926889851
"U/N Reef (21-269)","M",205.307205178667,-9.11725330352783,152.43959045,-21.4658432,0.1361,4.31246333333333,35.2805933333333,0.350816666666667,5.74562333333333,0.0262566666666667,0.00388,0.00386,0.00549,"Habitat Protection",2713289.78,0.362952531428179,0.0745345881706396,7916.16845557058
"West Reef (21-374)","I",17.898261176964,-8.81794166564941,149.67950439,-21.95907402,0.02363,4.42997,36.27557,1.33221,4.66561,0.1255,0.05032,0.87483,0.01194,"Habitat Protection",497223.0326,0.346510960261177,0.0308458562823141,3505.10289284555
"Holt Shoal (21-375)","I",27.1488483740803,-9.69443607330322,149.81948853,-21.96968269,0.0261785714285714,4.44923285714286,36.2069557142857,1.28185857142857,3.01280142857143,0.0975228571428571,0.0742214285714286,0.855284285714286,0.0129428571428571,"Marine National Park",5704756.773,0.346510960261177,0.0308458562823141,12740.6491010212
"Channel Island Reef (21-377)","I",22.3987839611704,-6.43458032608032,149.89337158,-21.97016716,0.03,4.42,36.19,1.26,0.8,0.08,0.11634,0.81727,0.01165,"Marine National Park",591288.1357,0.346510960261177,0.0308458562823141,2731.82900825861
"Aquila Reef (21-378)","I",7.45087245708706,-0.768261671066284,149.5740509,-21.98191833,0.0311333333333333,4.32634333333333,36.10725,1.24925,4.47112333333333,0.21764,0.0791933333333333,0.809183333333333,0.01891,"Habitat Protection",3012876.938,0.346510960261177,0.0308458562823141,15021.7877082502
"Avoid Reef (21-379)","I",15.5778927223904,-2.50768375396729,149.66387939,-21.9777813,0.033495,4.372115,36.341495,1.40533,4.05837,0.137745,0.05032,0.87483,0.01194,"Habitat Protection",4567677.716,0.346510960261177,0.0308458562823141,13434.3106068568
"U/N Reef (21-101)","O",172.714083222135,-6.4922776222229,151.52836609,-21.01545143,0.205884117647059,4.40899352941176,35.3363394117647,0.229185294117647,7.14502294117647,0.177778235294118,0.00547294117647059,0.00484941176470588,0.0211094117647059,"Habitat Protection",19845517.43,0.415917758872853,0.0420046745013944,27152.4461245506
"U/N Reef (21-829a)","M",82.1055732635159,-72.7455444335938,150.93760681,-21.64868546,0.677568888888889,4.41938388888889,35.5713833333333,0.336598888888889,36.6173883333333,0.0553377777777778,0.00485333333333333,0.00617333333333333,0.172997222222222,"Marine National Park",21533091.94,0.346510960261177,0.0296638423598085,30503.3086526294
"U/N Reef (21-829b)","M",80.8935942786529,-73.0271682739258,150.94543457,-21.66374779,NaN,NaN,NaN,NaN,NaN,NaN,NaN,NaN,NaN,NaN,95944.98903,0.346510960261177,0.0316285754017065,1213.57599652857
"U/N Reef (21-829c)","M",78.5834700750379,-72.533073425293,150.912323,-21.67321968,NaN,NaN,NaN,NaN,NaN,NaN,NaN,NaN,NaN,NaN,146821.4721,0.346510960261177,0.0316285754017065,1457.49085656651
"U/N Reef (21-102)","O",162.413403645563,-13.4436111450195,151.43367004,-21.07152939,NaN,NaN,NaN,NaN,NaN,NaN,NaN,NaN,NaN,NaN,110941.0255,0.0268681780016793,0,1229.70021697139
"U/N Reef (21-103)","O",158.492824628986,-8.56635189056396,151.36907959,-21.07945442,0.20592,4.46838,35.38044,0.21646,8.82314,0.05352,0.00857,0.00552,0.02783,"Habitat Protection",1274461.671,0.340411510580655,0.0396133850772498,4096.85374808569
"U/N Reef (21-182)","M",149.615262410956,-5.17646741867065,151.67344666,-21.37717247,0.172332857142857,4.41047142857143,35.3777842857143,0.186682857142857,3.72531857142857,0.0694271428571429,0.00651,0.0049,0.02471,"Habitat Protection",6334888.211,0.250419006733512,0.0142315269487489,10658.5559366573
"U/N Reef (21-183)","M",152.592942443477,-5.71831893920898,151.71105957,-21.37382126,0.23904,4.38857,35.37173,0.19059,4.82375,0.07001,0.00648,0.00464,0.01984,"Habitat Protection",1633754.495,0.429565019098113,0.00638504076164415,4635.0534698064
"U/N Reef (21-184)","M",150.872246704104,-11.4117765426636,151.69519043,-21.3809948,0.24033,4.38642,35.37721,0.19663,4.91362,0.06953,0.00651,0.0049,0.02471,"Habitat Protection",1274459.488,0.243262981085226,0.0177462937267217,4719.42601320899
"U/N Reef (21-185)","M",165.226220563099,-10.3332004547119,151.90176392,-21.3990097,0.19,4.32,35.33,0.25,1.68,0.10296,0.00478,0.00386,0.01084,"Habitat Protection",1277192.536,0.563069964251842,0.0099219376960677,4422.54016106948
"U/N Reef (21-186)","M",155.882308231325,-8.86155319213867,151.79299927,-21.41065025,0.242498,4.377823,35.353508,0.168061,3.683,0.036155,0.006492,0.004453,0.017872,"Habitat Protection",13602022.74,0.218455576248904,0.0273745617879053,14558.7004461628
"U/N Reef (21-187)","M",144.367061438334,-16.2540416717529,151.64750671,-21.41942215,0.184246923076923,4.41584076923077,35.3906284615385,0.195188461538462,3.8237,0.0573423076923077,0.00701,0.00472230769230769,0.0252784615384615,"Habitat Protection",17119863.37,0.145212673422346,0.0152002783455834,20241.081259748
"U/N Reef (21-270)","M",200.110069961545,-24.339527130127,152.3843689,-21.47239113,0.269731818181818,4.32655363636364,35.2879990909091,0.309860909090909,6.41975818181818,0.0288436363636364,0.00388,0.00386,0.00522,"Habitat Protection",12659538.78,0.0807448383556397,0.019350181569081,16850.0431876274
"U/N Reef (21-271)","M",177.482181443507,-11.1281023025513,152.13250732,-21.49270248,0.41956,4.32445,35.31803,0.234845,8.10799,0.041955,0.00447,0.00386,0.00427,"Habitat Protection",1992250.497,0.363644859813084,0.0266822429906542,6017.84093755004
"U/N Reef (21-272)","M",183.243783896545,-24.8404407501221,152.20695496,-21.49954224,0.335,4.3,35.3,0.28,5.11,0.01,0.00446,0.00386,0.00491,"Habitat Protection",2341371.168,0.132424266518248,0.0026635922716069,9682.4030338073
"U/N Reef (21-273)","O",246.119318072044,-11.8254728317261,152.57675171,-21.02282333,0.140896666666667,4.40422666666667,35.2866933333333,0.32544,30.5785033333333,0.0362,0.00445,0.00413666666666667,0.00386,"Marine National Park",3638167.882,0.179277699295549,0.00772465984617156,8673.82068115967
"Perkins Reef (21-274)","O",248.711961214186,-10.1723394393921,152.62423706,-21.03944397,0.239895714285714,4.31657285714286,35.3638157142857,0.277042857142857,34.9809442857143,0.0727414285714286,0.00441,0.00409142857142857,0.00388571428571429,"Marine National Park",8011767.4,0.20385967781503,0.0169036131911265,11588.9152335655
"U/N Reef (21-275)","O",242.28823326906,-17.9572086334229,152.56225586,-21.06020164,0.12,4.44,35.24,0.41,26.73,0.17,0.00445,0.00413,0.00386,"Marine National Park",1896358.852,0.273921200750469,0.00627036634738817,6146.28038440877
"Park Shoal (21-380)","I",21.8339406229375,-5.86624145507812,149.87963867,-21.98472214,0.035388,4.420604,36.175095,1.240641,2.028338,0.083767,0.126862,0.806826,0.012825,"Marine National Park",11978461.98,0.346510960261177,0.0308458562823141,23679.9946305231
"Falcon Island Reef (21-381)","I",22.2877263690172,0.457431048154831,149.87854004,-21.98041344,NaN,NaN,NaN,NaN,NaN,NaN,NaN,NaN,NaN,NaN,99122.09621,0.346510960261177,0.0308458562823141,1276.84544759774
"Turn Island Reef (21-382)","I",26.2180018939974,-1.28088748455048,149.8117981,-21.98962402,NaN,NaN,NaN,NaN,NaN,NaN,NaN,NaN,NaN,NaN,1512765.914,0.346510960261177,0.0308458562823141,10613.3219356597
"Race Rocks Reef (21-383)","I",23.5076863068509,-4.88263940811157,149.84802246,-21.98963737,0.03,4.4,36.26,1.34,0.9,0.08,0.11634,0.81727,0.01165,"Marine National Park",1028779.785,0.346510960261177,0.0308458562823141,4107.06211971103
"U/N Reef (21-104)","M",151.085579420801,-9.64560127258301,151.23789978,-21.09609222,0.18492125,4.50129875,35.374475625,0.22627625,13.14462375,0.033694375,0.00817,0.00599625,0.0320575,"Habitat Protection",18728997.45,0.157941622912882,0.0296613332669769,17978.394991127
"U/N Reef (21-105)","O",161.01798361011,-5.07047843933105,151.46958923,-21.10521126,NaN,NaN,NaN,NaN,NaN,NaN,NaN,NaN,NaN,NaN,326991.2084,0.722936303913168,0.0234218794630106,2159.77225793031
"U/N Reef (21-106)","M",148.027138528545,-12.0735740661621,151.22644043,-21.12143517,NaN,NaN,NaN,NaN,NaN,NaN,NaN,NaN,NaN,NaN,440413.3744,0.174170312283752,0.0133316384078174,3521.78277252901
"U/N Reef (21-107)","M",147.415822747952,-15.1662654876709,151.2114563,-21.1216011,0.20218,4.50311,35.39495,0.238325,14.282555,0.036355,0.00854,0.00624,0.03149,"Habitat Protection",2822555.197,0.197682479944538,0.0090125779934634,6933.21059967816
"U/N Reef (21-108)","M",144.149709098485,-12.7542486190796,151.13813782,-21.12225151,NaN,NaN,NaN,NaN,NaN,NaN,NaN,NaN,NaN,NaN,1646540.063,0.34439223235011,0.00826586650059446,5987.58591095851
"U/N Reef (21-109)","M",141.708064570462,-14.6828947067261,151.07345581,-21.12340164,0.18,4.52666666666667,35.3433333333333,0.306666666666667,23.81,0.01,0.00735,0.00425,0.0325,"Habitat Protection",4801262.504,0.242719257530036,0.00872281786779868,11410.3811093556
"U/N Reef (21-110)","M",144.124902714264,-11.4022693634033,151.17784119,-21.13773155,0.17853,4.520585,35.3893025,0.2447225,15.490595,0.0269075,0.0085,0.00603,0.03076,"Habitat Protection",4655656.958,0.230801045188933,0.0142489318752076,7906.00992187791
"U/N Reef (21-111)","M",151.794798079965,-5.04693555831909,151.35295105,-21.13946915,0.16,4.54,35.36,0.17,9.01,0.02,0.00858,0.00544,0.02971,"Habitat Protection",1391833.651,0.417832518910235,0.0384229198741549,4247.20021924266
"U/N Reef (21-112)","M",147.831029619744,-6.44341373443604,151.30392456,-21.15625381,NaN,NaN,NaN,NaN,NaN,NaN,NaN,NaN,NaN,NaN,130506.4063,0.700714285714286,0.0342857142857143,1277.44618812501
"U/N Reef (21-188)","M",137.991186189323,-5.19398975372314,151.58621216,-21.44426346,0.205225454545455,4.42319818181818,35.4056954545455,0.207923636363636,4.19783909090909,0.0662463636363636,0.00694090909090909,0.00519454545454545,0.0273127272727273,"Habitat Protection",13239016.07,0.445623677755365,0.0409201768381397,15796.4338442373
"U/N Reef (21-189)","M",143.828114435221,-5.31751012802124,151.67486572,-21.45179367,0.186852,4.394566,35.394568,0.2078,3.177926,0.041538,0.00657,0.00469,0.02076,"Habitat Protection",5802267.31,0.349367687651561,0.0140658536570395,11181.5722200257
"U/N Reef (21-190)","M",163.667229227712,-14.6683149337769,151.91407776,-21.44425201,0.220276666666667,4.36456,35.3258,0.183475,4.02561166666667,0.149428333333333,0.00478,0.00386,0.010895,"Habitat Protection",7748089.574,0.17859418390777,0.0327470757246072,14744.7877020917
"U/N Reef (21-191)","M",157.856053246737,-10.0737676620483,151.85289001,-21.46036911,0.33148,4.3561,35.35442,0.17272,5.70184,0.10661,0.00505,0.00386,0.01407,"Habitat Protection",922299.4896,0.542289059345983,0.0168550666128381,3583.98720421292
"U/N Reef (21-192)","O",238.707330228859,-19.4547786712646,152.46875,-21.00935173,0.22977,4.387105,35.2884,0.34029,15.4043,0.034,0.00472,0.00414,0.00386,"Marine National Park",3990087.281,0.180372472674391,0.0071539147159544,9309.63018507183
"U/N Reef (21-276)","O",241.401196728133,-33.6325340270996,152.54962158,-21.05856705,0.2047,4.38924,35.29641,0.32089,23.11652,0.07897,0.00445,0.00413,0.00386,"Marine National Park",644282.6983,0.0600522193211488,0,3394.37390248406
"U/N Reef (21-277)","O",239.158276857447,-12.7119331359863,152.53425598,-21.07284927,NaN,NaN,NaN,NaN,NaN,NaN,NaN,NaN,NaN,NaN,871270.8762,0.442524417731029,0.0067618332081142,3430.90959438598
"U/N Reef (21-278)","O",237.727363431582,-12.278733253479,152.54450989,-21.10451126,0.1688075,4.3933875,35.28037,0.3438575,19.912015,0.068295,0.00445,0.00399,0.00386,"Marine National Park",3583276.24,0.248812692448202,0.0165962110537028,7491.72302097713
"U/N Reef (21-279)","O",234.650083626746,-23.7759780883789,152.51489258,-21.1144886,0.154955,4.40393,35.2668,0.38164,16.979975,0.052225,0.00445,0.00399,0.00386,"Marine National Park",1995451.191,0.212241839554161,0.00786774692080738,7193.03382404423
"Elusive Reef (21-280)","O",256.437312899609,-16.2047271728516,152.77561951,-21.10882568,0.2573909375,4.3723175,35.3509425,0.2737,37.393455625,0.0150934375,0.00388,0.00386,0.0041875,"Marine National Park",34918600.52,0.161885416136285,0.0122816279387607,27268.0858518357
"U/N Reef (21-281)","O",243.680950986307,-12.2633867263794,152.62947083,-21.11810875,0.121084444444444,4.42241555555556,35.2671744444444,0.393452222222222,28.39855,0.155322222222222,0.00417,0.00386,0.00401444444444444,"Habitat Protection",9124357.851,0.268277679239673,0.016168223340886,14049.6871402949
"Pine Peak Reef (21-386)","I",71.7620900825413,-0.206557646393776,150.25845337,-21.51895905,NaN,NaN,NaN,NaN,NaN,NaN,NaN,NaN,NaN,NaN,518435.4008,0.346510960261177,0.0101898100021962,2960.38720594154
"Sphinx Reef (21-387)","I",68.3472434971128,-5.10432100296021,150.15148926,-21.52507019,0.085,4.59439,35.52167,0.77325,23.07156,0.09235,0.01013,0.11447,0.68096,"Marine National Park",373908.224,0.346510960261177,0.0177950070865176,3889.15684830841
"Middle Island Reef (21-389)","I",60.8529294933575,-16.6803417205811,150.24728394,-21.61848259,NaN,NaN,NaN,NaN,NaN,NaN,NaN,NaN,NaN,NaN,350106.8835,0.346510960261177,0.0101898100021962,3095.35421655135
"U/N Reef (21-113a)","M",149.473035281753,-6.81279611587524,151.35520935,-21.16419983,NaN,NaN,NaN,NaN,NaN,NaN,NaN,NaN,NaN,NaN,1056774.765,0.263626741929794,0.0683542070911977,4556.86115442131
"U/N Reef (21-113b)","M",150.788180723599,-9.77374839782715,151.37193298,-21.15917587,0.19693,4.47457,35.38758,0.21302,9.85233,0.14075,0.00858,0.00544,0.02971,"Habitat Protection",1287760.762,0.189380787037037,0.0399305555555556,4432.50711106218
"U/N Reef (21-113c)","M",150.133728646622,-9.64958953857422,151.36351013,-21.16161156,0.19857,4.47929,35.38882,0.21369,10.11768,0.12784,0.00858,0.00544,0.02971,"Habitat Protection",1381728.628,0.0192813321647677,0.0226521944313355,5670.23316452777
"U/N Reef (21-113d)","M",148.917606970459,-6.22770166397095,151.36010742,-21.17233086,0.20067,4.47667,35.38938,0.21527,10.43023,0.13077,0.00932,0.00528,0.03024,"Habitat Protection",1205392.196,0.279588998763906,0.0459672435105068,4733.68110500883
"U/N Reef (21-113e)","M",149.568566104589,-5.68743419647217,151.37101746,-21.17122078,0.20346,4.46894,35.38869,0.21678,10.18121,0.13875,0.00932,0.00528,0.03024,"Habitat Protection",1553732.894,0.391304347826087,0.0419790104947526,5801.25976494918
"U/N Reef (21-114a)","M",153.295666495243,-8.14227294921875,151.42947388,-21.16376495,0.21,4.47,35.38,0.2,7.94,0.32,0.0081,0.00525,0.02669,"Habitat Protection",438386.2941,0.22721465076661,0.0393952299829642,2691.3984070544
"U/N Reef (21-114b)","M",152.603615956221,-5.93839836120605,151.42990112,-21.17124176,0.19,4.43,35.36,0.22,9.01,0.32,0.00792,0.00501,0.02711,"Habitat Protection",680197.4593,0.42128359846407,0.0246845858475041,3398.17791229569
"U/N Reef (21-114c)","M",153.156612758347,-7.26093769073486,151.43481445,-21.16818047,NaN,NaN,NaN,NaN,NaN,NaN,NaN,NaN,NaN,NaN,809574.498,0.382153137593552,0.0147380541162925,4487.31846918267
"U/N Reef (21-115)","M",134.793207970382,-24.1403656005859,151.0368042,-21.17749405,0.187434210526316,4.53148105263158,35.3738778947368,0.306007894736842,23.7899021052632,0.0247552631578947,0.00791105263157895,0.00508052631578947,0.0355189473684211,"Habitat Protection",22014489.17,0.10808947319442,0.0127619434362918,24954.1498520627
"U/N Reef (21-116)","M",130.099886403657,-18.7014122009277,151.01277161,-21.21458054,0.14,4.57,35.31,0.35,20.77,0.02,0.00815,0.00565,0.03494,"Habitat Protection",2747241.941,0.227597655588305,0.00816478639428126,10804.0038918376
"U/N Reef (21-193)","O",240.448915892768,-9.73130989074707,152.48942566,-21.00729179,0.16,4.41,35.23,0.42,19.76,0.03,0.00472,0.00414,0.00386,"Marine National Park",1013919.287,0.436934441366574,0.00637119113573407,3941.89717083522
"U/N Reef (21-194)","O",216.490084117719,-7.3980565071106,152.20040894,-21.01859093,NaN,NaN,NaN,NaN,NaN,NaN,NaN,NaN,NaN,NaN,480420.1618,0.679381846635368,0.0134976525821596,2535.72225085433
"U/N Reef (21-195)","O",218.935672242066,-13.1950912475586,152.23452759,-21.02047348,0.299165,4.36744,35.303745,0.288065,3.4588,0.069895,0.00469,0.00437,0.00386,"Marine National Park",1050615.735,0.524711111111111,0.00293333333333333,4630.87167966065
"U/N Reef (21-196)","O",206.105845550036,-11.6669340133667,152.07595825,-21.03339767,0.28333,4.35803,35.30161,0.27335,2.04266,0.11788,0.00591,0.00475,0.00403,"Habitat Protection",1233059.624,0.489655172413793,0.00166729821902236,4156.03538864707
"U/N Reef (21-197)","O",206.855644600759,-15.1155033111572,152.09532166,-21.04187202,0.250696666666667,4.34556333333333,35.2750666666667,0.310876666666667,1.57238333333333,0.166003333333333,0.00591,0.00475,0.00403,"Habitat Protection",3493428.647,0.366171239155369,0.00158552546859724,7396.21885835434
"U/N Reef (21-198)","O",214.149685678182,-20.6666412353516,152.20246887,-21.05153275,0.218775,4.36215,35.27584,0.3007175,2.5301975,0.0738875,0.00469,0.00436,0.00386,"Marine National Park",5211796.591,0.201705970898143,0.0327216686975844,9146.82892888585
"U/N Reef (21-199)","M",212.012015654994,-33.0263671875,152.18943787,-21.06671333,0.16847,4.36658333333333,35.26291,0.31165,1.47996666666667,0.0764,0.00469666666666667,0.00435333333333333,0.00386,"Marine National Park",2896318.336,0.0371696834769141,0.000193592101442261,7524.10390978874
"U/N Reef (21-200)","O",215.533070170938,-14.0295104980469,152.23136902,-21.06274033,0.193203333333333,4.34516,35.2468466666667,0.372536666666667,2.23347,0.0638633333333333,0.00470333333333333,0.00428666666666667,0.00386,"Marine National Park",3763779.324,0.347107438016529,0.0241232968505696,9354.8558098332
"U/N Reef (21-282)","O",247.055371723184,-22.7927131652832,152.65705872,-21.1017971,0.155283333333333,4.41682,35.2896033333333,0.3328,32.26371,0.0353533333333333,0.00417,0.00386,0.00403,"Habitat Protection",2756810.184,0.0191988060106509,0,8136.13809220027
"U/N Reef (21-283)","M",231.748821815752,-18.2806701660156,152.50035095,-21.13907242,0.16,4.37,35.25,0.43,15.07,0.05,0.00445,0.00386,0.00386,"Marine National Park",1147968.523,0.269629025682837,0.00423970648185895,4649.65166369913
"Ron Taylor Reef (21-284)","M",234.08529337983,-12.979398727417,152.52792358,-21.13741684,NaN,NaN,NaN,NaN,NaN,NaN,NaN,NaN,NaN,NaN,1582580.14,0.30819652769576,0.0155899374040392,6082.96184345223
"U/N Reef (21-285)","M",235.314789566311,-10.9054698944092,152.54450989,-21.13903236,0.15059,4.393285,35.27294,0.38701,18.61624,0.123305,0.00431,0.00386,0.00386,"Marine National Park",2548923.604,0.256417019899374,0.0133512984595165,7075.34929724267
"U/N Reef (21-286)","M",230.142154122775,-19.1857509613037,152.51199341,-21.17564964,0.1105975,4.3850525,35.260735,0.3860075,15.29533,0.092925,0.00417,0.00386,0.00386,"Habitat Protection",5331318.919,0.149903593339176,0.0246976336546889,9569.51335622603
"U/N Reef (21-287)","M",236.349324277157,-9.32003688812256,152.58502197,-21.17240524,0.1,4.44,35.26,0.35,22.48,0.04,0.00417,0.00386,0.00406,"Habitat Protection",673925.4362,0.467833819647075,0.0272335695428651,4007.65552587079
"U/N Reef (21-288)","M",238.702287152048,-33.5185394287109,152.60574341,-21.16286278,NaN,NaN,NaN,NaN,NaN,NaN,NaN,NaN,NaN,NaN,148248.0264,0.185488958990536,0,1453.61883563321
"Pine Islets Reef (21-391)","I",56.3799134981808,-9.40440559387207,150.22001648,-21.65265083,NaN,NaN,NaN,NaN,NaN,NaN,NaN,NaN,NaN,NaN,220344.6882,0.346510960261177,0.0101898100021962,2478.47238970409
"Pine Islets (No 4) (21-391d)","I",55.9701521560238,-7.66281032562256,150.22433472,-21.65774345,NaN,NaN,NaN,NaN,NaN,NaN,NaN,NaN,NaN,NaN,8314.880192,0.346510960261177,0.0101898100021962,344.845905564685
"Walter Reef (21-392)","I",61.3421555246024,-2.84731936454773,150.34048462,-21.65066719,NaN,NaN,NaN,NaN,NaN,NaN,NaN,NaN,NaN,NaN,216450.4621,0.346510960261177,0.0162597976906898,4589.70427067816
"North East Reef (21-394)","I",59.4847761148808,-4.79040193557739,150.33010864,-21.66446686,0.1,4.535,35.495,0.71,0,0.044985,0.00938,0.14483,0.6006,"Habitat Protection",1137519.383,0.346510960261177,0.0162597976906898,19201.610191731
"U/N Reef (21-117)","M",140.076923282482,-12.7467184066772,151.21272278,-21.19371223,0.165540714285714,4.52026214285714,35.3722757142857,0.229055,13.3568685714286,0.0183171428571429,0.00867071428571429,0.00575785714285714,0.0298135714285714,"Habitat Protection",15724896.11,0.15032842327215,0.0254683511315648,17426.4952201293
"U/N Reef (21-118)","M",141.978475296822,-11.8935232162476,151.27482605,-21.20157433,0.174804,4.513052,35.383278,0.214026,13.049948,0.030312,0.009032,0.005418,0.030258,"Habitat Protection",4588208.875,0.2643339895679,0.0118122221996712,8484.80088288413
"U/N Reef (21-119)","M",137.02631838444,-14.1836051940918,151.19476318,-21.21636391,0.15872,4.52704,35.379282,0.226516,12.185,0.01816,0.00882,0.005898,0.028246,"Habitat Protection",5532454.625,0.198263094116063,0.0111922714420358,11441.9903846063
"U/N Reef (21-120)","M",148.000279600085,-7.93949604034424,151.41723633,-21.21245384,0.20503,4.46358,35.39,0.20988,10.07526,0.15246,0.00883,0.00499,0.02759,"Habitat Protection",800674.1996,0.482294206432137,0.00650179960524788,4461.93049581768
"U/N Reef (21-121)","M",144.354734984446,-12.893482208252,151.39891052,-21.24043465,0.16,4.51,35.39,0.2,11.66,0.32,0.00883,0.00499,0.02759,"Habitat Protection",3332179.605,0.26992647264391,0.00939360899102575,7405.1385013852
"U/N Reef (21-122)","M",138.45568430628,-10.5024261474609,151.29815674,-21.24813652,0.12,4.51,35.36,0.2,12.02,0.04,0.00892,0.0049,0.029,"Habitat Protection",1298298.067,0.417909377688558,0.0131201605965013,4293.72379089583
"U/N Reef (21-123)","M",132.468223784041,-11.6117506027222,151.18199158,-21.25587273,0.175372,4.523928,35.401342,0.240576,8.87427,0.024844,0.008466,0.005624,0.02949,"Habitat Protection",4435618.38,0.305133478844862,0.00728257219610477,9590.96496922557
"U/N Reef (21-201)","O",234.301123601658,-21.5143852233887,152.46444702,-21.06417274,NaN,NaN,NaN,NaN,NaN,NaN,NaN,NaN,NaN,NaN,1142122.267,0.285948113593584,0.00401014812996154,4814.79241737857
"U/N Reef (21-202)","M",212.297812567875,-29.5919094085693,152.2013855,-21.07513428,0.09,4.36,35.23,0.34,0.895,0.071385,0.0047,0.00435,0.00386,"Marine National Park",3934591.697,0.0965746907706946,0.000737392959086584,8101.7292022262
"U/N Reef (21-203)","M",214.285524524085,-9.98504066467285,152.23768616,-21.08632278,0.18,4.33,35.23,0.4,1.76,0.05968,0.00471,0.00412,0.00386,"Marine National Park",902775.4145,0.482705053852527,0.00372825186412593,3657.02078078226
"U/N Reef (21-204)","O",218.687544079988,-14.2999582290649,152.28117371,-21.08605957,0.21156,4.36884,35.27766,0.31281,4.11327,0.05844,0.00471,0.00412,0.00386,"Marine National Park",1394385.172,0.447668185473064,0.0141383007236666,5156.09703199273
"U/N Reef (21-205)","O",235.56591538234,-16.7885627746582,152.50106812,-21.08626938,0.23256,4.3941,35.29424,0.31675,16.50277,0.05196,0.00445,0.00412,0.00386,"Marine National Park",1028765.116,0.404575994189214,0.0110768113310332,4082.73169371028
"U/N Reef (21-206)","O",233.48859438687,-22.6248512268066,152.48829651,-21.10110664,0.1,4.43,35.255,0.34,15.53,0.05,0.00445,0.00412,0.00386,"Marine National Park",2018077.72,0.237132523416489,0.00459055921357693,6258.6789149174
"U/N Reef (21-207)","M",206.787878002958,-10.4430370330811,152.14338684,-21.0894146,0.26862,4.35579,35.2952,0.28277,2.63556,0.11748,0.00547,0.00434,0.00386,"Marine National Park",814996.0489,0.52303273980471,0.00367604824813326,3527.61714932446
"U/N Reef (21-289a)","O",236.27768799461,-7.64653348922729,152.59512329,-21.18595886,0.138077142857143,4.390315,35.2743692857143,0.379358571428571,21.5156692857143,0.0453092857142857,0.00417,0.00386,0.00402142857142857,"Habitat Protection",13463027.87,0.373231168939431,0.0213614354884648,29754.6469231229
"U/N Reef (21-289b)","M",232.448435501212,-4.82925176620483,152.54734802,-21.1842041,NaN,NaN,NaN,NaN,NaN,NaN,NaN,NaN,NaN,NaN,414994.678,0.292276107359053,0.0173104010658513,2485.47489475158
"U/N Reef (21-290)","M",229.291331250916,-9.7794828414917,152.52255249,-21.20072746,0.113333333333333,4.36333333333333,35.2666666666667,0.416666666666667,14.92,0.1,0.00417,0.00386,0.00386,"Habitat Protection",4836586.827,0.235283282780678,0.0126051111882805,9735.43925320167
"U/N Reef (21-291)","M",230.991940746124,-13.7757520675659,152.54641724,-21.20467186,NaN,NaN,NaN,NaN,NaN,NaN,NaN,NaN,NaN,NaN,123408.6814,0.259090909090909,0,1342.8098868205
"U/N Reef (21-292)","M",229.145255587764,-17.0690956115723,152.54269409,-21.22770309,0.20175,4.35706,35.29078,0.35676,16.54625,0.05439,0.00417,0.00386,0.00398,"Habitat Protection",592088.1875,0.195298943050954,0,3014.83124383204
"U/N Reef (21-293)","M",231.06136926271,-12.4133977890015,152.56156921,-21.22248077,0.14,4.37,35.27,0.43,17.8,0.04,0.00417,0.00386,0.00406,"Habitat Protection",1137257.565,0.336399474375821,0.000821287779237845,4283.73664036328
"U/N Reef (99-462a)","I",31.4969579315868,-1.69559144973755,142.198349,-10.55118656,NaN,NaN,NaN,NaN,NaN,NaN,NaN,NaN,NaN,NaN,7198924.368,0.346510960261177,0.0308458562823141,36979.4081985245
"U/N Reef (99-462b)","I",29.5159257625922,-1.13630712032318,142.22555542,-10.54458332,NaN,NaN,NaN,NaN,NaN,NaN,NaN,NaN,NaN,NaN,917328.1942,0.346510960261177,0.0308458562823141,5370.38188126431
"U/N Reef (99-463)","I",34.1103756692799,-12.331841468811,142.17610168,-10.54168606,NaN,NaN,NaN,NaN,NaN,NaN,NaN,NaN,NaN,NaN,94574.44271,0.346510960261177,0.0308458562823141,1176.43165937334
"U/N Reef (99-464)","O",98.1819657270594,-15.2983551025391,143.51655579,-10.54308128,NaN,NaN,NaN,NaN,NaN,NaN,NaN,NaN,NaN,NaN,6322746.866,0.408015342599846,0.0156162346102321,9726.45843594799
"U/N Reef (99-465)","O",136.740888922222,-13.8742141723633,143.91207886,-10.54318714,NaN,NaN,NaN,NaN,NaN,NaN,NaN,NaN,NaN,NaN,3165943.892,0.179703173882435,0.016431529569855,9899.1766737217
"U/N Reef (99-466)","O",115.853975221538,-20.2279987335205,143.70106506,-10.54388714,NaN,NaN,NaN,NaN,NaN,NaN,NaN,NaN,NaN,NaN,3208083.237,0.180749159225328,0.00943359472747158,7680.71730241872
"U/N Reef (99-467)","O",119.556062454764,-27.0172901153564,143.73916626,-10.54464149,NaN,NaN,NaN,NaN,NaN,NaN,NaN,NaN,NaN,NaN,1150012.244,0.180749159225328,0.00943359472747158,5068.65522841531
"U/N Reef (99-468)","I",28.4250998885653,-4.18466091156006,142.23826599,-10.54471874,NaN,NaN,NaN,NaN,NaN,NaN,NaN,NaN,NaN,NaN,42116.32018,0.346510960261177,0.0308458562823141,839.706586002073
"U/N Reef (99-469)","I",20.2646328258351,-4.01171350479126,142.34805298,-10.54893208,NaN,NaN,NaN,NaN,NaN,NaN,NaN,NaN,NaN,NaN,1571334.243,0.346510960261177,0.0308458562823141,5543.10567122488
"U/N Reef (99-470)","I",18.5892377064087,-9.85894203186035,142.37658691,-10.55236149,NaN,NaN,NaN,NaN,NaN,NaN,NaN,NaN,NaN,NaN,272434.1466,0.346510960261177,0.0308458562823141,2083.58860700798
"U/N Reef (99-471)","I",28.1490226409155,-4.62280321121216,142.23469543,-10.55305958,NaN,NaN,NaN,NaN,NaN,NaN,NaN,NaN,NaN,NaN,433716.4127,0.346510960261177,0.0308458562823141,3270.74723499481
"U/N Reef (99-472)","O",94.8560502491607,-25.9583339691162,143.4876709,-10.55386734,NaN,NaN,NaN,NaN,NaN,NaN,NaN,NaN,NaN,NaN,314603.4578,0.408015342599846,0.0156162346102321,2053.54532181613
"U/N Reef (99-473)","I",20.6617502517887,-7.94335508346558,142.32878113,-10.55666637,NaN,NaN,NaN,NaN,NaN,NaN,NaN,NaN,NaN,NaN,451997.3173,0.346510960261177,0.0308458562823141,2671.21924245131
"U/N Reef (99-474)","O",137.057059829605,-7.49743032455444,143.92114258,-10.55549526,NaN,NaN,NaN,NaN,NaN,NaN,NaN,NaN,NaN,NaN,3548328.375,0.195899309366717,0.016431529569855,9324.40518180949
"Bayag Reef (99-475)","O",73.4548986333353,-10.0882472991943,143.25144958,-10.56016731,NaN,NaN,NaN,NaN,NaN,NaN,NaN,NaN,NaN,NaN,8236325.321,0.346510960261177,0.0655048170641735,12552.6995718177
"U/N Reef (99-476)","I",34.4074637726488,-1.38992273807526,142.16014099,-10.56311417,NaN,NaN,NaN,NaN,NaN,NaN,NaN,NaN,NaN,NaN,2319487.607,0.346510960261177,0.0308458562823141,8693.00669115782
"U/N Reef (99-477)","O",91.9663097570195,-6.80479860305786,143.46289063,-10.563797,NaN,NaN,NaN,NaN,NaN,NaN,NaN,NaN,NaN,NaN,2241384.368,0.408015342599846,0.0156162346102321,5792.8921941771
"U/N Reef (99-478)","O",87.3223437418658,-8.30735874176025,143.41401672,-10.56578922,NaN,NaN,NaN,NaN,NaN,NaN,NaN,NaN,NaN,NaN,5478585.718,0.408015342599846,0.0156162346102321,12746.4549274942
"U/N Reef (99-479a)","I",28.5245113648153,-1.65878903865814,142.20906067,-10.58542156,NaN,NaN,NaN,NaN,NaN,NaN,NaN,NaN,NaN,NaN,845915.8995,0.346510960261177,0.0308458562823141,6381.46945594421
"U/N Reef (99-479b)","I",28.4561394920586,2.49104070663452,142.21627808,-10.57439137,NaN,NaN,NaN,NaN,NaN,NaN,NaN,NaN,NaN,NaN,251384.4462,0.346510960261177,0.0308458562823141,2976.55439959119
"U/N Reef (99-479c)","I",27.576696818566,1.48799180984497,142.2286377,-10.57008934,NaN,NaN,NaN,NaN,NaN,NaN,NaN,NaN,NaN,NaN,223709.9538,0.346510960261177,0.0308458562823141,2897.87083887979
"U/N Reef (99-480)","O",135.667246536618,-9.73475646972656,143.91508484,-10.57259083,NaN,NaN,NaN,NaN,NaN,NaN,NaN,NaN,NaN,NaN,5816422.395,0.195899309366717,0.016431529569855,12128.0406709427
"U/N Reef (99-481)","I",32.3045045073859,-7.31527471542358,142.17596436,-10.5741806,NaN,NaN,NaN,NaN,NaN,NaN,NaN,NaN,NaN,NaN,553399.0438,0.346510960261177,0.0308458562823141,3181.2389712296
"U/N Reef (99-482)","O",135.994803934911,-9.83713531494141,143.92538452,-10.58829594,NaN,NaN,NaN,NaN,NaN,NaN,NaN,NaN,NaN,NaN,1421671.088,0.195899309366717,0.016431529569855,8008.376293647
"U/N Reef (99-483)","I",26.0753834798719,-8.11611270904541,142.23225403,-10.58983707,NaN,NaN,NaN,NaN,NaN,NaN,NaN,NaN,NaN,NaN,335378.4397,0.346510960261177,0.0308458562823141,3004.62384031014
"U/N Reef (99-484)","O",92.6636059272092,-18.1109237670898,143.48846436,-10.59537983,NaN,NaN,NaN,NaN,NaN,NaN,NaN,NaN,NaN,NaN,835233.9643,0.408015342599846,0.0156162346102321,3732.4356029111
"U/N Reef (99-485a)","I",28.7952090211298,-3.90313529968262,142.20094299,-10.59562492,NaN,NaN,NaN,NaN,NaN,NaN,NaN,NaN,NaN,NaN,1322143.17,0.346510960261177,0.0308458562823141,7296.56428570954
"U/N Reef (99-485b)","I",22.4346032181014,-4.0325493812561,142.12936401,-10.72517967,NaN,NaN,NaN,NaN,NaN,NaN,NaN,NaN,NaN,NaN,15151553.88,0.346510960261177,0.0308458562823141,45243.729255078
"U/N Reef (99-486)","I",14.157243340897,-7.02741289138794,142.61952209,-10.5962286,NaN,NaN,NaN,NaN,NaN,NaN,NaN,NaN,NaN,NaN,1622946.67,0.346510960261177,0.0323124097134555,6764.55113402422
"U/N Reef (99-487)","I",25.517466024025,-2.58331680297852,142.23448181,-10.59611511,NaN,NaN,NaN,NaN,NaN,NaN,NaN,NaN,NaN,NaN,938957.1326,0.346510960261177,0.0308458562823141,5296.96196416296
"U/N Reef (99-488)","O",133.999205787232,-12.0817584991455,143.90899658,-10.59624958,NaN,NaN,NaN,NaN,NaN,NaN,NaN,NaN,NaN,NaN,709709.7963,0.195899309366717,0.016431529569855,3173.80172866936
"U/N Reef (99-489)","I",33.6154998593879,-0.96610814332962,142.14419556,-10.61122322,NaN,NaN,NaN,NaN,NaN,NaN,NaN,NaN,NaN,NaN,8280015.896,0.346510960261177,0.0308458562823141,12970.2526824706
"U/N Reef (99-491)","O",56.4825159772432,-3.62654852867126,143.08979797,-10.59838772,NaN,NaN,NaN,NaN,NaN,NaN,NaN,NaN,NaN,NaN,3780400.676,0.562930869090243,0.0323124097134555,9195.94004821182
"U/N Reef (99-492)","O",136.22162180486,-15.6885395050049,143.93231201,-10.59911919,NaN,NaN,NaN,NaN,NaN,NaN,NaN,NaN,NaN,NaN,3122525.915,0.195899309366717,0.016431529569855,8463.47112260147
"U/N Reef (99-493)","I",36.4621579513069,-3.31174802780151,142.09736633,-10.60252666,NaN,NaN,NaN,NaN,NaN,NaN,NaN,NaN,NaN,NaN,1769516.706,0.346510960261177,0.0308458562823141,7474.09775572971
"U/N Reef (99-494)","I",35.6784275288664,-2.56550025939941,142.12101746,-10.60309219,NaN,NaN,NaN,NaN,NaN,NaN,NaN,NaN,NaN,NaN,1589507.165,0.346510960261177,0.0308458562823141,8046.09489141078
"U/N Reef (99-495)","I",19.5845646884312,-1.26314830780029,142.29420471,-10.60338593,NaN,NaN,NaN,NaN,NaN,NaN,NaN,NaN,NaN,NaN,6522102.845,0.346510960261177,0.0308458562823141,47235.9059239612
"U/N Reef (99-496)","O",111.042243711551,-27.1448841094971,143.68252563,-10.60664749,NaN,NaN,NaN,NaN,NaN,NaN,NaN,NaN,NaN,NaN,13139470.12,0.0972003664717352,0.00943359472747158,28098.0587828722
"U/N Reef (99-497)","I",12.5278698663563,-5.03915500640869,142.61273193,-10.60973167,NaN,NaN,NaN,NaN,NaN,NaN,NaN,NaN,NaN,NaN,1013304.27,0.346510960261177,0.0323124097134555,4318.27502856927
"U/N Reef (99-498)","O",73.89996977661,-8.03492259979248,143.29719543,-10.61133671,NaN,NaN,NaN,NaN,NaN,NaN,NaN,NaN,NaN,NaN,1054131.506,0.346909164034412,0.0572894329896202,4015.28424144569
"Alpha Reef (99-300)","I",9.47491747364687,-5.06367158889771,142.51924133,-10.61234856,NaN,NaN,NaN,NaN,NaN,NaN,NaN,NaN,NaN,NaN,104059.8606,0.346510960261177,0.0323124097134555,1340.11194527267
"Kagar Reef (99-302)","I",38.3215192119281,-3.25960159301758,142.91264343,-10.59951687,NaN,NaN,NaN,NaN,NaN,NaN,NaN,NaN,NaN,NaN,34750305,0.346510960261177,0.0323124097134555,27382.3115804199
"Mount Adolphus (Mori) Island Reef (No 1) (99-303a)","I",13.7199446434023,0.894003868103027,142.64582825,-10.6229496,NaN,NaN,NaN,NaN,NaN,NaN,NaN,NaN,NaN,NaN,1025437.926,0.346510960261177,0.0323124097134555,9905.45151223874
"Mount Adolphus (Mori) Island Reef (No 2) (99-303b)","I",11.5736094917264,-10.9906921386719,142.65339661,-10.6502285,NaN,NaN,NaN,NaN,NaN,NaN,NaN,NaN,NaN,NaN,2056940.081,0.346510960261177,0.0323124097134555,13067.762758469
"Mount Adolphus (Mori) Island Reef (No 3) (99-303c)","I",12.1757045181225,-3.03169107437134,142.64463806,-10.63807487,NaN,NaN,NaN,NaN,NaN,NaN,NaN,NaN,NaN,NaN,1456567.68,0.346510960261177,0.0323124097134555,8426.43360044046
"U/N Reef (99-499)","O",133.458392945992,-12.8282699584961,143.91023254,-10.61163521,NaN,NaN,NaN,NaN,NaN,NaN,NaN,NaN,NaN,NaN,2464176.612,0.195899309366717,0.016431529569855,7039.15971760602
"U/N Reef (99-500)","I",13.3321444447794,-9.76382160186768,142.62643433,-10.61249447,NaN,NaN,NaN,NaN,NaN,NaN,NaN,NaN,NaN,NaN,470510.5233,0.346510960261177,0.0323124097134555,3071.46165086695
"U/N Reef (99-501)","O",134.752202774679,-20.5509796142578,143.92382813,-10.61352062,NaN,NaN,NaN,NaN,NaN,NaN,NaN,NaN,NaN,NaN,449035.5744,0.195899309366717,0.016431529569855,3901.60683077364
"U/N Reef (99-503)","O",136.699084963114,-9.0889368057251,143.94464111,-10.61746407,NaN,NaN,NaN,NaN,NaN,NaN,NaN,NaN,NaN,NaN,3000739.172,0.195899309366717,0.016431529569855,6874.27805903133
"U/N Reef (99-504)","O",118.344718543261,-34.8560943603516,143.76292419,-10.62014294,NaN,NaN,NaN,NaN,NaN,NaN,NaN,NaN,NaN,NaN,339676.9339,0.180749159225328,0.0118172866489791,2150.64226237228
"U/N Reef (99-505)","O",133.31698367724,-26.4797554016113,143.91281128,-10.62116051,NaN,NaN,NaN,NaN,NaN,NaN,NaN,NaN,NaN,NaN,29419.74058,0.195899309366717,0.016431529569855,647.720583087998
"Asp Shoals (99-506)","I",12.0317291621193,-9.18054485321045,142.37261963,-10.62128639,NaN,NaN,NaN,NaN,NaN,NaN,NaN,NaN,NaN,NaN,366536.2693,0.346510960261177,0.0308458562823141,2883.79534346544
"U/N Reef (99-507)","O",132.061251157924,-24.4843082427979,143.90116882,-10.62301826,NaN,NaN,NaN,NaN,NaN,NaN,NaN,NaN,NaN,NaN,364943.7186,0.195899309366717,0.016431529569855,2223.5162963236
"U/N Reef (99-508)","O",86.3518748473552,-6.39821624755859,143.43829346,-10.62349892,NaN,NaN,NaN,NaN,NaN,NaN,NaN,NaN,NaN,NaN,3564551.272,0.408015342599846,0.0156162346102321,8420.18325952778
"U/N Reef (99-509)","O",89.5078176870128,-12.2839374542236,143.47171021,-10.62406254,NaN,NaN,NaN,NaN,NaN,NaN,NaN,NaN,NaN,NaN,363720.7739,0.408015342599846,0.0156162346102321,2286.72955836418
"U/N Reef (99-510)","O",132.728507682567,-25.8886470794678,143.90826416,-10.62424183,NaN,NaN,NaN,NaN,NaN,NaN,NaN,NaN,NaN,NaN,138392.2511,0.195899309366717,0.016431529569855,1489.5760979561
"U/N Reef (99-511)","O",134.709875905617,-13.0093698501587,143.93264771,-10.6364069,NaN,NaN,NaN,NaN,NaN,NaN,NaN,NaN,NaN,NaN,14454.20757,0.195899309366717,0.016431529569855,450.718862491547
"Morilug Reef (99-304)","I",14.2263084949343,-10.0690975189209,142.68212891,-10.64336491,NaN,NaN,NaN,NaN,NaN,NaN,NaN,NaN,NaN,NaN,487926.4637,0.346510960261177,0.0323124097134555,2579.32885816509
"Kai-Damun Reef (99-305)","I",29.8062696443912,-1.56024825572968,142.84977722,-10.65218353,NaN,NaN,NaN,NaN,NaN,NaN,NaN,NaN,NaN,NaN,25795520.9,0.346510960261177,0.0323124097134555,20856.2528757142
"U/N Reef (99-306)","I",19.8035407643652,-1.95627200603485,142.75430298,-10.65924644,NaN,NaN,NaN,NaN,NaN,NaN,NaN,NaN,NaN,NaN,539129.1954,0.346510960261177,0.0323124097134555,2916.86292172378
"Akone Reef (99-311)","I",11.4141936194915,-10.3108549118042,142.66995239,-10.66781425,NaN,NaN,NaN,NaN,NaN,NaN,NaN,NaN,NaN,NaN,285978.8202,0.346510960261177,0.0323124097134555,1978.90676443262
"U/N Reef (99-312)","I",12.6343762171963,-13.7768754959106,142.68395996,-10.66777039,NaN,NaN,NaN,NaN,NaN,NaN,NaN,NaN,NaN,NaN,616964.7472,0.346510960261177,0.0323124097134555,3413.084573396
"U/N Reef (99-345)","O",80.3095702101587,-4.29882717132568,143.37475586,-10.62315369,NaN,NaN,NaN,NaN,NaN,NaN,NaN,NaN,NaN,NaN,2049545.695,0.478274729161711,0.0314509713785206,5942.60399688241
"U/N Reef (99-346)","O",65.6766367894792,-8.04720783233643,143.22283936,-10.63656139,NaN,NaN,NaN,NaN,NaN,NaN,NaN,NaN,NaN,NaN,7242323.225,0.525648302665202,0.0655048170641735,13995.22523066
"U/N Reef (99-512)","O",135.558603006981,-12.0923442840576,143.94122314,-10.63706112,NaN,NaN,NaN,NaN,NaN,NaN,NaN,NaN,NaN,NaN,6538976.279,0.195899309366717,0.016431529569855,16790.9090038879
"U/N Reef (99-513)","O",134.144624744669,-15.917950630188,143.92826843,-10.63938808,NaN,NaN,NaN,NaN,NaN,NaN,NaN,NaN,NaN,NaN,7146.568019,0.195899309366717,0.016431529569855,289.383807151167
"U/N Reef (99-514)","O",135.858925173899,-11.8338823318481,143.95027161,-10.6531477,NaN,NaN,NaN,NaN,NaN,NaN,NaN,NaN,NaN,NaN,7887183.763,0.195899309366717,0.016431529569855,17630.8568295022
"U/N Reef (99-515)","I",16.4950760123087,-4.23902320861816,142.28140259,-10.69026089,NaN,NaN,NaN,NaN,NaN,NaN,NaN,NaN,NaN,NaN,513862.8638,0.346510960261177,0.0308458562823141,2554.99898969902
"U/N Reef (99-517)","I",5.84771762238225,-5.55891895294189,142.38166809,-10.70295334,NaN,NaN,NaN,NaN,NaN,NaN,NaN,NaN,NaN,NaN,830672.9964,0.346510960261177,0.0308458562823141,3825.84791693477
"U/N Reef (99-518)","I",8.51514305432763,-7.29370927810669,142.35195923,-10.70862865,NaN,NaN,NaN,NaN,NaN,NaN,NaN,NaN,NaN,NaN,2164501.084,0.346510960261177,0.0308458562823141,10981.1928122917
"U/N Reef (99-347)","O",49.5936212788581,-5.25786066055298,143.03775024,-10.64728355,NaN,NaN,NaN,NaN,NaN,NaN,NaN,NaN,NaN,NaN,4367577.576,0.562930869090243,0.0323124097134555,8714.33169532514
"U/N Reef (99-379)","O",98.6758085674991,-23.8014354705811,143.5645752,-10.6210928,NaN,NaN,NaN,NaN,NaN,NaN,NaN,NaN,NaN,NaN,18583053.62,0.238301515990698,0.00819383900365224,22717.24120434
"U/N Reef (99-380)","O",106.720548451862,-18.2852993011475,143.65130615,-10.6337719,NaN,NaN,NaN,NaN,NaN,NaN,NaN,NaN,NaN,NaN,5093763.875,0.112879286241429,0.00943359472747158,11961.6256298871
"U/N Reef (99-383)","O",134.89384794059,-13.5660133361816,143.94801331,-10.67279911,NaN,NaN,NaN,NaN,NaN,NaN,NaN,NaN,NaN,NaN,6543816.18,0.195899309366717,0.016431529569855,16469.3044900957
"U/N Reef (99-388)","O",128.805758735017,-24.5795764923096,143.88838196,-10.67155743,NaN,NaN,NaN,NaN,NaN,NaN,NaN,NaN,NaN,NaN,214328.0239,0.195899309366717,0.016431529569855,1834.51462156461
"U/N Reef (99-393)","I",53.5712517326936,-7.81521368026733,142.10798645,-10.35225391,NaN,NaN,NaN,NaN,NaN,NaN,NaN,NaN,NaN,NaN,943525.772,0.346510960261177,0.0308458562823141,2620.31154744743
"U/N Reef (99-519)","I",0.178280388589336,-5.49107027053833,142.43865967,-10.7097168,NaN,NaN,NaN,NaN,NaN,NaN,NaN,NaN,NaN,NaN,562227.3575,0.346510960261177,0.0347823446900962,4582.74737061671
"U/N Reef (99-520)","I",6.52567374351028,-6.70607471466064,142.36959839,-10.71320534,NaN,NaN,NaN,NaN,NaN,NaN,NaN,NaN,NaN,NaN,260822.8451,0.346510960261177,0.0308458562823141,1926.37806558503
"U/N Reef (99-521a)","I",3.31065368354348,-1.62899374961853,142.39076233,-10.74054527,NaN,NaN,NaN,NaN,NaN,NaN,NaN,NaN,NaN,NaN,2605912.18,0.346510960261177,0.0308458562823141,14550.504861095
"U/N Reef (99-521b)","I",2.42126936810344,-3.80100107192993,142.41482544,-10.71356201,NaN,NaN,NaN,NaN,NaN,NaN,NaN,NaN,NaN,NaN,349120.1027,0.346510960261177,0.0347823446900962,2394.56768106885
"U/N Reef (99-522)","I",13.8544071935507,-4.31878852844238,142.29490662,-10.72233105,NaN,NaN,NaN,NaN,NaN,NaN,NaN,NaN,NaN,NaN,3232212.769,0.346510960261177,0.0308458562823141,22337.0059013052
"U/N Reef (99-394)","I",57.3704664253633,-4.31745576858521,142.05433655,-10.35640526,NaN,NaN,NaN,NaN,NaN,NaN,NaN,NaN,NaN,NaN,3259323.299,0.346510960261177,0.0308458562823141,6788.56504278471
"U/N Reef (99-395)","O",148.928118170417,-9.80717754364014,143.94000244,-10.35257435,NaN,NaN,NaN,NaN,NaN,NaN,NaN,NaN,NaN,NaN,2223086.47,0.346510960261177,0.0154768897719344,7122.45630980237
"U/N Reef (99-396)","I",54.0008638528973,-17.3224258422852,142.90185547,-10.35701942,NaN,NaN,NaN,NaN,NaN,NaN,NaN,NaN,NaN,NaN,184401.8002,0.346510960261177,0.0323124097134555,1563.50323291597
"U/N Reef (99-397)","I",46.3586674524942,-7.53571796417236,142.20497131,-10.35999966,NaN,NaN,NaN,NaN,NaN,NaN,NaN,NaN,NaN,NaN,2938137.109,0.346510960261177,0.0308458562823141,12080.528347424
"U/N Reef (99-398)","O",147.718201263212,-13.0087451934814,143.93327332,-10.36300755,NaN,NaN,NaN,NaN,NaN,NaN,NaN,NaN,NaN,NaN,2795520.255,0.346510960261177,0.016431529569855,7170.28524511848
"U/N Reef (99-399)","I",38.6955452689497,-4.1945652961731,142.36276245,-10.3681736,NaN,NaN,NaN,NaN,NaN,NaN,NaN,NaN,NaN,NaN,460842.2385,0.346510960261177,0.0308458562823141,2819.46242819787
"U/N Reef (99-523)","I",1.44951069999323,-2.53509140014648,142.41331482,-10.72872162,NaN,NaN,NaN,NaN,NaN,NaN,NaN,NaN,NaN,NaN,653568.2655,0.346510960261177,0.0347823446900962,3739.0330696492
"U/N Reef (99-524)","I",0.770041765874709,-4.11927366256714,142.42027283,-10.73625088,NaN,NaN,NaN,NaN,NaN,NaN,NaN,NaN,NaN,NaN,267645.1577,0.346510960261177,0.0347823446900962,2378.45921508645
"U/N Reef (99-525)","I",17.09039417329,-5.21328258514404,142.25686646,-10.73745918,NaN,NaN,NaN,NaN,NaN,NaN,NaN,NaN,NaN,NaN,83625.25424,0.346510960261177,0.0308458562823141,1336.68859490628
"U/N Reef (99-526)","I",1.51297110209215,-1.32966983318329,142.40895081,-10.74411583,NaN,NaN,NaN,NaN,NaN,NaN,NaN,NaN,NaN,NaN,724005.6692,0.346510960261177,0.0354809611021513,5516.14054985297
"U/N Reef (99-527)","I",17.1840866181568,-6.66743516921997,142.25106812,-10.74208069,NaN,NaN,NaN,NaN,NaN,NaN,NaN,NaN,NaN,NaN,27231.31726,0.346510960261177,0.0308458562823141,642.8764228904
"U/N Reef (99-528)","I",18.8778361106749,-3.35663342475891,142.22390747,-10.74445343,NaN,NaN,NaN,NaN,NaN,NaN,NaN,NaN,NaN,NaN,860775.5426,0.346510960261177,0.0308458562823141,4350.66629948014
"U/N Reef (99-529)","I",2.13863025563746,-3.51790356636047,142.39518738,-10.76003361,NaN,NaN,NaN,NaN,NaN,NaN,NaN,NaN,NaN,NaN,112525.8891,0.346510960261177,0.0308458562823141,1279.02773782019
"U/N Reef (99-400)","I",50.854432165354,-6.15229749679565,142.12007141,-10.37453079,NaN,NaN,NaN,NaN,NaN,NaN,NaN,NaN,NaN,NaN,7591508.474,0.346510960261177,0.0308458562823141,17623.77282273
"U/N Reef (99-401)","O",114.930657448819,-18.3002223968506,143.58398438,-10.37177181,NaN,NaN,NaN,NaN,NaN,NaN,NaN,NaN,NaN,NaN,13174757.77,0.346510960261177,0.0156162346102321,14962.8952234612
"U/N Reef (99-402)","O",147.02115232506,-23.1439170837402,143.9322052,-10.37400913,NaN,NaN,NaN,NaN,NaN,NaN,NaN,NaN,NaN,NaN,268827.3648,0.346510960261177,0.016431529569855,2199.80438557074
"U/N Reef (99-403)","O",112.332068514429,-19.4750900268555,143.55805969,-10.37684345,NaN,NaN,NaN,NaN,NaN,NaN,NaN,NaN,NaN,NaN,1196894.714,0.346510960261177,0.0156162346102321,5677.41187758657
"U/N Reef (99-404)","O",110.782887876558,-20.3185920715332,143.54101563,-10.3779726,NaN,NaN,NaN,NaN,NaN,NaN,NaN,NaN,NaN,NaN,2869110.71,0.346510960261177,0.0156162346102321,7074.5097615547
"U/N Reef (99-405)","O",145.856254577876,-12.8975610733032,143.92689514,-10.38629723,NaN,NaN,NaN,NaN,NaN,NaN,NaN,NaN,NaN,NaN,1753270.561,0.346510960261177,0.016431529569855,6518.4398942392
"Gubmarau Reef (99-406)","O",88.6271655718243,-2.93065643310547,143.31996155,-10.38750362,NaN,NaN,NaN,NaN,NaN,NaN,NaN,NaN,NaN,NaN,7101573.872,0.346510960261177,0.0314509713785206,12351.8362298262
"U/N Reef (99-530a)","I",4.53300433380109,13.0227565765381,142.37217712,-10.75922489,NaN,NaN,NaN,NaN,NaN,NaN,NaN,NaN,NaN,NaN,57025.59866,0.346510960261177,0.0308458562823141,1449.37557058407
"U/N Reef (99-530b)","I",4.1783020408409,-5.8429388999939,142.37446594,-10.7644434,NaN,NaN,NaN,NaN,NaN,NaN,NaN,NaN,NaN,NaN,310752.917,0.346510960261177,0.0308458562823141,4139.30246990439
"U/N Reef (99-531)","I",16.5149302014048,-4.57774496078491,142.21340942,-10.76595116,NaN,NaN,NaN,NaN,NaN,NaN,NaN,NaN,NaN,NaN,265528.4112,0.346510960261177,0.0308458562823141,2091.43891458106
"U/N Reef (99-532)","I",2.83637094588076,-0.759352147579193,142.38648987,-10.76795387,NaN,NaN,NaN,NaN,NaN,NaN,NaN,NaN,NaN,NaN,218902.6745,0.346510960261177,0.0308458562823141,1763.65732645022
"U/N Reef (99-533)","I",1.645375851063,-2.76094961166382,142.39770508,-10.77231026,NaN,NaN,NaN,NaN,NaN,NaN,NaN,NaN,NaN,NaN,85540.47323,0.346510960261177,0.0308458562823141,1138.4090633866
"U/N Reef (99-534)","I",13.2923225498787,-15.2296228408813,142.21624756,-10.79534626,NaN,NaN,NaN,NaN,NaN,NaN,NaN,NaN,NaN,NaN,407628.1853,0.346510960261177,0.0308458562823141,2671.4021509267
"U/N Reef (99-535)","I",5.36449256016136,-5.39557313919067,142.31785583,-10.83879471,NaN,NaN,NaN,NaN,NaN,NaN,NaN,NaN,NaN,NaN,343022.85,0.346510960261177,0.0308458562823141,2510.56718081671
"U/N Reef (99-536)","I",1.00971824715774,-0.25420868396759,142.35838318,-10.84248734,NaN,NaN,NaN,NaN,NaN,NaN,NaN,NaN,NaN,NaN,189142.4619,0.346510960261177,0.0308458562823141,3605.57526156608
"U/N Reef (99-537)","I",1.97402156898138,-4.81809329986572,142.34820557,-10.84471703,NaN,NaN,NaN,NaN,NaN,NaN,NaN,NaN,NaN,NaN,70208.92444,0.346510960261177,0.0308458562823141,1087.12928679345
"U/N Reef (99-408)","O",146.584727929408,-10.2856931686401,143.93966675,-10.39590645,NaN,NaN,NaN,NaN,NaN,NaN,NaN,NaN,NaN,NaN,7068334.284,0.346510960261177,0.016431529569855,11929.0901816325
"U/N Reef (99-409)","I",49.8322870500273,-9.30635643005371,142.10569763,-10.40164375,NaN,NaN,NaN,NaN,NaN,NaN,NaN,NaN,NaN,NaN,78573.02409,0.346510960261177,0.0308458562823141,1259.11366743839
"U/N Reef (99-410)","I",51.2302972055405,-13.1234560012817,142.08807373,-10.40196323,NaN,NaN,NaN,NaN,NaN,NaN,NaN,NaN,NaN,NaN,316300.3425,0.346510960261177,0.0308458562823141,2151.57267294156
"U/N Reef (99-411)","O",121.52136116522,-25.7749671936035,143.68026733,-10.40426159,NaN,NaN,NaN,NaN,NaN,NaN,NaN,NaN,NaN,NaN,10439079.1,0.346510960261177,0.00943359472747158,14880.2048699374
"U/N Reef (99-412)","I",48.3494183723487,-7.90222883224487,142.12106323,-10.40513325,NaN,NaN,NaN,NaN,NaN,NaN,NaN,NaN,NaN,NaN,1052378.649,0.346510960261177,0.0308458562823141,4459.11625598295
"U/N Reef (99-413)","O",104.453146158946,-12.9973335266113,143.49008179,-10.40641785,NaN,NaN,NaN,NaN,NaN,NaN,NaN,NaN,NaN,NaN,6182804.381,0.346510960261177,0.0156162346102321,12152.2593652962
"U/N Reef (99-414)","O",109.525762512431,-17.4314994812012,143.55044556,-10.40884876,NaN,NaN,NaN,NaN,NaN,NaN,NaN,NaN,NaN,NaN,10557736.98,0.346510960261177,0.0156162346102321,13611.5386275028
"Susur Reef (99-415)","O",80.2684843642968,-2.83293008804321,143.24757385,-10.4130106,NaN,NaN,NaN,NaN,NaN,NaN,NaN,NaN,NaN,NaN,1801418.318,0.346510960261177,0.0360009984832198,6098.63068392132
"U/N Reef (99-416)","I",41.5664046259464,-3.1477677822113,142.19416809,-10.42151928,NaN,NaN,NaN,NaN,NaN,NaN,NaN,NaN,NaN,NaN,35540837.81,0.346510960261177,0.0308458562823141,37208.7647970931
"U/N Reef (99-417)","O",144.374349562139,-10.1773929595947,143.93301392,-10.42653561,NaN,NaN,NaN,NaN,NaN,NaN,NaN,NaN,NaN,NaN,11589056.44,0.346510960261177,0.016431529569855,14902.5460854473
"U/N Reef (99-418)","O",125.918316154877,-41.1848411560059,143.74188232,-10.42785358,NaN,NaN,NaN,NaN,NaN,NaN,NaN,NaN,NaN,NaN,1749317.414,0.346510960261177,0.00676826682897938,6000.21828440302
"U/N Reef (99-419)","O",141.671775129132,-19.2074527740479,143.90977478,-10.43519688,NaN,NaN,NaN,NaN,NaN,NaN,NaN,NaN,NaN,NaN,121659.1279,0.346510960261177,0.016431529569855,1310.86922266188
"U/N Reef (99-420)","O",111.199700555929,-10.255859375,143.59120178,-10.43987274,NaN,NaN,NaN,NaN,NaN,NaN,NaN,NaN,NaN,NaN,3466778.993,0.346510960261177,0.0156162346102321,7452.63492099414
"U/N Reef (99-538)","I",16.9079103737608,-5.50205516815186,142.02526855,-10.84988022,NaN,NaN,NaN,NaN,NaN,NaN,NaN,NaN,NaN,NaN,495651.7313,0.346510960261177,0.0308458562823141,2665.50537950745
"U/N Reef (99-539)","I",13.9723471373466,-6.06819677352905,142.03067017,-10.88249016,NaN,NaN,NaN,NaN,NaN,NaN,NaN,NaN,NaN,NaN,1366035.638,0.346510960261177,0.0308458562823141,4956.56477509663
"U/N Reef (99-540)","I",0.178684912952391,-2.2838191986084,142.34033203,-10.88692379,NaN,NaN,NaN,NaN,NaN,NaN,NaN,NaN,NaN,NaN,1555429.692,0.346510960261177,0.0308458562823141,10905.2432850224
"U/N Reef (99-541)","I",11.6817737296443,-6.64596557617188,142.02375793,-10.94591045,NaN,NaN,NaN,NaN,NaN,NaN,NaN,NaN,NaN,NaN,3670067.118,0.346510960261177,0.0308458562823141,12703.3040097174
"U/N Reef (99-542)","I",9.65560893518719,-9.15093994140625,142.04104614,-10.95924282,NaN,NaN,NaN,NaN,NaN,NaN,NaN,NaN,NaN,NaN,3779357.696,0.346510960261177,0.0308458562823141,14883.2886275877
"U/N Reef (99-543)","I",13.2789820528671,-6.34001302719116,142.00819397,-10.97213459,NaN,NaN,NaN,NaN,NaN,NaN,NaN,NaN,NaN,NaN,1516690.2,0.346510960261177,0.0308458562823141,5360.99617325057
"U/N Reef (99-545)","I",49.5385924043232,-14.1567478179932,142.03926086,-10.49806881,NaN,NaN,NaN,NaN,NaN,NaN,NaN,NaN,NaN,NaN,241315.3789,0.346510960261177,0.0308458562823141,1923.77650725828
"U/N Reef (99-809)","O",135.651607390852,-15.0736074447632,143.9584198,-10.68156528,NaN,NaN,NaN,NaN,NaN,NaN,NaN,NaN,NaN,NaN,384824.5562,0.195899309366717,0.016431529569855,2559.11995448119
"U/N Reef (99-421)","O",141.713380287482,-26.4674816131592,143.91273499,-10.44013119,NaN,NaN,NaN,NaN,NaN,NaN,NaN,NaN,NaN,NaN,190553.9298,0.346510960261177,0.016431529569855,1724.22327266406
"U/N Reef (99-422)","O",92.8253013877096,-7.76825666427612,143.38131714,-10.44153595,NaN,NaN,NaN,NaN,NaN,NaN,NaN,NaN,NaN,NaN,2613994.936,0.346510960261177,0.0156162346102321,6464.96699552307
"U/N Reef (99-423)","O",142.094651451346,-21.8740634918213,143.92022705,-10.44725609,NaN,NaN,NaN,NaN,NaN,NaN,NaN,NaN,NaN,NaN,1169883.112,0.346510960261177,0.016431529569855,5114.83041879743
"U/N Reef (99-424)","O",100.149069570035,-11.1810321807861,143.4752655,-10.45075321,NaN,NaN,NaN,NaN,NaN,NaN,NaN,NaN,NaN,NaN,5334467.161,0.346510960261177,0.0156162346102321,10329.2196209881
"Beresford Shoals (99-425)","I",30.2887536666395,-12.6437273025513,142.34686279,-10.4510088,NaN,NaN,NaN,NaN,NaN,NaN,NaN,NaN,NaN,NaN,8175513.885,0.346510960261177,0.0308458562823141,14884.3524769295
"U/N Reef (99-426)","O",96.7359443245183,-18.5268306732178,143.43640137,-10.45151424,NaN,NaN,NaN,NaN,NaN,NaN,NaN,NaN,NaN,NaN,359880.4519,0.346510960261177,0.0156162346102321,2357.04858231984
"U/N Reef (99-427)","I",38.2529778856188,-4.29950904846191,142.20481873,-10.45186138,NaN,NaN,NaN,NaN,NaN,NaN,NaN,NaN,NaN,NaN,10760568.77,0.346510960261177,0.0308458562823141,26263.4090962549
"U/N Reef (99-428)","O",115.70215116319,-25.5323925018311,143.64826965,-10.45269299,NaN,NaN,NaN,NaN,NaN,NaN,NaN,NaN,NaN,NaN,12144612.17,0.346510960261177,0.00943359472747158,15616.1960264498
"U/N Reef (99-429)","O",141.649963129257,-11.2605037689209,143.92172241,-10.45942211,NaN,NaN,NaN,NaN,NaN,NaN,NaN,NaN,NaN,NaN,5405613.592,0.346510960261177,0.016431529569855,14853.3814324062
"U/N Reef (99-430)","I",27.4343089728581,-1.7405481338501,142.44352722,-10.46149445,NaN,NaN,NaN,NaN,NaN,NaN,NaN,NaN,NaN,NaN,1092598.636,0.346510960261177,0.0308458562823141,4276.72103932123
"U/N Reef (99-431)","I",50.8892487889743,-8.68254280090332,142.04185486,-10.46810913,NaN,NaN,NaN,NaN,NaN,NaN,NaN,NaN,NaN,NaN,239220.3561,0.346510960261177,0.0308458562823141,2162.61198625275
"U/N Reef (16-118)","I",19.3007084208337,-31.8466911315918,145.64805603,-16.3170414,NaN,NaN,NaN,NaN,NaN,NaN,NaN,NaN,NaN,NaN,3018119.036,0.309272088945664,0.0284656996001225,9653.53520986829
"Passage Islet Reef (20-006)","I",0.399391603444587,-5.69829940795898,148.44236755,-20.06514931,NaN,NaN,NaN,NaN,NaN,NaN,NaN,NaN,NaN,NaN,3449870.956,0.346510960261177,0.0379102027004716,12427.8691153346
"U/N Reef (20-016b)","I",0.244184227731296,-3.86646270751953,148.50799561,-20.08583832,NaN,NaN,NaN,NaN,NaN,NaN,NaN,NaN,NaN,NaN,375299.5806,0.346510960261177,0.0355152645195299,3672.5989079102
"Middle Banks (11-222a)","M",36.6890162018588,-18.5076274871826,143.50505066,-11.76433372,NaN,NaN,NaN,NaN,NaN,NaN,NaN,NaN,NaN,NaN,192548384.6,0.0146591350765718,0.00081535357916911,113145.213480935
"U/N Reef (99-432)","O",139.917224392616,-17.5536994934082,143.90913391,-10.46963501,NaN,NaN,NaN,NaN,NaN,NaN,NaN,NaN,NaN,NaN,1002643.195,0.346510960261177,0.016431529569855,5910.38298243709
"U/N Reef (99-433)","I",39.4507359525204,-12.6681604385376,142.16802979,-10.47296429,NaN,NaN,NaN,NaN,NaN,NaN,NaN,NaN,NaN,NaN,38675.50779,0.346510960261177,0.0308458562823141,777.72029649945
"U/N Reef (99-434)","O",66.5918049333862,-6.52703475952148,143.13850403,-10.4736433,NaN,NaN,NaN,NaN,NaN,NaN,NaN,NaN,NaN,NaN,831514.9406,0.346510960261177,0.0323124097134555,4010.01444808526
"U/N Reef (99-435)","O",105.819034448797,-17.9060668945312,143.55560303,-10.47472191,NaN,NaN,NaN,NaN,NaN,NaN,NaN,NaN,NaN,NaN,1291284.564,0.346510960261177,0.0156162346102321,4439.73132726428
"Au-Masig Reef (99-436)","O",81.8861164935874,-7.36705350875854,143.29127502,-10.47605515,NaN,NaN,NaN,NaN,NaN,NaN,NaN,NaN,NaN,NaN,13782350.28,0.346510960261177,0.0360009984832198,16898.5483312609
"U/N Reef (99-437)","O",139.344775034139,-17.1097202301025,143.90736389,-10.47798824,NaN,NaN,NaN,NaN,NaN,NaN,NaN,NaN,NaN,NaN,2692732.001,0.346510960261177,0.016431529569855,9091.35539120128
"U/N Reef (99-438)","I",32.1918756423698,-10.6968154907227,142.25961304,-10.47799015,NaN,NaN,NaN,NaN,NaN,NaN,NaN,NaN,NaN,NaN,75637.68105,0.346510960261177,0.0308458562823141,1189.10446071781
"Alert Patches (99-439)","I",26.4837667910832,-13.4249935150146,142.35360718,-10.4849968,NaN,NaN,NaN,NaN,NaN,NaN,NaN,NaN,NaN,NaN,4151164.106,0.346510960261177,0.0308458562823141,10659.6555452757
"U/N Reef (99-440)","O",116.111498711141,-11.4328327178955,143.67175293,-10.4850235,NaN,NaN,NaN,NaN,NaN,NaN,NaN,NaN,NaN,NaN,2523395.809,0.346510960261177,0.00943359472747158,8164.92528660204
"U/N Reef (99-441)","I",35.517022437435,-2.25425052642822,142.20567322,-10.48509693,NaN,NaN,NaN,NaN,NaN,NaN,NaN,NaN,NaN,NaN,20494082.48,0.346510960261177,0.0308458562823141,28990.4084496182
"U/N Reef (99-442)","O",139.683956946656,-9.29286479949951,143.91708374,-10.49137115,NaN,NaN,NaN,NaN,NaN,NaN,NaN,NaN,NaN,NaN,3824831.179,0.346510960261177,0.016431529569855,9499.51815352672
"U/N Reef (99-443)","I",31.4867116640755,-13.9434041976929,142.24971008,-10.49406433,NaN,NaN,NaN,NaN,NaN,NaN,NaN,NaN,NaN,NaN,249218.1403,0.346510960261177,0.0308458562823141,2059.71661071029
"U/N Reef (99-444)","O",97.6207099099142,-8.4170093536377,143.47929382,-10.4951334,NaN,NaN,NaN,NaN,NaN,NaN,NaN,NaN,NaN,NaN,4752892.596,0.346510960261177,0.0156162346102321,9482.47559547738
"U/N Reef (99-445)","I",23.4517642908382,-6.27304029464722,142.44638062,-10.49740696,NaN,NaN,NaN,NaN,NaN,NaN,NaN,NaN,NaN,NaN,662578.8025,0.346510960261177,0.0308458562823141,3399.283941686
"U/N Reef (99-446)","O",120.705807248573,-16.5483798980713,143.72596741,-10.49639702,NaN,NaN,NaN,NaN,NaN,NaN,NaN,NaN,NaN,NaN,4431475.924,0.346510960261177,0.00943359472747158,8318.8262199115
"U/N Reef (99-447)","O",91.6667399388442,-21.0587825775146,143.41654968,-10.50092697,NaN,NaN,NaN,NaN,NaN,NaN,NaN,NaN,NaN,NaN,6258152.039,0.346510960261177,0.0156162346102321,10758.6452946808
"U/N Reef (99-448)","O",136.466939161027,-17.6649208068848,143.89033508,-10.50344563,NaN,NaN,NaN,NaN,NaN,NaN,NaN,NaN,NaN,NaN,991468.7749,0.346510960261177,0.0124298210227437,3656.77892798211
"U/N Reef (99-449)","I",36.0827603316201,-12.2536268234253,142.17643738,-10.51048851,NaN,NaN,NaN,NaN,NaN,NaN,NaN,NaN,NaN,NaN,24011.56224,0.346510960261177,0.0308458562823141,613.618610862663
"U/N Reef (99-450)","I",26.7997641136775,-4.92773151397705,142.29524231,-10.51238918,NaN,NaN,NaN,NaN,NaN,NaN,NaN,NaN,NaN,NaN,704578.3178,0.346510960261177,0.0308458562823141,4890.63678072024
"U/N Reef (99-451)","I",35.992105971288,-13.7064514160156,142.17478943,-10.51396465,NaN,NaN,NaN,NaN,NaN,NaN,NaN,NaN,NaN,NaN,32444.28387,0.346510960261177,0.0308458562823141,690.084713354127
"U/N Reef (99-452)","I",32.2758119442804,-14.8641929626465,142.21864319,-10.51411247,NaN,NaN,NaN,NaN,NaN,NaN,NaN,NaN,NaN,NaN,84690.85807,0.346510960261177,0.0308458562823141,1117.76370464097
"Reeves Shoal (99-453)","I",20.0895471585213,-17.5395832061768,142.44544983,-10.52763081,NaN,NaN,NaN,NaN,NaN,NaN,NaN,NaN,NaN,NaN,136234.0649,0.346510960261177,0.0308458562823141,1358.00769844048
"Bungaree Shoals (No 1) (99-455a)","I",21.6713615696621,-16.5770378112793,142.61761475,-10.51681709,NaN,NaN,NaN,NaN,NaN,NaN,NaN,NaN,NaN,NaN,945440.2243,0.346510960261177,0.0323124097134555,3482.77764196427
"Bungaree Shoals (No 2) (99-455b)","I",19.5692100154942,-15.2565288543701,142.60820007,-10.53341198,NaN,NaN,NaN,NaN,NaN,NaN,NaN,NaN,NaN,NaN,837969.5898,0.346510960261177,0.0323124097134555,3289.30780562978
"Bungaree Shoals (No 3) (99-455c)","I",18.9028265489404,-16.140588760376,142.59187317,-10.5338068,NaN,NaN,NaN,NaN,NaN,NaN,NaN,NaN,NaN,NaN,764977.1409,0.346510960261177,0.0323124097134555,3134.98179150274
"U/N Reef (99-456)","O",138.383180354446,-10.7855358123779,143.91650391,-10.51833916,NaN,NaN,NaN,NaN,NaN,NaN,NaN,NaN,NaN,NaN,9460281.201,0.0897098310957124,0.016431529569855,14866.7063291537
"U/N Reef (99-457)","O",60.9145769449734,-3.12481212615967,143.10527039,-10.52569485,NaN,NaN,NaN,NaN,NaN,NaN,NaN,NaN,NaN,NaN,3843757.884,0.346510960261177,0.0323124097134555,6633.91406570107
"U/N Reef (99-458a)","I",23.9590734917097,-4.27640819549561,142.30522156,-10.53689861,NaN,NaN,NaN,NaN,NaN,NaN,NaN,NaN,NaN,NaN,6041973.846,0.346510960261177,0.0308458562823141,21460.5751295145
"U/N Reef (99-458b)","I",26.0155564650592,-0.544487476348877,142.29649353,-10.52021313,NaN,NaN,NaN,NaN,NaN,NaN,NaN,NaN,NaN,NaN,2132840.442,0.346510960261177,0.0308458562823141,8643.27800770394
"U/N Reef (99-459)","I",27.0158873066218,-4.00642585754395,142.27232361,-10.52807617,NaN,NaN,NaN,NaN,NaN,NaN,NaN,NaN,NaN,NaN,105787.3055,0.346510960261177,0.0308458562823141,1351.0578199493
"U/N Reef (99-460)","O",135.080858187368,-17.8401298522949,143.89248657,-10.53761864,NaN,NaN,NaN,NaN,NaN,NaN,NaN,NaN,NaN,NaN,117082.323,0.0897098310957124,0.0124298210227437,1246.76102233991
"Wap Reef (99-461)","O",83.6581206642783,-7.78744029998779,143.35455322,-10.53966808,NaN,NaN,NaN,NaN,NaN,NaN,NaN,NaN,NaN,NaN,6694607.179,0.522793053545586,0.0314509713785206,10143.7866786428
"Wilson Island Reef (23-050)","O",80.6601408253068,-13.3515386581421,151.89030457,-23.29052353,0.305995714285714,4.611405,35.5483921428571,0.328025714285714,5.09345428571429,0.175112142857143,0.01576,0.0330609523809524,0.14451380952381,"Conservation Park",47188198.74,0.0440162623482223,0.00239220934559048,30487.9047177065
"Wreck Island Reef (23-051)","O",78.2163297630583,-12.5912418365479,151.96539307,-23.33036804,0.443371428571429,4.56265285714286,35.5590228571429,0.288442857142857,4.70741857142857,0.0726185714285714,0.01701,0.0214,0.09852,"Preservation",10816970.26,0.236660944060104,0.00459791606465979,17020.8054805935
"U/N Reef (24-003)","I",0.496700306664956,-2.32856321334839,151.73551941,-24.00552177,NaN,NaN,NaN,NaN,NaN,NaN,NaN,NaN,NaN,NaN,1076148.19,0.346510960261177,0.00809723549763605,4649.81357710988
"Red Rocks Reef (24-006)","I",0.875493685846886,-1.76872754096985,151.95077515,-24.26165771,0.29,4.37,35.72,0.43,0,0.2,0.20092,0.34132,0.3006,"Conservation Park",737377.1496,0.346510960261177,0.00537874759531551,4421.04247874822
"Delcomyn Reef (22-082)","I",0.911773717103733,-1.2897002696991,150.76344299,-22.44829369,NaN,NaN,NaN,NaN,NaN,NaN,NaN,NaN,NaN,NaN,98380.05868,0.346510960261177,0.0308458562823141,1268.79165437928
"Entrance Island Reef (22-083)","I",2.72150157285015,-4.00812864303589,150.77381897,-22.47928238,NaN,NaN,NaN,NaN,NaN,NaN,NaN,NaN,NaN,NaN,192363.6995,0.346510960261177,0.0308458562823141,2193.88636459968
"U/N Reef (22-084)","M",182.477526613819,-9.72683620452881,152.46496582,-21.99973488,0.125,4.4,35.325,0.375,8.72,0.04,0.00388,0.00434,0.00612,"Marine National Park",1518669.479,0.346278515075531,0.0407314537337166,5179.42002423088
"U/N Reef (22-085)","M",170.31502863145,-10.423002243042,152.34616089,-22.01666451,0.12,4.41,35.318,0.306,13.966,0.072,0.00388,0.00424,0.007378,"Habitat Protection",4336902.435,0.270594279842439,0.04463521150882,9141.50372922852
"Wilson Reef (22-086)","M",180.214729195328,-18.5717220306396,152.44837952,-22.01743889,0.193795,4.368435,35.35282,0.352915,12.541175,0.079665,0.00388,0.004325,0.006665,"Marine National Park",3088348.927,0.185483870967742,0.0187469908521907,8127.79242304186
"Earl Banks (22-167)","I",14.3472877797514,-3.86761713027954,150.40493774,-22.32661629,0.101045,4.458495,35.897225,0.829125,8.66078,0.087815,0.026175,0.8843,0.028405,"Marine National Park",2036363.435,0.346510960261177,0.0308458562823141,6146.89232551867
"Heron Reef (23-052a)","O",66.22419513093,-10.3229608535767,151.97113037,-23.44615173,0.326667179487179,4.61062128205128,35.5451269230769,0.328938717948718,3.10806435897436,0.064411282051282,0.01386,0.0237123076923077,0.117152564102564,"Conservation Park",63183100.95,0.133022502757798,0.00928858264455002,43180.5657418667
"U/N Reef (23-052b)","O",64.0061264383843,-25.4917774200439,151.99363708,-23.47618866,NaN,NaN,NaN,NaN,NaN,NaN,NaN,NaN,NaN,NaN,137962.0131,0.208430045875171,0.0106584709382896,1848.37476982329
"Wistari Reef (23-053)","O",60.8659938667609,-6.97203922271729,151.87670898,-23.46987534,0.337502,4.607056,35.579167,0.3281935,3.6117665,0.0897005,0.0134965,0.032969,0.161449,"Conservation Park",37097610.74,0.220386309583343,0.0086764926716122,27489.8326494861
"Lady Elliot Island Reef (24-008)","O",76.755263696518,-8.17733001708984,152.71542358,-24.11328316,0.43789,4.42602,35.52973,0.310945,0.855515,0.063835,0.00604,0.00527,0.01286,"Marine National Park",2535900.429,0.346510960261177,0.00537874759531551,6111.24100250008
"Herald Patches (No 1) (24-009a)","O",64.9951609312511,-25.6652374267578,152.66725159,-24.20955276,0.291756428571429,4.47688928571429,35.5032392857143,0.366382857142857,0.188556428571429,0.131719285714286,0.00468214285714286,0.00677928571428571,0.0202357142857143,"Habitat Protection",14898890.18,0.346510960261177,0.00537874759531551,23228.8850534224
"Herald Patches (No 2) (24-009b)","O",69.103476294224,-25.0963115692139,152.74205017,-24.20573807,0.175,4.53,35.48,0.38,0.24,0.11,0.01031,0.00904,0.01628,"Habitat Protection",2195048.013,0.346510960261177,0.00537874759531551,5822.83937391384
"Herald Patches (No 3) (24-009c)","O",68.7083650635826,-34.2146873474121,152.75134277,-24.21541977,0.212543333333333,4.49554333333333,35.49694,0.379126666666667,0.247723333333333,0.0655066666666667,0.01031,0.00904,0.01628,"Habitat Protection",2820988.082,0.346510960261177,0.00537874759531551,7209.75516435388
"U/N Reef (24-010)","O",80.0470109015011,-17.9316310882568,153.10368347,-24.38815498,0.229682,4.48343666666667,35.4664953333333,0.357033333333333,0.951286,0.127746666666667,0.01002,0.00976266666666667,0.049372,"Marine National Park",16782699.89,0.346510960261177,0.0308458562823141,28926.0274719951
"Porpoise Shoal (24-011)","O",75.2872821790734,-13.9217901229858,153.14909363,-24.64278793,NaN,NaN,NaN,NaN,NaN,NaN,NaN,NaN,NaN,NaN,2539416.487,0.346510960261177,0.0308458562823141,14237.9835040414
"Long Shoal (24-012)","O",73.9082726888423,-18.4824161529541,153.12510681,-24.52519226,0.22013,4.47508,35.485055,0.37316,0.804725,0.088755,0.01253,0.06378,0.40528,"Marine National Park",20346414.6,0.346510960261177,0.0308458562823141,28892.6017312352
"U/N Reef (22-087)","M",163.612736566973,-16.1645946502686,152.27824402,-22.02036667,0.23652,4.371165,35.3670575,0.296085,28.71295,0.0378775,0.00388,0.00417,0.00647,"Habitat Protection",5996058.864,0.236095187927989,0.0356954729960028,12324.5379301881
"U/N Reef (22-088a)","M",151.836206616169,-12.6577615737915,152.15774536,-22.02577591,0.240155714285714,4.32774142857143,35.42042,0.292973571428571,42.3174621428571,0.0736357142857143,0.00388,0.00396857142857143,0.00657571428571429,"Habitat Protection",16585889.85,0.322889099016936,0.0255865090333302,30102.5646027976
"U/N Reef (22-088b)","M",150.575585398766,-48.6110191345215,152.13975525,-22.01519012,NaN,NaN,NaN,NaN,NaN,NaN,NaN,NaN,NaN,NaN,166533.2918,0.227595520505703,0.0286696327116505,2639.97541492675
"U/N Reef (22-089)","M",143.501026406103,-59.8397560119629,152.07344055,-22.03321266,0.13,4.43,35.38,0.29,45.51,0.07,0.00388,0.00386,0.00842,"Habitat Protection",880967.3369,0.217514650244045,0.0260628973040254,3366.0710097043
"U/N Reef (22-816)","M",177.815961384887,-28.1015300750732,152.47396851,-22.17310524,NaN,NaN,NaN,NaN,NaN,NaN,NaN,NaN,NaN,NaN,627701.1073,0.125650214569765,0.00499521620087955,3099.09925463779
"U/N Reef (22-817)","M",177.879796135194,-25.0285091400146,152.49728394,-22.23873711,0.225,4.485,35.305,0.345,13.055,0.03,0.00419,0.004375,0.00573,"General Use",1831306.857,0.062854242672292,0.00138961098527515,5324.07623559033
"Sykes Reef (23-054)","O",70.0526164888271,-9.72504806518555,152.03375244,-23.43322182,0.331176666666667,4.60960333333333,35.5287616666667,0.325695833333333,2.63347666666667,0.0543625,0.01453,0.0172066666666667,0.08211,"Conservation Park",18800800,0.291475481932126,0.0121429793056268,22777.3479555052
"One Tree Island Reef (23-055a)","O",65.2361268451534,-11.0828733444214,152.06114197,-23.4956665,0.360680833333333,4.60314333333333,35.5324141666667,0.31995125,2.42969416666667,0.03402,0.0141316666666667,0.0140304166666667,0.0625704166666667,"Scientific Research (closed to public access)",28607035.58,0.200792152935588,0.0105438508646921,29892.1327138688
"U/N Reef (23-055b)","O",66.560517712866,-18.7117824554443,152.04714966,-23.47586441,NaN,NaN,NaN,NaN,NaN,NaN,NaN,NaN,NaN,NaN,67806.22834,0.208430045875171,0.0106584709382896,1150.13173582972
"U/N Reef (23-055c)","O",68.3041907956412,-31.3917903900146,152.07925415,-23.47324371,NaN,NaN,NaN,NaN,NaN,NaN,NaN,NaN,NaN,NaN,58604.76698,0.208430045875171,0.0106584709382896,881.761583375642
"Rundle Reef (23-056)","I",21.9276550829653,-11.4444675445557,151.27566528,-23.53397751,0.230365,4.626155,35.8641425,0.371795,7.124295,0.0747875,0.087495,0.71667,0.15107,"Conservation Park",3166930.791,0.346510960261177,0.00670947874607927,6878.22253495895
"Chesterman Reef (22-090)","M",177.488120883164,-22.87477684021,152.42874146,-22.04010582,0.19773875,4.3717475,35.34434875,0.33808625,13.13100125,0.0765875,0.00388,0.00432125,0.00673375,"Habitat Protection",9857639.415,0.155740871613663,0.0065206124852768,15637.3463100141
"U/N Reef (22-091)","M",167.308766576015,-14.9667205810547,152.33093262,-22.05775452,NaN,NaN,NaN,NaN,NaN,NaN,NaN,NaN,NaN,NaN,1052769.649,0.452387256199806,0.0162386373665166,4407.19693601627
"U/N Reef (22-092)","M",181.016040423506,-19.7664546966553,152.47737122,-22.07732201,0.28454,4.33678,35.34881,0.30471,18.89429,0.04226,0.00388,0.00436,0.00554,"Habitat Protection",2628968.794,0.199307616221563,0.0225731242051717,6760.02520108726
"Abrahams Reef (22-093)","M",181.884746865108,-20.2006759643555,152.48748779,-22.10082817,0.218773333333333,4.37166444444444,35.3566055555556,0.357418888888889,15.3373911111111,0.0371244444444444,0.00391222222222222,0.00437,0.00518222222222222,"Habitat Protection",13137217.48,0.129835894101517,0.0151737882878426,18743.4704613515
"Herald No 1 (22-094)","M",158.627485550587,-16.8287372589111,152.25547791,-22.09478951,0.322875,4.252835,35.401625,0.246365,40.27704,0.052825,0.00388,0.0043,0.005235,"Habitat Protection",3195465.054,0.297572660439293,0.0173113701208398,8742.52746202093
"U/N Reef (22-818)","M",182.956729992137,-34.634162902832,152.53590393,-22.19950676,NaN,NaN,NaN,NaN,NaN,NaN,NaN,NaN,NaN,NaN,59089.93397,0.117447068717789,0.00496989525792763,927.914718975728
"U/N Reef (22-819)","M",183.010341718827,-30.290210723877,152.54141235,-22.21436882,NaN,NaN,NaN,NaN,NaN,NaN,NaN,NaN,NaN,NaN,114148.4436,0.0804890013439491,0.003613369467028,1480.14008558477
"U/N Reef (22-820)","M",184.069911468026,-26.9131107330322,152.55342102,-22.2181778,NaN,NaN,NaN,NaN,NaN,NaN,NaN,NaN,NaN,NaN,139163.5031,0.0338732502198228,3.3085194375517e-05,2003.76114465191
"U/N Reef (22-821)","M",186.474090115181,-33.7290496826172,152.58311462,-22.23521042,NaN,NaN,NaN,NaN,NaN,NaN,NaN,NaN,NaN,NaN,959326.5425,0.252698540055473,0.00563499455148614,4002.93529362632
"U/N Reef (22-822)","M",184.025691171903,-26.8446960449219,152.57028198,-22.2753582,0.287595,4.419475,35.33148,0.32971,16.68243,0.01843,0.00434,0.004375,0.00536,"General Use",2404745.715,0.119753087001516,0.00332862252831515,6908.2600305552
"U/N Reef (22-823)","M",189.273628161565,-31.5601215362549,152.62332153,-22.27673149,0.28956,4.34399,35.36221,0.30875,26.23797,0.02632,0.00448,0.00439,0.00513,"Habitat Protection",751370.027,0.365986888644787,0.016864601289636,4069.94050330327
"U/N Reef (22-824)","M",193.738639274154,-35.2029418945312,152.64994812,-22.2139225,NaN,NaN,NaN,NaN,NaN,NaN,NaN,NaN,NaN,NaN,622400.4159,0.392688959207539,0.00800672016123136,4393.42706158777
"U/N Reef (22-825)","M",194.892632301155,-30.0164089202881,152.66448975,-22.22339821,NaN,NaN,NaN,NaN,NaN,NaN,NaN,NaN,NaN,NaN,501330.2934,0.392688959207539,0.00800672016123136,3450.17092694316
"U/N Reef (22-826)","M",196.298083188293,-24.6755771636963,152.67611694,-22.21496773,NaN,NaN,NaN,NaN,NaN,NaN,NaN,NaN,NaN,NaN,156971.5381,0.289931617963483,0.00907077411680094,1748.89715911915
"U/N Reef (22-827)","O",198.20910782308,-13.1415643692017,152.70806885,-22.25904655,0.32373,4.33772,35.3559,0.31908,27.47688,0.03188,0.00449,0.00439,0.00464,"Habitat Protection",783000.3188,0.224899121765962,0.000356040826014716,3536.89945522882
"Bass Shoals (23-057)","I",19.8991999216065,-15.427529335022,151.27149963,-23.55726433,0.27075,4.61196,35.83406,0.36277,5.91168,0.11563,0.08736,0.70877,0.15416,"Conservation Park",772244.8726,0.346510960261177,0.00670947874607927,3163.12291819463
"Keppel Rocks Reef (23-058)","I",15.8092919392021,-4.9231972694397,151.04977417,-23.43000603,NaN,NaN,NaN,NaN,NaN,NaN,NaN,NaN,NaN,NaN,259627.9792,0.346510960261177,0.0074062680207182,2404.81601575923
"Curtis Island Reef (No 1) (23-059a)","I",12.6429094430599,-1.14850521087646,151.02030945,-23.45039749,NaN,NaN,NaN,NaN,NaN,NaN,NaN,NaN,NaN,NaN,250371.843,0.346510960261177,0.0074062680207182,2010.06099900969
"Curtis Island Reef (No 2) (23-059b)","I",14.5432767656673,-1.8999046087265,151.06239319,-23.44907761,NaN,NaN,NaN,NaN,NaN,NaN,NaN,NaN,NaN,NaN,429424.363,0.346510960261177,0.00670947874607927,3686.04428368538
"Curtis Island Reef (No 3) (23-059c)","I",14.5523007516957,-6.00930166244507,151.28105164,-23.67568588,NaN,NaN,NaN,NaN,NaN,NaN,NaN,NaN,NaN,NaN,1669665.302,0.346510960261177,0.00670947874607927,10257.9092485547
"U/N Reef (22-095)","M",168.601953993064,-14.6068849563599,152.36013794,-22.10380173,0.302095,4.33286,35.365195,0.28105,25.497035,0.033565,0.00388,0.00455,0.00722,"Habitat Protection",2395770.72,0.449283223556761,0.0120495931809376,8649.12197255666
"U/N Reef (22-096)","M",161.189013626049,-18.8327388763428,152.28662109,-22.10918236,0.21426,4.34923,35.364085,0.280045,36.96293,0.02802,0.00388,0.00447,0.00545,"Habitat Protection",897829.8681,0.204235537190083,0,4236.80400258444
"U/N Reef (22-097)","M",175.581869281934,-23.9013595581055,152.44947815,-22.16904068,0.30532,4.40988,35.32884,0.318136666666667,17.79571,0.0316933333333333,0.00407333333333333,0.00438,0.00552,"Habitat Protection",3666346.928,0.060238523282607,7.59628288557466e-05,8459.44492002299
"U/N Reef (22-098)","M",178.92850072688,-21.8381004333496,152.49511719,-22.20027733,0.249794285714286,4.43903428571429,35.3274042857143,0.347587142857143,15.3740257142857,0.0316971428571429,0.00418428571428571,0.00438,0.00550857142857143,"Habitat Protection",8231026.476,0.122572063084086,0.00406957737269889,11659.7404319767
"U/N Reef (22-828)","M",165.098471987668,-37.7756423950195,152.28701782,-22.00428391,NaN,NaN,NaN,NaN,NaN,NaN,NaN,NaN,NaN,NaN,263017.7516,0.221257037332453,0.0355217399972702,1998.18447354428
"U/N Reef (22-829)","M",163.711194166558,-28.3174057006836,152.29925537,-22.07191658,0.34,4.43,35.33,0.28,31.08,0.01,0.00388,0.00423,0.0044,"General Use",448059.5571,0.297572660439293,0.0173113701208398,2597.15353571712
"U/N Reef (22-830)","M",163.391521948834,-25.4349937438965,152.31393433,-22.12415504,NaN,NaN,NaN,NaN,NaN,NaN,NaN,NaN,NaN,NaN,871995.4717,0.368635338982217,0.00942941018248473,4965.80706901133
"U/N Reef (22-831)","M",166.357972092795,-25.5526294708252,152.34751892,-22.13559914,NaN,NaN,NaN,NaN,NaN,NaN,NaN,NaN,NaN,NaN,909675.9797,0.368635338982217,0.00942941018248473,7466.68787825504
"U/N Reef (22-832)","M",166.661812576979,-24.3034515380859,152.33248901,-22.08049202,0.20648,4.375695,35.35289,0.300335,25.333855,0.022865,0.00388,0.00428,0.00642,"General Use",798005.4327,0.368635338982217,0.00942941018248473,4363.00511949378
"U/N Reef (22-833)","M",168.856567006351,-27.6817169189453,152.36924744,-22.12428284,NaN,NaN,NaN,NaN,NaN,NaN,NaN,NaN,NaN,NaN,90997.81587,0.368635338982217,0.00942941018248473,1240.62774555399
"U/N Reef (22-834)","M",171.442653420021,-23.5926189422607,152.37477112,-22.06201363,0.3826225,4.37913,35.3331675,0.279485,16.92243,0.0240225,0.00388,0.00431,0.0069,"General Use",4098579.001,0.390754919866335,0.0243078140187581,9315.87757126926
"U/N Reef (22-835)","M",170.522264423279,-27.9845714569092,152.37631226,-22.09375,NaN,NaN,NaN,NaN,NaN,NaN,NaN,NaN,NaN,NaN,128741.1466,0.352470450456743,0.011602947677577,1630.42784018044
"U/N Reef (22-836)","M",174.331029873613,-28.3948345184326,152.40299988,-22.05840492,NaN,NaN,NaN,NaN,NaN,NaN,NaN,NaN,NaN,NaN,124638.1277,0.263502655379389,0.012439065506135,1340.57235713214
"U/N Reef (22-837)","M",175.042593994656,-29.7749042510986,152.4098053,-22.05709076,NaN,NaN,NaN,NaN,NaN,NaN,NaN,NaN,NaN,NaN,58253.01268,0.263502655379389,0.012439065506135,925.95112224921
"U/N Reef (22-838)","M",172.105839840347,-23.5564002990723,152.40068054,-22.13669395,0.32193,4.31604,35.36916,0.27651,25.28187,0.03214,0.00388,0.00438,0.00627,"General Use",938654.6594,0.213119213646962,0.00909978143254532,3603.4620142473
"Curtis Island Reef (No 4) (23-059d)","I",10.5881935403005,-2.8883261680603,151.30781555,-23.748106,0.205,4.6,35.99,0.4,7.055,0.16,0.19252,0.564,0.20498,"Habitat Protection",1603560.33,0.346510960261177,0.00670947874607927,8138.44336865617
"Rat Reef (23-060)","I",9.35023766965511,-0.418411999940872,151.31787109,-23.76475906,NaN,NaN,NaN,NaN,NaN,NaN,NaN,NaN,NaN,NaN,158757.1619,0.346510960261177,0.00670947874607927,1465.44710906617
"North Point Reef (Facing Island Reef) (23-061a)","I",11.2274549726309,-3.12260961532593,151.33428955,-23.75416183,NaN,NaN,NaN,NaN,NaN,NaN,NaN,NaN,NaN,NaN,583141.2151,0.346510960261177,0.00670947874607927,4260.97550211803
"Facing Island Reef (No 2) (23-061b)","I",9.87790209284506,-2.22805428504944,151.32672119,-23.76521111,NaN,NaN,NaN,NaN,NaN,NaN,NaN,NaN,NaN,NaN,308115.2792,0.346510960261177,0.00670947874607927,2236.08465259572
"Pearl Ledge (Facing Island Reef No 3) (23-061c)","I",7.82460437998229,-2.56670045852661,151.36373901,-23.8014431,0.26895,4.61279,35.86305,0.38288,10.28427,0.13223,0.17888,0.65573,0.13523,"Habitat Protection",1044322.278,0.346510960261177,0.00670947874607927,6414.30094137229
"Facing Island Reef (No 4) (23-061d)","I",7.5895177167566,-1.9429167509079,151.38169861,-23.83031845,0.27044,4.61999,35.87008,0.38651,9.75044,0.13988,0.14442,0.67805,0.16147,"Habitat Protection",512713.8097,0.346510960261177,0.00670947874607927,3793.70844778697
"Alnwick Reef (22-031)","I",35.5187427151875,-8.32033443450928,150.38522339,-22.01322174,NaN,NaN,NaN,NaN,NaN,NaN,NaN,NaN,NaN,NaN,250711.2085,0.346510960261177,0.0308458562823141,2745.66374750306
"Hexham Reef (22-032)","I",33.4722886088336,-5.61499404907227,150.36723328,-22.01821327,NaN,NaN,NaN,NaN,NaN,NaN,NaN,NaN,NaN,NaN,565009.0099,0.346510960261177,0.0308458562823141,5686.80745584936
"Danger Reef (22-033)","I",17.5804930884456,-4.40156984329224,150.1618042,-22.00987434,0.06112,4.49329,35.91796,0.95572,5.58799,0.12565,0.01549,0.79881,0.13556,"Habitat Protection",121277.7587,0.346510960261177,0.0308458562823141,1334.58138845859
"Hackie Reef (22-099)","M",168.965732200606,-23.4408645629883,152.41433716,-22.26186752,0.217629583333333,4.39137,35.3735558333333,0.330733333333333,29.3325041666667,0.0264058333333333,0.00415333333333333,0.0043875,0.00601208333333333,"Habitat Protection",25525175.7,0.0648361491097533,0.00138184673385155,39895.0241415669
"U/N Reef (22-100)","M",176.668340187464,-25.896053314209,152.50312805,-22.299366,0.285063333333333,4.36271666666667,35.3622533333333,0.301553333333333,24.9414166666667,0.0276566666666667,0.00437666666666667,0.00438,0.00584,"General Use",4000152.077,0.0479608225986956,0.000197788095680471,10597.463896642
"U/N Reef (22-101)","M",198.211052427537,-7.07926177978516,152.62712097,-22.0028801,0.161436,4.408168,35.275638,0.395836,10.485698,0.128274,0.004112,0.00438,0.006142,"Habitat Protection",6099118.6,0.345029418041033,0.0184586775599793,10367.3741925525
"U/N Reef (22-839)","M",181.889022058368,-27.6869983673096,152.47848511,-22.05398941,0.18,4.44,35.28,0.34,8.43,0.03,0.00388,0.00436,0.00554,"General Use",2643259.318,0.0974415798794709,0.00807333514128793,9682.57168957154
"U/N Reef (22-840)","M",183.22205284576,-36.914493560791,152.49977112,-22.07751846,NaN,NaN,NaN,NaN,NaN,NaN,NaN,NaN,NaN,NaN,1232079.84,0.0974415798794709,0.00807333514128793,4900.8641829522
"U/N Reef (22-841)","M",186.957198152047,-42.1385345458984,152.51834106,-22.02001953,0.28151,4.33,35.33,0.31,7.61,0.04,0.00388,0.00436,0.00591,"Marine National Park",2249012.204,0.200795143922676,0.00646735203126043,8758.82446581679
"U/N Reef (22-842)","M",189.145078351746,-41.0955123901367,152.54067993,-22.0200386,0.26801,4.33,35.33,0.31,7.36,0.04,0.00388,0.00436,0.00591,"Marine National Park",103501.3576,0.320820221566568,0.0181351485446994,1325.43920434937
"U/N Reef (22-843)","M",189.831975259863,-43.763240814209,152.54393005,-22.00943756,NaN,NaN,NaN,NaN,NaN,NaN,NaN,NaN,NaN,NaN,104482.192,0.320820221566568,0.0181351485446994,1266.28619830112
"U/N Reef (22-844)","M",190.418590472208,-41.6491584777832,152.55215454,-22.01573753,NaN,NaN,NaN,NaN,NaN,NaN,NaN,NaN,NaN,NaN,73607.48626,0.320820221566568,0.0181351485446994,1017.22309438218
"U/N Reef (22-845)","M",189.981175979914,-36.6118927001953,152.56410217,-22.08251953,NaN,NaN,NaN,NaN,NaN,NaN,NaN,NaN,NaN,NaN,208080.7377,0.249418729140796,0.0141850605244538,1706.44863444001
"U/N Reef (22-846)","M",189.508036717747,-32.0306968688965,152.5716095,-22.11337662,NaN,NaN,NaN,NaN,NaN,NaN,NaN,NaN,NaN,NaN,73288.57868,0.271647216272578,0.0145699330731854,1101.5674772868
"U/N Reef (22-848)","M",200.154492408771,-29.0254497528076,152.65489197,-22.04643059,NaN,NaN,NaN,NaN,NaN,NaN,NaN,NaN,NaN,NaN,328335.7628,0.388716760572586,0.0392170568564737,2465.98072218122
"U/N Reef (22-849)","M",202.366716096044,-18.9226989746094,152.70336914,-22.11214066,NaN,NaN,NaN,NaN,NaN,NaN,NaN,NaN,NaN,NaN,182767.5917,0.657612098022933,0.0126646881925337,1623.09883604
"East Point Ledge (Facing Island Reef) (23-061e)","I",7.35176938591059,-2.10394167900085,151.39326477,-23.85713768,0.273,4.62144,35.8681,0.38773,9.03389,0.14238,0.14442,0.67805,0.16147,"Habitat Protection",703491.4855,0.346510960261177,0.00670947874607927,4195.99502116219
"Facing Island Reef (No 6) (23-061f)","I",5.20284663395484,-1.9619916677475,151.378479,-23.87968254,NaN,NaN,NaN,NaN,NaN,NaN,NaN,NaN,NaN,NaN,668131.4621,0.346510960261177,0.0074062680207182,5469.47009699914
"Manning Reef (23-062)","I",4.08023572323001,-1.85640573501587,151.35610962,-23.85565186,NaN,NaN,NaN,NaN,NaN,NaN,NaN,NaN,NaN,NaN,392663.5711,0.346510960261177,0.0074062680207182,2429.28842539217
"Sable Chief Rocks Reef (23-064)","I",8.95609290350683,-6.14562082290649,151.38822937,-23.81376076,NaN,NaN,NaN,NaN,NaN,NaN,NaN,NaN,NaN,NaN,47283.57584,0.346510960261177,0.00670947874607927,797.140685379904
"East Banks (East) (23-065a)","I",4.94614371979974,-16.3599834442139,151.39343262,-23.90062332,NaN,NaN,NaN,NaN,NaN,NaN,NaN,NaN,NaN,NaN,245216.9285,0.346510960261177,0.0074062680207182,1810.81003197044
"East Banks (West) (23-065b)","I",6.6905251600779,-2.81925296783447,151.41526794,-23.89655304,NaN,NaN,NaN,NaN,NaN,NaN,NaN,NaN,NaN,NaN,292957.534,0.346510960261177,0.0074062680207182,2019.31803167109
"Curtis Rock Reef (23-066)","I",7.09469316488443,-9.83988857269287,151.48129272,-23.93275642,NaN,NaN,NaN,NaN,NaN,NaN,NaN,NaN,NaN,NaN,44178.24607,0.346510960261177,0.00803370622866214,779.590090941019
"Seal Rocks Reef (No 1) (23-067a)","I",5.69115093057605,-6.72882652282715,151.4941864,-23.95011902,NaN,NaN,NaN,NaN,NaN,NaN,NaN,NaN,NaN,NaN,455483.7035,0.346510960261177,0.00803370622866214,2690.87484387514
"Seal Rocks Reef (No 2) (23-067b)","I",4.07122233717707,-3.74482250213623,151.48506165,-23.96214294,0.259765,4.58051,35.899365,0.417175,8.54426,0.068505,0.25615,0.67696,0.05058,"Habitat Protection",1804657.673,0.346510960261177,0.0074062680207182,5892.6182971176
"Seal Rocks Reef (No 3) (23-067c)","I",2.75328421547457,-4.74410390853882,151.48217773,-23.97415543,NaN,NaN,NaN,NaN,NaN,NaN,NaN,NaN,NaN,NaN,348897.8161,0.346510960261177,0.0074062680207182,2256.9941001214
"Otterbourne Reef (22-034)","I",26.0004644339123,-16.2958793640137,150.28771973,-22.02418709,NaN,NaN,NaN,NaN,NaN,NaN,NaN,NaN,NaN,NaN,429348.0717,0.346510960261177,0.0308458562823141,3060.09808227622
"Two Round Rocks Reef (22-035)","I",12.4816537664268,-7.31949996948242,150.09788513,-22.03081703,0.03,4.47,35.99,1.1,3.45,0.10851,0.01937,0.8565,0.0739,"Habitat Protection",602807.1229,0.346510960261177,0.0308458562823141,2935.6631157556
"Steep Reef (22-036)","I",34.2495268455762,5.13639736175537,150.4506073,-22.03599739,NaN,NaN,NaN,NaN,NaN,NaN,NaN,NaN,NaN,NaN,264416.6653,0.346510960261177,0.0308458562823141,2891.95954014182
"Low Island Reef (22-037)","I",10.854890774324,-5.66661071777344,150.09828186,-22.04639244,NaN,NaN,NaN,NaN,NaN,NaN,NaN,NaN,NaN,NaN,79281.60781,0.346510960261177,0.0308458562823141,1084.9029033101
"Clara Island Reef (22-038)","I",5.46940305125425,0.934430480003357,150.22903442,-22.30719376,NaN,NaN,NaN,NaN,NaN,NaN,NaN,NaN,NaN,NaN,140183.9781,0.346510960261177,0.0308458562823141,1691.54876954235
"Chinaman Reef (22-102)","M",201.194664598989,-5.98005151748657,152.65826416,-22.0051918,0.164516666666667,4.37706333333333,35.3312833333333,0.42255,11.18334,0.0437533333333333,0.00418,0.00439,0.00428,"Habitat Protection",3378785.85,0.516203576341128,0.0352132049518569,7627.88348620487
"Half Moon Reef (22-103)","O",207.682263472854,-7.9446873664856,152.72612,-22.01127243,0.18324,4.379365,35.310515,0.40265,15.969135,0.04008,0.00418,0.00439,0.00393,"Habitat Protection",3828180.003,0.562662455969877,0.0289809304020406,7335.9790380419
"Horseshoe Reef (No 1) (22-104a)","M",192.301682045946,-18.7759532928467,152.58039856,-22.04248619,0.220072222222222,4.35628,35.3229,0.350356111111111,12.9345433333333,0.0873533333333333,0.00412222222222222,0.00437888888888889,0.00562277777777778,"Habitat Protection",21146715.1,0.122063417441774,0.0266824250998449,28467.486557582
"Horseshoe Reef (No 2) (22-104b)","M",190.677103296745,-32.624080657959,152.56454468,-22.0443325,0.26326,4.325805,35.33729,0.31725,16.78302,0.072875,0.004025,0.004375,0.005695,"Habitat Protection",1366030.495,0.175295110138367,0.0184088274209568,5168.65830389205
"Horseshoe Reef (No 3) (22-104c)","M",191.015956527981,-19.6590003967285,152.57243347,-22.05807686,NaN,NaN,NaN,NaN,NaN,NaN,NaN,NaN,NaN,NaN,285997.4361,0.159090909090909,0.0207792207792208,2331.41744953487
"U/N Reef (22-850)","O",206.180548038076,-39.9612693786621,152.70979309,-22.00790977,NaN,NaN,NaN,NaN,NaN,NaN,NaN,NaN,NaN,NaN,118167.3869,0.552519485889781,0.0238624947242204,1343.75355037831
"U/N Reef (22-851)","O",208.748679526146,-21.0441455841064,152.74041748,-22.03745079,0.11,4.43,35.24,0.44,10.8,0.04,0.00419,0.0044,0.0039,"Habitat Protection",853522.4707,0.590076853746542,0.0180512287133903,4888.42184551286
"Conical Rocks Reef (23-001)","I",10.7199766855245,-10.3516492843628,150.8769989,-23.03621864,NaN,NaN,NaN,NaN,NaN,NaN,NaN,NaN,NaN,NaN,575971.6465,0.346510960261177,0.0308458562823141,2657.75108461685
"Corroboree (Te-ri-mul) Reef (23-002)","I",10.9964938750785,-7.313720703125,150.87962341,-23.04696274,0.19749,4.52631,35.89942,0.38044,3.24674,0.15551,0.09799,0.48676,0.31785,"Habitat Protection",1118909.965,0.346510960261177,0.0308458562823141,4768.97213313762
"Erskine Reef (23-068)","M",55.1539346672961,-13.0392608642578,151.77363586,-23.50185394,0.295783333333333,4.63283333333333,35.6073666666667,0.34584,2.93626333333333,0.08444,0.02259,0.03525,0.18795,"Marine National Park",5023866.482,0.158594791365997,0.00803370622866214,13018.5547993145
"Mast Head Reef (23-069)","M",51.3797108120604,-19.3221683502197,151.72671509,-23.52691841,0.312873333333333,4.61515878787879,35.6358678787879,0.339524242424242,3.01166121212121,0.0556175757575758,0.0239724242424242,0.0360815151515151,0.209205151515152,"Conservation Park",37918589.59,0.158594791365997,0.00670947874607927,42796.8306501582
"Irving Reef (23-070)","M",49.1888769907904,-19.2186946868896,151.62731934,-23.53884888,0.297098571428571,4.61693523809524,35.6721080952381,0.347053333333333,3.65694428571429,0.0887457142857143,0.0325771428571429,0.0510266666666667,0.243246666666667,"Marine National Park",21163476.75,0.0836147367234675,0.000173393616514008,21995.4301297379
"Donovan Shoal (22-040)","I",17.3879271624965,-13.7178478240967,150.27516174,-22.15557671,0.08525,4.47745,35.92147,0.90241,7.06141,0.09194,0.01111,0.7668,0.17437,"Habitat Protection",2159554.118,0.346510960261177,0.0308458562823141,11061.6308957451
"North Rock Reef (22-041)","I",23.7338356756302,-14.7393999099731,150.35597229,-22.17988205,NaN,NaN,NaN,NaN,NaN,NaN,NaN,NaN,NaN,NaN,156521.0963,0.346510960261177,0.0308458562823141,1483.25235104176
"Mumford Reef (22-042)","I",24.4309662745497,-7.21783781051636,150.36090088,-22.19195747,NaN,NaN,NaN,NaN,NaN,NaN,NaN,NaN,NaN,NaN,1552521.798,0.346510960261177,0.0308458562823141,4435.98848410389
"White Rocks Reef (22-043)","I",12.4749153450003,-5.56894254684448,150.25120544,-22.20283699,NaN,NaN,NaN,NaN,NaN,NaN,NaN,NaN,NaN,NaN,406787.6937,0.346510960261177,0.0308458562823141,2876.0836927684
"Ten Pin Reef (22-044)","I",22.8295705736904,-8.91204643249512,150.35214233,-22.20464134,0.07,4.42,35.86,0.89,2.82,0.08,0.01255,0.8524,0.07929,"Habitat Protection",1307319.802,0.346510960261177,0.0308458562823141,4507.61490509373
"Holt Island Reef (22-045)","I",23.2721261017961,-7.30619525909424,150.37442017,-22.20710564,NaN,NaN,NaN,NaN,NaN,NaN,NaN,NaN,NaN,NaN,668193.6377,0.346510960261177,0.0308458562823141,2874.35386145517
"U/N Reef (22-105)","M",184.297710915308,-26.410831451416,152.50454712,-22.05869484,0.250346666666667,4.39284333333333,35.31067,0.335343333333333,10.4891266666667,0.03503,0.00388,0.00437,0.00559,"Habitat Protection",2709961.659,0.0747615453235435,0.0016468812186921,7623.40341654717
"U/N Reef (22-106)","O",207.763053888349,-6.33428573608398,152.73783875,-22.05660439,NaN,NaN,NaN,NaN,NaN,NaN,NaN,NaN,NaN,NaN,1345798.654,0.6938126512271,0.00698237124092637,4295.35072505902
"U/N Reef (22-107)","O",211.577294742956,-59.8259468078613,152.77597046,-22.05346489,NaN,NaN,NaN,NaN,NaN,NaN,NaN,NaN,NaN,NaN,162742.531,0.590076853746542,0.0180512287133903,1530.11199565225
"Ron Isbel Reef (22-108)","M",197.085248834791,-10.3180389404297,152.63096619,-22.06573105,0.165958,4.402988,35.315096,0.38791,11.449588,0.081502,0.00418,0.00439,0.00476,"Habitat Protection",5305050.553,0.259820318383216,0.0276702684716555,9389.85231151823
"Sanctuary Reef (22-109)","M",201.359342957615,-6.24807500839233,152.67567444,-22.06676674,0.155812857142857,4.42075857142857,35.2752714285714,0.399705714285714,10.1325271428571,0.09929,0.00418142857142857,0.00439,0.00427571428571429,"Habitat Protection",7831692.228,0.390126386993414,0.0547676971459087,11595.4416601986
"U/N Reef (22-110)","M",193.759208034966,-20.9765338897705,152.59646606,-22.06586647,NaN,NaN,NaN,NaN,NaN,NaN,NaN,NaN,NaN,NaN,669306.2857,0.244731003882418,0.00776483638380477,3443.46426525629
"U/N Reef (22-111)","M",185.556732373015,-27.1461353302002,152.52206421,-22.07334137,0.204295,4.391575,35.30472,0.33926,12.335705,0.03718,0.00388,0.00437,0.00559,"Habitat Protection",1741175.277,0.0182555780933063,0,6073.02249926494
"U/N Reef (22-112)","M",192.962667151514,-18.3210258483887,152.59587097,-22.08454323,0.175,4.445,35.295,0.4,7.19,0.09,0.00418,0.00439,0.00506,"Habitat Protection",1318499.231,0.34443427444906,0.0140111244103358,4687.03279668379
"North Keppel (Ko-no-mie) Island Reef (No 1) (23-004a)","I",13.2103896360061,-8.91487693786621,150.90046692,-23.06347847,NaN,NaN,NaN,NaN,NaN,NaN,NaN,NaN,NaN,NaN,1714271.486,0.346510960261177,0.0308458562823141,12549.3075362458
"North Keppel (Ko-no-mie) Island Reef (No 2) (23-004b)","I",12.7587880865826,-1.72248435020447,150.89289856,-23.08244133,NaN,NaN,NaN,NaN,NaN,NaN,NaN,NaN,NaN,NaN,1322242.359,0.346510960261177,0.0308458562823141,6772.90908777716
"Pumpkin Reef (23-005)","I",13.1143016674684,-6.68642091751099,150.89866638,-23.09467316,NaN,NaN,NaN,NaN,NaN,NaN,NaN,NaN,NaN,NaN,210154.5499,0.346510960261177,0.0308458562823141,2282.235851236
"Square Rocks Reef (23-006)","I",11.8370049712115,-6.64729833602905,150.88470459,-23.09677124,NaN,NaN,NaN,NaN,NaN,NaN,NaN,NaN,NaN,NaN,433009.246,0.346510960261177,0.0308458562823141,2594.54489154289
"Sloping Reef (23-007)","I",12.7670570818116,-5.27443075180054,150.89718628,-23.09815407,NaN,NaN,NaN,NaN,NaN,NaN,NaN,NaN,NaN,NaN,237850.0184,0.346510960261177,0.0308458562823141,2878.53476789679
"Polmaise Reef (23-071)","M",47.500642002829,-13.2873048782349,151.67791748,-23.55586243,0.2907985,4.6364745,35.6561305,0.3571095,2.925353,0.048087,0.0354865,0.0455875,0.2310615,"Marine National Park",25324592.85,0.233574846008527,0.0146391424249224,27477.0223785638
"Rock Cod Shoal (23-072)","M",34.163501186374,-17.9835643768311,151.61776733,-23.67429924,0.275088636363636,4.62735727272727,35.6970731818182,0.362517272727273,2.217845,0.107818636363636,0.0512327272727273,0.116344090909091,0.335315454545455,"Habitat Protection",25620549.27,0.158594791365997,0.00803370622866214,36377.9540085515
"U/N Reef (23-074a)","I",1.35391585558038,-4.08901882171631,151.62489319,-23.97248268,NaN,NaN,NaN,NaN,NaN,NaN,NaN,NaN,NaN,NaN,298472.396,0.346510960261177,0.00809723549763605,2198.97939966077
"U/N Reef (23-074b)","I",1.18502994656141,-6.05267000198364,151.644104,-23.97548866,NaN,NaN,NaN,NaN,NaN,NaN,NaN,NaN,NaN,NaN,493325.0491,0.346510960261177,0.00809723549763605,3172.30763685262
"U/N Reef (23-074c)","I",2.36007077596975,-4.81565237045288,151.65745544,-23.98127174,NaN,NaN,NaN,NaN,NaN,NaN,NaN,NaN,NaN,NaN,314877.0105,0.346510960261177,0.00809723549763605,2458.31533801198
"U/N Reef (23-074d)","I",1.05966496462698,-2.8014612197876,151.67492676,-23.9881897,NaN,NaN,NaN,NaN,NaN,NaN,NaN,NaN,NaN,NaN,539928.9749,0.346510960261177,0.00809723549763605,3303.23561358909
"U/N Reef (22-046)","I",22.1252541110959,-4.41858005523682,150.37095642,-22.21692276,0.11065,4.47039,35.88649,0.7731,7.38887,0.0881,0.01626,0.84442,0.07984,"Habitat Protection",490470.5484,0.346510960261177,0.0308458562823141,2362.58692437808
"Ripple Island Reef (No 1) (22-047a)","I",18.1953958758136,-9.2291784286499,150.4389801,-22.20445824,0.08,4.51,35.81,0.81,1.73,0.08,0.02436,0.82261,0.10087,"Habitat Protection",575243.5013,0.346510960261177,0.0308458562823141,2798.43058721919
"Ripple Island Reef (No 2) (22-047b)","I",18.2910515200168,-9.70428562164307,150.42280579,-22.21774101,0.06,4.51,35.82,0.86,2.68,0.08,0.02436,0.82261,0.10087,"Habitat Protection",806741.1352,0.346510960261177,0.0308458562823141,3082.89711072158
"Ripple Island Reef (No 3) (22-047c)","I",17.4305287926821,-10.3733863830566,150.43809509,-22.2144146,NaN,NaN,NaN,NaN,NaN,NaN,NaN,NaN,NaN,NaN,105279.7627,0.346510960261177,0.0308458562823141,1248.86219572503
"Harrison Reef (22-048)","I",19.1688393665323,-8.80300235748291,150.41181946,-22.21735001,NaN,NaN,NaN,NaN,NaN,NaN,NaN,NaN,NaN,NaN,585045.6082,0.346510960261177,0.0308458562823141,3043.39813762228
"U/N Reef (22-113)","M",197.536336411621,-6.54033088684082,152.64712524,-22.09456444,0.14,4.44,35.34,0.47,8.04,0.11,0.00418,0.00439,0.00431,"Habitat Protection",1728330.225,0.515711446527367,0.0107965837675243,5616.74705319815
"U/N Reef (22-114)","M",194.997267193438,-15.9740581512451,152.62452698,-22.10386276,0.13,4.45,35.26,0.41,6.73,0.09,0.00418,0.00439,0.0049,"Habitat Protection",1212320.191,0.389327608678985,0.0128804722839837,4589.60196984985
"U/N Reef (22-115)","M",186.123140644171,-17.2705326080322,152.53358459,-22.10583496,0.1550775,4.421765,35.2945725,0.3605375,9.94963,0.0334275,0.00417,0.00438,0.00537,"Habitat Protection",4982888.981,0.212453188754122,0.0245747396270005,9798.46087169122
"Hook Reef (22-116)","O",206.689203038819,-7.98565864562988,152.74171448,-22.09586525,0.167384,4.403038,35.310346,0.41974,19.172622,0.065346,0.00437,0.00439,0.004038,"Habitat Protection",4534754.748,0.513755454042649,0.0181903844972038,10093.5023277951
"U/N Reef (22-117)","M",192.784992147978,-22.7292499542236,152.60931396,-22.12369537,0.27018,4.35377,35.33355,0.33629,17.54678,0.06264,0.00418,0.00439,0.0049,"Habitat Protection",1450629.644,0.258054185614552,0.00512393518221995,4779.08617674897
"U/N Reef (22-118)","M",194.626961725101,-13.4790029525757,152.62887573,-22.12538719,0.145,4.455,35.345,0.46,6.51,0.09,0.00418,0.00439,0.0049,"Habitat Protection",2824314.699,0.252187356094994,0.020196039734228,7382.49692169237
"U/N Reef (22-119)","M",199.415886620989,-3.18919086456299,152.67634583,-22.12095451,0.22156,4.35408,35.32574,0.3485,19.5247,0.06608,0.00419,0.00439,0.00445,"Habitat Protection",935235.5477,0.841927471435668,0.00457029309488326,4564.80012162177
"U/N Reef (22-120)","O",211.836555367032,-76.20263671875,152.80116272,-22.11499977,NaN,NaN,NaN,NaN,NaN,NaN,NaN,NaN,NaN,NaN,113886.5048,0.556106006379142,0.0134397686596091,1411.5465320689
"Man And Wife (Ban-ka-boo-la-re) Rocks Reef (23-008)","I",21.1077587885217,-8.16761684417725,150.9916687,-23.11747551,NaN,NaN,NaN,NaN,NaN,NaN,NaN,NaN,NaN,NaN,56644.80698,0.346510960261177,0.0308458562823141,1108.41151785374
"Miall (Ma-ma-lon-bi) Reef (23-009)","I",11.3562772729476,-12.1379108428955,150.90542603,-23.14964104,NaN,NaN,NaN,NaN,NaN,NaN,NaN,NaN,NaN,NaN,820221.0075,0.346510960261177,0.0308458562823141,4565.41591615458
"Middle (Ba-la-ba) Island Reef (23-010)","I",11.5525544111752,-4.17408514022827,150.91575623,-23.16776657,0.1888,4.55381,35.93717,0.38078,3.80825,0.11165,0.12059,0.59997,0.21663,"Marine National Park",671987.2691,0.346510960261177,0.0308458562823141,4387.37961064879
"Bluff Rock Reef (23-011)","I",0.844527628660274,2.26631569862366,150.80419922,-23.17276382,NaN,NaN,NaN,NaN,NaN,NaN,NaN,NaN,NaN,NaN,49346.98054,0.346510960261177,0.0308458562823141,895.000634499973
"Great Keppel (Wop-pa) Island Reef (No 1) (23-012a)","I",15.8802979163988,-6.47913599014282,150.95765686,-23.15748978,NaN,NaN,NaN,NaN,NaN,NaN,NaN,NaN,NaN,NaN,910663.7945,0.346510960261177,0.0308458562823141,5583.15985970863
"Lamont Reef (23-076)","O",53.5459342657224,-21.4781150817871,152.0274353,-23.59870148,0.439925,4.577527,35.575369,0.298135,3.115088,0.030905,0.017204,0.024088,0.0814,"Habitat Protection",15245565.06,0.184989757118341,0.00895498840688608,27657.2088774994
"Fitzroy Reef (23-077)","O",57.7553372758433,-16.2539196014404,152.14743042,-23.63306427,0.37663037037037,4.60276444444444,35.5302048148148,0.322086296296296,3.66566259259259,0.0290959259259259,0.0149577777777778,0.0128140740740741,0.0442411111111111,"Habitat Protection",36684358.83,0.221154615661638,0.00703253171141611,31106.2362083544
"Lingham Reef (22-049)","I",13.4722161842803,-2.68779730796814,150.27001953,-22.22875595,NaN,NaN,NaN,NaN,NaN,NaN,NaN,NaN,NaN,NaN,1660217.948,0.346510960261177,0.0308458562823141,5705.54899660765
"Turn Shoal (22-050)","I",10.4320590878797,-10.7956972122192,150.23266602,-22.20960617,NaN,NaN,NaN,NaN,NaN,NaN,NaN,NaN,NaN,NaN,197382.0662,0.346510960261177,0.0308458562823141,1634.29702369981
"Collins Reef (22-052)","I",16.0238840123644,-3.20203065872192,150.30755615,-22.23665047,0.069975,4.4149675,35.926375,0.9600825,7.0899,0.127175,0.0129425,0.8410075,0.092695,"Habitat Protection",5832344.16,0.346510960261177,0.0308458562823141,12605.2505133295
"Sinker Reef (22-121)","O",206.378888474933,-8.23094463348389,152.74615479,-22.11695099,0.22941,4.33464,35.33864,0.35244,25.97125,0.04644,0.00449,0.00439,0.00407,"Habitat Protection",1616893.932,0.617153368590481,0.0152333869855139,5908.93885328204
"Junior Reef (22-122)","M",184.351266423067,-18.2864017486572,152.53179932,-22.1481514,0.24322,4.366638,35.33312,0.32527,17.556072,0.04089,0.00418,0.00438,0.00538,"Habitat Protection",5089350.98,0.197293304393821,0.0194429751764642,9133.95331501567
"U/N Reef (22-123)","M",190.705638474395,-19.3768463134766,152.59759521,-22.14977264,0.331845,4.40183166666667,35.3125383333333,0.348915,13.1344033333333,0.0441566666666667,0.00419,0.00438,0.004955,"Habitat Protection",5308845.103,0.22947578387458,0.0119855823068309,13285.3526268343
"Taiwan Reef (22-124)","O",206.674256338704,-5.9940881729126,152.76055908,-22.15019226,0.199236,4.37913,35.323398,0.386708,28.814906,0.021652,0.00449,0.00438,0.00412,"Habitat Protection",4880055.011,0.556106006379142,0.0134397686596091,8908.12878966216
"U/N Reef (22-125)","M",186.153882645848,-19.1118793487549,152.55300903,-22.15541458,0.28064,4.36559,35.33729,0.32712,17.49301,0.04101,0.00419,0.00438,0.00528,"Habitat Protection",1436227.613,0.359974135143873,0.00704817329453605,4872.68176817511
"U/N Reef (22-126)","M",195.669522706285,-24.3381099700928,152.65249634,-22.16170502,0.176858,4.424774,35.293084,0.37906,11.841596,0.041612,0.00419,0.00438,0.00465,"Habitat Protection",5027508.976,0.110150709219858,0.00365691489361702,10588.3066424873
"Great Keppel (Wop-pa) Island Reef (No 2) (23-012b)","I",17.8030023985247,-11.1675672531128,150.97557068,-23.1511116,NaN,NaN,NaN,NaN,NaN,NaN,NaN,NaN,NaN,NaN,882267.947,0.346510960261177,0.0308458562823141,5446.42896178451
"Great Keppel (Wop-pa) Island Reef (No 3) (23-012c)","I",17.637329631259,-8.43354606628418,150.98612976,-23.17248726,0.204675,4.58513,35.907325,0.385425,2.246765,0.08303,0.08797,0.41085,0.37664,"Habitat Protection",1476359.707,0.346510960261177,0.0308458562823141,5441.31361765732
"Great Keppel (Wop-pa) Island Reef (No 4) (23-012d)","I",15.0315340832618,-6.76408958435059,150.96603394,-23.18922997,NaN,NaN,NaN,NaN,NaN,NaN,NaN,NaN,NaN,NaN,517887.392,0.346510960261177,0.0308458562823141,5592.41017799845
"Great Keppel (Wop-pa) Island Reef (No 5) (23-012e)","I",12.1131805107353,-3.41848921775818,150.93466187,-23.18856049,NaN,NaN,NaN,NaN,NaN,NaN,NaN,NaN,NaN,NaN,613233.4117,0.346510960261177,0.0308458562823141,4575.23929135347
"Llewellyn Reef (23-078)","O",55.4944211390004,-10.8822832107544,152.18093872,-23.69460678,0.42111,4.58801333333333,35.5353838095238,0.316344285714286,2.76809761904762,0.04614,0.0158909523809524,0.0106514285714286,0.0329828571428571,"Marine National Park",22714312.01,0.269732459699396,0.00947917045147173,20493.2279368102
"Boult Reef (23-079)","O",58.7767094310959,-10.6936712265015,152.27194214,-23.75748634,0.435665555555556,4.56805111111111,35.5297822222222,0.31329,2.15074444444444,0.0823933333333333,0.0156088888888889,0.00630333333333333,0.0237666666666667,"Habitat Protection",10088265.21,0.349709643120041,0.00732480892790607,12637.1759774289
"Hoskyn Islands Reef (23-080)","O",55.8566416436897,-15.7417478561401,152.28726196,-23.8077755,0.392456666666667,4.56939222222222,35.5255655555556,0.32524,1.15321444444444,0.09306,0.01549,0.00641666666666667,0.0272166666666667,"Marine National Park",8848838.091,0.239061528899938,0.004816656308266,13315.0150734472
"Leicester Island Reef (No 1) (22-053a)","I",15.1579433871771,-2.55782032012939,150.43449402,-22.24900055,0.08,4.42,35.84,0.82,4.28,0.11,0.02253,0.86078,0.05457,"Habitat Protection",4769258.088,0.346510960261177,0.0308458562823141,26276.0740839565
"Leicester Island Reef (No 2) (22-053b)","I",14.075055058253,-2.44014120101929,150.41915894,-22.29171562,0.08,4.42,35.87,0.84,5.87,0.11,0.02623,0.88706,0.02728,"Habitat Protection",512928.2559,0.346510960261177,0.0308458562823141,3424.76029805096
"Cape Island Reef (22-054)","I",15.8729675633402,-2.10949993133545,150.47409058,-22.20664406,NaN,NaN,NaN,NaN,NaN,NaN,NaN,NaN,NaN,NaN,189910.0901,0.346510960261177,0.0308458562823141,2024.80689445973
"White Shoal (22-055)","I",15.9566214105659,-15.306697845459,150.28445435,-22.19483948,NaN,NaN,NaN,NaN,NaN,NaN,NaN,NaN,NaN,NaN,485568.1229,0.346510960261177,0.0308458562823141,3022.62327243764
"U/N Reef (22-127)","M",182.425597050129,-21.206600189209,152.52345276,-22.1792717,0.29059,4.34375,35.353335,0.3092,21.103815,0.03727,0.00418,0.00438,0.00538,"Habitat Protection",2360670.877,0.194140057342602,0.010840108401084,6005.77117739727
"U/N Reef (22-128)","M",190.106605703035,-14.2433652877808,152.60446167,-22.18705177,0.18813,4.44506333333333,35.32653,0.397016666666667,13.1274533333333,0.0240233333333333,0.00419,0.00437333333333333,0.00489666666666667,"Habitat Protection",3132169.348,0.228003083125815,0.0208407446934661,7147.02992107328
"U/N Reef (22-129)","M",192.391671279939,-22.7514419555664,152.62690735,-22.18472099,0.2608975,4.3987275,35.323775,0.354165,16.806405,0.0308375,0.00419,0.004375,0.004895,"Habitat Protection",5184423.476,0.24956267082337,0.0104722585521987,9610.26984553719
"Gater Reef (22-130)","M",199.872013713496,-16.3842163085938,152.69818115,-22.17048645,0.165298571428571,4.43438761904762,35.3078876190476,0.405721428571429,17.4333666666667,0.0485766666666667,0.00444619047619048,0.00437904761904762,0.00432619047619048,"Habitat Protection",25855906.95,0.102262196392267,0.0101112779362217,21349.3577003588
"Sunray Reef (22-131)","O",205.696566921622,-8.06916427612305,152.76132202,-22.18341255,0.206426666666667,4.38023333333333,35.331,0.367326666666667,31.01751,0.0189033333333333,0.00449,0.00438333333333333,0.00413,"Habitat Protection",2519214.789,0.537409196504296,0.00689553449610974,7167.4233120638
"Halfway Island Reef (23-014)","I",15.0307574881022,-6.10177230834961,150.96990967,-23.20013618,NaN,NaN,NaN,NaN,NaN,NaN,NaN,NaN,NaN,NaN,295390.478,0.346510960261177,0.0308458562823141,3829.21890056588
"Humpy (Bur-ye-Bur-ye) Reef (23-016)","I",14.5240490955236,-4.65807962417603,150.96768188,-23.21115875,0.21679,4.57695,35.91408,0.38134,4.17312,0.10012,0.10553,0.49588,0.33185,"Conservation Park",433393.4239,0.346510960261177,0.0308458562823141,3433.60006970783
"Pelican Island Reef (23-017)","I",4.66659140645234,-5.82405233383179,150.87335205,-23.24311829,NaN,NaN,NaN,NaN,NaN,NaN,NaN,NaN,NaN,NaN,910905.6999,0.346510960261177,0.0308458562823141,4047.84183572553
"U/N Reef (23-018)","I",0.0817298903145172,-6.43626689910889,150.79826355,-23.17797852,NaN,NaN,NaN,NaN,NaN,NaN,NaN,NaN,NaN,NaN,629974.1709,0.346510960261177,0.0308458562823141,4341.80903896594
"Fairfax Islands Reef (23-081)","O",57.6921856244171,-18.5429306030273,152.36096191,-23.86657143,0.393528333333333,4.55619583333333,35.5179975,0.326153333333333,1.02613833333333,0.0433725,0.0162783333333333,0.00593583333333333,0.0247933333333333,"Marine National Park",13046448.13,0.188089183607525,0.00502254878545638,18509.5077788779
"Osborn Reef (22-056)","I",6.28775781221068,-2.76640009880066,150.2288208,-22.28556442,NaN,NaN,NaN,NaN,NaN,NaN,NaN,NaN,NaN,NaN,542948.102,0.346510960261177,0.0308458562823141,2747.0766199349
"Blind Reef (22-057)","I",12.4852722323796,-12.7026557922363,150.29214478,-22.28166962,0.07966,4.45467,35.95768,0.97108,9.40909,0.17913,0.03004,0.82508,0.09531,"Habitat Protection",340908.9308,0.346510960261177,0.0308458562823141,2155.71927368809
"Master Rocks Reef (22-058)","I",7.10087193458533,-5.52200937271118,150.28393555,-22.33703995,NaN,NaN,NaN,NaN,NaN,NaN,NaN,NaN,NaN,NaN,73584.42168,0.346510960261177,0.0308458562823141,1581.87085212151
"Edward Island Reef (22-060)","I",10.550048921851,-3.70284914970398,150.30178833,-22.30827332,NaN,NaN,NaN,NaN,NaN,NaN,NaN,NaN,NaN,NaN,82233.70325,0.346510960261177,0.0308458562823141,1095.31130748746
"Sun Reef (22-061)","I",6.29371887539757,-1.05452787876129,150.23995972,-22.30942726,0.07623,4.41794,35.99654,1.0342,9.52912,0.14634,0.09257,0.77222,0.09784,"Marine National Park",75850.40009,0.346510960261177,0.0308458562823141,1013.58559143264
"U/N Reef (22-132)","M",184.708251634977,-30.8686943054199,152.55490112,-22.20296288,0.215,4.48,35.32,0.39,9.74,0.02,0.00419,0.00437,0.00527,"General Use",2994247.061,0.0356290857266784,0,8876.96030055138
"Sandshoe Reef (22-133)","O",204.501656964951,-7.0079665184021,152.75704956,-22.20902634,0.177836,4.429804,35.327022,0.41726,31.047704,0.02376,0.00449,0.00439,0.00415,"Habitat Protection",6414884.109,0.534100115740741,0.0261284722222222,11080.38802507
"U/N Reef (22-134)","M",190.370017869908,-16.2380714416504,152.6186676,-22.22284508,0.26055,4.37442,35.33952,0.33446,20.75141,0.02997,0.00419,0.00437,0.0049,"Habitat Protection",1731638.957,0.410534220124437,0.00691911606951298,6490.11015671538
"U/N Reef (22-135)","M",180.810330180628,-23.8090934753418,152.5274353,-22.24028587,0.292695,4.426705,35.326505,0.32978,16.08269,0.03131,0.00419,0.00437,0.00555,"Habitat Protection",1944118.258,0.0116978609625668,0,6877.62935639517
"U/N Reef (22-136)","M",193.17753628217,-9.28514289855957,152.65368652,-22.24532127,0.28246,4.35976,35.34779,0.32271,24.01988,0.03161,0.00449,0.00439,0.00477,"Habitat Protection",1734700.556,0.439910146012729,0.0147082419639514,6308.34651255285
"Wedge Island Reef (23-019)","I",5.98900581940376,-4.1023325920105,150.88639832,-23.27748299,NaN,NaN,NaN,NaN,NaN,NaN,NaN,NaN,NaN,NaN,1193685.427,0.346510960261177,0.0308458562823141,4598.0986306417
"Mother Macgregor Reef (23-020)","I",0.514920750662333,-1.72808313369751,150.8263092,-23.2846508,NaN,NaN,NaN,NaN,NaN,NaN,NaN,NaN,NaN,NaN,784655.3317,0.346510960261177,0.0308458562823141,3971.51116813781
"Round Rock Reef (23-022)","I",2.19051328504765,-1.85488545894623,150.83045959,-23.30085564,0.166,4.54615,36.05401,0.38022,6.22868,0.08147,0.59157,0.34783,0.01212,"Habitat Protection",276510.7307,0.346510960261177,0.0308458562823141,2029.97870828099
"Divided Reef (23-023)","I",10.3159035300898,-3.91773366928101,150.92222595,-23.30302429,NaN,NaN,NaN,NaN,NaN,NaN,NaN,NaN,NaN,NaN,878972.3546,0.346510960261177,0.0308458562823141,3238.87673670357
"Flat Rock Reef (23-024)","I",4.48221642921549,-3.77450942993164,150.84863281,-23.3140049,NaN,NaN,NaN,NaN,NaN,NaN,NaN,NaN,NaN,NaN,109213.4071,0.346510960261177,0.0308458562823141,1720.68077312307
"Split Rock Reef (23-025)","I",12.2037048594609,-7.33179807662964,150.92990112,-23.33209991,NaN,NaN,NaN,NaN,NaN,NaN,NaN,NaN,NaN,NaN,24122.07081,0.346510960261177,0.0308458562823141,678.364864934599
"Lady Musgrave Reef (23-082a)","O",57.9599789266452,-18.3140487670898,152.38720703,-23.90178299,0.40416,4.53072,35.5284296296296,0.320146666666667,1.31857037037037,0.0430533333333333,0.016492962962963,0.00639333333333333,0.0230085185185185,"Marine National Park",29521753.43,0.234175938426206,0.00629703769222414,33837.2794078932
"U/N Reef (23-082b)","O",58.4066305910543,-41.5199661254883,152.39678955,-23.92109871,NaN,NaN,NaN,NaN,NaN,NaN,NaN,NaN,NaN,NaN,58432.79077,0.22044221697789,0.00537874759531551,894.036672390097
"U/N Reef (23-083a)","I",0.0922807011474881,-0.97902637720108,150.81585693,-23.22341156,NaN,NaN,NaN,NaN,NaN,NaN,NaN,NaN,NaN,NaN,557107.842,0.346510960261177,0.0308458562823141,5250.36736522725
"U/N Reef (23-083b)","I",0.2733107368662,-2.14337491989136,150.82507324,-23.23466301,NaN,NaN,NaN,NaN,NaN,NaN,NaN,NaN,NaN,NaN,373673.3664,0.346510960261177,0.0308458562823141,3058.90314169853
"Farmers Reef (23-084)","I",8.69598358833893,-2.37955522537231,151.31813049,-23.77182007,NaN,NaN,NaN,NaN,NaN,NaN,NaN,NaN,NaN,NaN,62392.24027,0.346510960261177,0.00670947874607927,903.563413738314
"Turtle Island Reef (23-085)","I",3.78625745386571,-0.497971415519714,151.26489258,-23.79853249,NaN,NaN,NaN,NaN,NaN,NaN,NaN,NaN,NaN,NaN,203500.9885,0.346510960261177,0.0074062680207182,2443.81175287096
"Swan Reef (22-062)","I",2.61181518042814,0.25798636674881,150.20462036,-22.32010651,NaN,NaN,NaN,NaN,NaN,NaN,NaN,NaN,NaN,NaN,287132.9988,0.346510960261177,0.0308458562823141,3093.08807513765
"Marquis Reef (22-063)","I",10.2042860540586,-2.90855693817139,150.45228577,-22.30839729,0.08,4.42,35.85,0.795,6.105,0,0.04011,0.85123,0.05693,"Marine National Park",3484304.451,0.346510960261177,0.0308458562823141,11639.4596336176
"Bay Island Reef (22-064)","I",8.60123177125028,-2.28448295593262,150.31370544,-22.32761955,NaN,NaN,NaN,NaN,NaN,NaN,NaN,NaN,NaN,NaN,108698.2406,0.346510960261177,0.0308458562823141,1376.94176972788
"Round Rock Ledges (22-065)","I",8.49549454275626,-3.65984964370728,150.45906067,-22.35005379,0.10715,4.43667,35.87443,0.77426,7.85489666666667,0.02372,0.06664,0.85152,0.02108,"Marine National Park",1601307.343,0.346510960261177,0.0308458562823141,6871.03522570785
"U/N Reef (22-137)","M",196.058858818669,-11.5105981826782,152.68218994,-22.24365234,NaN,NaN,NaN,NaN,NaN,NaN,NaN,NaN,NaN,NaN,969445.6818,0.327622511485452,0.00239280245022971,4135.42274742263
"U/N Reef (22-138)","M",183.62051422857,-26.8367729187012,152.56083679,-22.25679016,0.35568,4.4,35.35,0.33,10.445,0.01,0.0042,0.00437,0.00526,"General Use",2805171.089,0.0542928039702233,9.92555831265509e-05,9313.16730903603
"U/N Reef (22-139)","M",187.759194964462,-14.1363182067871,152.60469055,-22.26438522,0.278698,4.370546,35.346108,0.320654,22.597762,0.024076,0.00448,0.00438,0.00511,"Habitat Protection",6325865.994,0.293268596071759,0.0098866120018189,11540.5435022089
"Sweetlip Reef (22-140)","O",200.821073603915,-7.31665849685669,152.73731995,-22.27070427,0.211910909090909,4.39876090909091,35.3566577272727,0.377163636363636,27.7647459090909,0.0218068181818182,0.00449,0.0044,0.00447136363636364,"Habitat Protection",21807939.55,0.349183307720796,0.0343917483642741,23631.3798742256
"Dicks Reef (22-141)","M",192.41024479704,-6.54155015945435,152.66279602,-22.30785561,0.302828,4.334856,35.367522,0.303542,28.066816,0.02872,0.00449,0.00439,0.00481,"Habitat Protection",5124925.997,0.364781923849872,0.0259989499031376,9465.59097608683
"Peak Reef (23-026)","I",13.8469596954954,-2.06171274185181,150.93766785,-23.3489666,0.16,4.59,36.08,0.39,21.93,0.11,0.47256,0.47642,0.04895,"Preservation",1189729.463,0.346510960261177,0.000173393616514008,5666.91810378645
"Arch Reef (23-027)","I",14.4284563362088,-5.74424123764038,150.94316101,-23.3606739,NaN,NaN,NaN,NaN,NaN,NaN,NaN,NaN,NaN,NaN,26598.86143,0.346510960261177,0.000173393616514008,752.420101563564
"Girt Reef (23-028)","I",2.05614061736303,-1.24055218696594,150.81385803,-23.35746956,0.15,4.6,36.17,0.39,4.92,0,0.76057,0.1851,0.02519,"Habitat Protection",876213.0047,0.346510960261177,0.0308458562823141,3423.92667641007
"Quartz Reef (23-029)","I",3.33022454004469,-6.0816969871521,150.85803223,-23.42201424,NaN,NaN,NaN,NaN,NaN,NaN,NaN,NaN,NaN,NaN,19110.88952,0.346510960261177,0.0308458562823141,513.244363334001
"The Child Reef (23-030)","I",27.7817931237982,-6.82673692703247,151.08505249,-23.15463829,NaN,NaN,NaN,NaN,NaN,NaN,NaN,NaN,NaN,NaN,105138.1056,0.346510960261177,0.00197252283623501,1305.21571687501
"Bushy Island Reef (23-086)","I",3.4300176857193,1.75673806667328,151.33810425,-23.83421516,NaN,NaN,NaN,NaN,NaN,NaN,NaN,NaN,NaN,NaN,20975.1372,0.346510960261177,0.00670947874607927,627.476454966746
"U/N Reef (23-087)","M",55.4739438753257,-25.6500110626221,151.59544373,-23.42732811,0.33158,4.60094,35.6656733333333,0.333706666666667,4.04005666666667,0.0687,0.02203,0.03587,0.21122,"General Use",2552062.652,0.158594791365997,0.00670947874607927,12129.4806561518
"U/N Reef (23-088a)","M",56.4447588235624,-18.5837936401367,151.8163147,-23.49989891,0.38306,4.58247,35.61958,0.31252,3.81941,0.07235,0.02377,0.0433,0.17181,"Conservation Park",1013832.802,0.150070695163264,0.00803370622866214,7545.1472598754
"U/N Reef (23-088b)","M",55.3928397860624,-15.6884260177612,151.81655884,-23.50948524,NaN,NaN,NaN,NaN,NaN,NaN,NaN,NaN,NaN,NaN,365346.3729,0.150070695163264,0.00803370622866214,3101.80418469778
"U/N Reef (23-089)","O",49.8131877471219,-24.5162467956543,152.08717346,-23.6794548,0.38729,4.5926,35.558255,0.32547,2.734605,0.032135,0.01981,0.02468,0.05516,"General Use",1089989.709,0.245443537680517,0.00901851767585998,6725.92638682612
"Stuart Shoal (23-090)","O",66.5065482295139,-23.4308013916016,152.46458435,-23.87102699,NaN,NaN,NaN,NaN,NaN,NaN,NaN,NaN,NaN,NaN,660427.8881,0.22044221697789,0.00537874759531551,3156.95967119816
"Connor Rock Reef (22-066)","I",6.24106025937014,-14.0066938400269,150.32759094,-22.35583687,NaN,NaN,NaN,NaN,NaN,NaN,NaN,NaN,NaN,NaN,350749.1318,0.346510960261177,0.0308458562823141,2120.35064801675
"Akens Reef (22-067)","I",4.52258343764097,0.205745413899422,150.26795959,-22.35756111,NaN,NaN,NaN,NaN,NaN,NaN,NaN,NaN,NaN,NaN,1160370.025,0.346510960261177,0.0308458562823141,11663.6432910023
"U/N Reef (22-068)","I",0.905456452652252,-1.87276816368103,150.33862305,-22.43372345,NaN,NaN,NaN,NaN,NaN,NaN,NaN,NaN,NaN,NaN,1080281.531,0.346510960261177,0.0308458562823141,5521.40601235584
"Tweed Reef (22-069)","I",35.7843668484309,-15.0840425491333,150.64506531,-22.00650597,NaN,NaN,NaN,NaN,NaN,NaN,NaN,NaN,NaN,NaN,317201.6798,0.346510960261177,0.0058941991256938,3313.67093406817
"U/N Reef (22-142)","O",200.026288814558,-10.103741645813,152.73651123,-22.29887009,0.135,4.53,35.335,0.44,20.99,0.022395,0.00449,0.0044,0.00442,"Habitat Protection",881460.7396,0.422902852331334,0.00842016629828439,5114.06790360624
"U/N Reef (22-143)","O",198.649651628501,-7.81508350372314,152.72900391,-22.32504654,0.211226666666667,4.37548666666667,35.37408,0.352526666666667,29.9970916666667,0.0245133333333333,0.00449,0.00440333333333333,0.00460333333333333,"Habitat Protection",8495924.395,0.387727019559448,0.0418600587547916,11126.3068928407
"U/N Reef (22-144)","O",193.584164557384,-4.11333513259888,152.68025208,-22.33198547,0.2151125,4.3871575,35.37432,0.34757,27.593895,0.02988,0.00449,0.0044,0.0048075,"Habitat Protection",4812431.534,0.577482703463162,0.00537686214804679,9540.47221502289
"Hixson Cay Reef (22-145)","O",198.39744344033,-5.06035423278809,152.73062134,-22.34350204,NaN,NaN,NaN,NaN,NaN,NaN,NaN,NaN,NaN,NaN,1308157.314,0.674677442223168,0.0397703105061676,5328.83831202503
"Twins Reef (West) (22-146a)","O",179.124309402939,-26.7665462493896,152.54454041,-22.3670311,0.196666666666667,4.52666666666667,35.335,0.358333333333333,23.6016666666667,0.017875,0.004475,0.00439166666666667,0.00738,"General Use",7318108.976,0.0778918028632966,0.000494108703914861,11603.9289440313
"Twins Reef (East) (22-146b)","O",180.451352516456,-17.1630783081055,152.56051636,-22.37986755,0.2774,4.30479,35.39102,0.278285,33.773525,0.02248,0.00448,0.004395,0.008375,"General Use",2655245.457,0.147106053201145,0,7308.14242853556
"Barren (A-rum-mi) (First Lump) Reef (No 1) (23-031a)","I",26.1039184034733,-12.4388933181763,151.07069397,-23.16266632,NaN,NaN,NaN,NaN,NaN,NaN,NaN,NaN,NaN,NaN,80933.15284,0.346510960261177,0.00197252283623501,1325.72233724088
"Barren (A-rum-mi) (First Lump) Reef (No 2) (23-031b)","I",26.8875080074724,-10.661904335022,151.07897949,-23.16329956,NaN,NaN,NaN,NaN,NaN,NaN,NaN,NaN,NaN,NaN,101316.0681,0.346510960261177,0.00197252283623501,2168.55511276394
"Egg Reef (23-033)","I",28.1431800825709,-23.6487236022949,151.10040283,-23.19775391,NaN,NaN,NaN,NaN,NaN,NaN,NaN,NaN,NaN,NaN,135640.7637,0.346510960261177,0.00197252283623501,1761.49878619623
"Lisa Jane Shoals (23-034)","I",26.376674452498,-23.105598449707,151.08569336,-23.29105759,NaN,NaN,NaN,NaN,NaN,NaN,NaN,NaN,NaN,NaN,596677.2278,0.346510960261177,0.00508027024560868,2826.85763316281
"Jabiru Shoals (23-035)","I",25.1497513532366,-15.7456722259521,151.06906128,-23.34667397,0.19735,4.608548,35.945424,0.383146,11.757838,0.127204,0.09714,0.59883,0.233096,"Marine National Park",3894889.829,0.346510960261177,0.00508027024560868,7227.80396935748
"Hummocky Reef (23-036)","I",24.6552535583536,-6.70971536636353,151.15414429,-23.4000721,NaN,NaN,NaN,NaN,NaN,NaN,NaN,NaN,NaN,NaN,593704.9646,0.346510960261177,0.00670947874607927,6039.28246586754
"Rothbury Reef (22-070)","I",33.3132040733825,-23.5747776031494,150.64956665,-22.02905846,0.23574,4.43371,35.6843,0.42401,17.99372,0.08121,0.0068,0.17179,0.67358,"Habitat Protection",530869.4235,0.346510960261177,0.0058941991256938,2580.41266243253
"Cheviot Reef (22-071)","I",27.0603166322453,-13.1911296844482,150.67242432,-22.08842659,NaN,NaN,NaN,NaN,NaN,NaN,NaN,NaN,NaN,NaN,481316.0441,0.346510960261177,0.0058941991256938,4768.61329378376
"Raynham Reef (22-073)","I",7.11893562023878,-1.77536356449127,150.540802,-22.2659111,NaN,NaN,NaN,NaN,NaN,NaN,NaN,NaN,NaN,NaN,145313.447,0.346510960261177,0.0308458562823141,1606.48437880849
"Pelican Rock Reef (22-074)","I",6.27200870860599,-3.7331805229187,150.25891113,-22.34176254,0.06,4.38,36.05,1.13,9.55,0.26,0.09972,0.83559,0.07068,"Marine National Park",391104.6097,0.346510960261177,0.0308458562823141,2178.80874813589
"U/N Reef (22-147a)","O",195.569809748862,-8.02250576019287,152.70628357,-22.36080551,0.183555,4.41469,35.378455,0.36964,35.5183,0.035675,0.00449,0.0044,0.00474,"Marine National Park",2993877.058,0.543573220979584,0.00566932061092351,7631.814907925
"South Hixson Reef (22-147b)","O",197.04354958907,-11.9330024719238,152.71989441,-22.35609627,0.25484,4.2333,35.40486,0.26492,39.5096,0.02958,0.00449,0.0044,0.00474,"Marine National Park",1947961.218,0.414531949338158,0.0148081135129988,5828.24699330418
"Howard Patch (No 1) (22-148a)","O",183.80217136743,-13.6648397445679,152.59686279,-22.3952713,0.19278,4.41465,35.384745,0.33284,30.279695,0.01303,0.00448,0.0044,0.00927,"Marine National Park",1746428.169,0.329049389272438,0.000265533722782793,5590.78575695568
"Howard Patch (No 2) (22-148b)","O",189.76698389385,-13.6232643127441,152.65293884,-22.3807354,0.1902125,4.4267275,35.3743675,0.34666375,33.16947375,0.02469625,0.00448,0.0044,0.00838875,"Marine National Park",13083066.12,0.215182247925216,0.0123530287245126,29712.4884987824
"Howard Patch (No 3) (22-148c)","O",185.790408375918,-18.953857421875,152.61279297,-22.37690735,0.13,4.535,35.345,0.39,23.965,0.00575,0.00448,0.0044,0.0085425,"Marine National Park",4343698.352,0.0561536161305481,0.000384467512495194,11405.19984393
"Ship Rock Reef (23-037)","I",26.2605490077844,-15.1655750274658,151.18359375,-23.40786171,NaN,NaN,NaN,NaN,NaN,NaN,NaN,NaN,NaN,NaN,112554.4749,0.346510960261177,0.00670947874607927,1235.0137930525
"Fairway Rock Reef (23-038)","I",24.4421000831861,-13.8973388671875,151.16886902,-23.41720963,NaN,NaN,NaN,NaN,NaN,NaN,NaN,NaN,NaN,NaN,205317.2854,0.346510960261177,0.00670947874607927,1936.27546274814
"Timandra Bank (23-039)","I",15.0194359766931,-6.80154228210449,151.02453613,-23.4292984,NaN,NaN,NaN,NaN,NaN,NaN,NaN,NaN,NaN,NaN,1001749.512,0.346510960261177,0.0074062680207182,4356.45112792928
"Innamincka Shoal (23-041)","O",103.765917786075,-16.4715194702148,151.83343506,-23.00548744,0.370925,4.54245,35.54086,0.304775,6.314035,0.06582,0.01083,0.02109,0.15249,"Habitat Protection",2750104.525,0.346510960261177,0.00735353881655813,8320.4684409041
"Haberfield Shoal (23-042a)","O",97.6837627244092,-19.6805114746094,151.7779541,-23.03224754,0.337792727272727,4.57167818181818,35.5504572727273,0.317148181818182,4.61874272727273,0.0660263636363636,0.01259,0.02357,0.178574545454545,"Habitat Protection",14679742.05,0.346510960261177,0.00735353881655813,21340.213363191
"Clara Group Reef (22-075)","I",4.89008035259762,-18.8585338592529,150.71580505,-22.33778381,0.12,4.53,35.71,0.5,21.77,0.04,0.08253,0.64772,0.18737,"Habitat Protection",1164741.04,0.346510960261177,0.0308458562823141,3994.10124580313
"Brown Reef (22-076)","I",0.996723181643715,-18.4598484039307,150.68203735,-22.35803413,NaN,NaN,NaN,NaN,NaN,NaN,NaN,NaN,NaN,NaN,26021.01159,0.346510960261177,0.0308458562823141,704.64128439392
"Triangular Reef (22-077)","I",2.69076566485526,-6.04386234283447,150.50758362,-22.38270569,NaN,NaN,NaN,NaN,NaN,NaN,NaN,NaN,NaN,NaN,641512.4665,0.346510960261177,0.0308458562823141,4003.14042366826
"Quoin Reef (22-149)","I",1.2016067443118,-5.41464567184448,150.79794312,-22.56382942,NaN,NaN,NaN,NaN,NaN,NaN,NaN,NaN,NaN,NaN,168325.6662,0.346510960261177,0.0308458562823141,1922.30685328788
"Perforated (Peak) Reef (22-152)","I",13.1905103333657,-4.26944637298584,150.95962524,-22.65620041,NaN,NaN,NaN,NaN,NaN,NaN,NaN,NaN,NaN,NaN,180696.9684,0.346510960261177,0.0308458562823141,2067.87686634507
"Flat Island Reef (22-153)","I",17.0354013811006,-7.24424600601196,150.99430847,-22.73053741,NaN,NaN,NaN,NaN,NaN,NaN,NaN,NaN,NaN,NaN,344731.9246,0.346510960261177,0.0308458562823141,3478.67249555087
"Five Rocks Reef (22-154)","I",0.115159509178113,-0.64486163854599,150.81163025,-22.79780006,NaN,NaN,NaN,NaN,NaN,NaN,NaN,NaN,NaN,NaN,56608.35064,0.346510960261177,0.0308458562823141,975.854365699819
"U/N Reef (22-155)","I",0.256918837527207,-4.25380706787109,150.79212952,-22.93373299,NaN,NaN,NaN,NaN,NaN,NaN,NaN,NaN,NaN,NaN,2339775.879,0.346510960261177,0.0308458562823141,13921.8143632592
"Guthrie Shoal (23-042b)","O",101.074464061429,-19.7075080871582,151.84333801,-23.04942131,0.36479,4.557235,35.544675,0.3079,4.75006,0.035005,0.013295,0.028275,0.121665,"Habitat Protection",3546245.714,0.509382135883774,0.00735353881655813,10437.1567857357
"Johnson Patch (23-043)","O",81.719650513837,-20.7201347351074,151.59663391,-23.07773399,0.24,4.62,35.58,0.35,2.5,0.08,0.0096,0.0176,0.14783,"Habitat Protection",313423.3946,0.346510960261177,0.00705713344040948,2744.93646410992
"Douglas Shoal (23-044)","O",85.1979007681429,-20.6992454528809,151.66712952,-23.09139442,0.2923525,4.5954975,35.58206,0.3373375,4.91765125,0.07238375,0.0077325,0.017605,0.1584475,"Habitat Protection",8973879.287,0.346510960261177,0.00705713344040948,27799.5506719037
"North Reef (North) (23-045a)","O",92.442126007074,-6.0022759437561,151.90402222,-23.18507195,0.56455,4.502835,35.574835,0.2604825,6.3432325,0.053305,0.019215,0.02775,0.1017575,"Marine National Park",5559120.642,0.509382135883774,0.00620511632524738,8762.02069062402
"Island Head Reef (22-078)","I",1.8841894646564,-0.926773726940155,150.65988159,-22.33389854,NaN,NaN,NaN,NaN,NaN,NaN,NaN,NaN,NaN,NaN,342818.1409,0.346510960261177,0.0308458562823141,3393.32855837461
"Split Island Reef (22-079)","I",4.82625508561157,-0.856028974056244,150.74176025,-22.40484238,NaN,NaN,NaN,NaN,NaN,NaN,NaN,NaN,NaN,NaN,135791.1685,0.346510960261177,0.0308458562823141,1626.86999865637
"Dome Reef (22-080)","I",4.21947163012209,-1.98656511306763,150.74647522,-22.41151047,NaN,NaN,NaN,NaN,NaN,NaN,NaN,NaN,NaN,NaN,267356.5226,0.346510960261177,0.0308458562823141,2703.90475455941
"U/N Reef (22-081)","I",1.88566910647361,-6.56863021850586,150.73052979,-22.4309597,0.2449,4.43194,35.75807,0.44837,20.93683,0.08276,0.13342,0.49408,0.30105,"Habitat Protection",2275162.211,0.346510960261177,0.0308458562823141,7553.04368103417
"Karamea Bank (22-156)","O",72.512555092281,-34.5812187194824,151.5401001,-22.64430237,0.418412,4.410188,35.588682,0.297724,17.771006,0.078354,0.00466,0.0065,0.26048,"Habitat Protection",6717639.752,0.346510960261177,0.00735353881655813,10534.906967085
"Barcoo Bank (22-157)","O",86.6130279135689,-55.7902717590332,151.6587677,-22.85585213,0.430693333333333,4.48517666666667,35.5754233333333,0.2975,9.02685666666667,0.0624166666666667,0.00426333333333333,0.0117366666666667,0.20658,"Marine National Park",3639416.405,0.346510960261177,0.00735353881655813,8361.86161848446
"Moresby Bank (22-158)","O",97.7187133463022,-31.8884449005127,151.77133179,-22.84694099,0.23,4.59,35.51,0.32,6.89,0.02,0.00461,0.0105,0.21498,"Habitat Protection",2515512.542,0.346510960261177,0.00735353881655813,5934.39159347281
"Edgell Bank (22-159)","O",98.9251679978418,-45.5157432556152,151.77529907,-22.88311386,0.323426666666667,4.54754666666667,35.5314266666667,0.311276666666667,6.29141,0.0304666666666667,0.00558,0.0107266666666667,0.208306666666667,"Habitat Protection",2748200.947,0.346510960261177,0.00735353881655813,6040.36635092082
"Goodwin Shoal (22-160)","O",93.9269601405308,-16.7621364593506,151.72375488,-22.91066933,0.35057,4.534185,35.5529,0.310695,6.092825,0.037385,0.00576,0.01307,0.1989,"Habitat Protection",1259309.557,0.346510960261177,0.00735353881655813,6093.15454352145
"Archer Shoal (22-161)","O",181.494685727984,-36.350513458252,152.67381287,-22.61344719,0.32195,4.29819,35.4223233333333,0.23758,68.0167833333333,0.0178766666666667,0.00447,0.00502,0.0199,"Marine National Park",3071908.868,0.346510960261177,0.0043343433199302,6509.99547942915
"Round Island Reef (22-163)","I",0.42601976520984,-2.47473502159119,150.77062988,-22.51808167,NaN,NaN,NaN,NaN,NaN,NaN,NaN,NaN,NaN,NaN,87662.63821,0.346510960261177,0.0308458562823141,1125.95839930718
"North Reef (South) (23-045b)","O",89.9317577801663,-38.1055564880371,151.88774109,-23.20534706,NaN,NaN,NaN,NaN,NaN,NaN,NaN,NaN,NaN,NaN,310401.0758,0.272591811190507,0.00633741113403759,2011.52269106759
"Tryon Reef (23-046)","O",83.1422615134815,-5.12717962265015,151.78274536,-23.24594116,0.382766666666667,4.58908333333333,35.58472,0.30874,4.25041666666667,0.0876466666666667,0.01452,0.02977,0.13529,"Marine National Park",3551338.125,0.530194393394248,0.0154272254290374,7120.35365909863
"Brew Shoal (23-047)","O",81.5440351453859,-19.8927135467529,151.76174927,-23.25719452,0.326702,4.602516,35.584896,0.326932,3.438488,0.101752,0.012662,0.028652,0.15918,"Marine National Park",4292089.604,0.0125912760444549,0.000428274695389623,9572.63323332112
"Broomfield Reef (23-048)","O",84.0484433402422,-12.19642162323,151.94029236,-23.26951599,0.451989166666667,4.58596416666667,35.5453141666667,0.296845,3.68197083333333,0.1194175,0.0213291666666667,0.0281675,0.0944741666666667,"Conservation Park",15249411.95,0.264377035339525,0.0104149077312749,16957.611248675
"North West Island Reef (23-049)","O",77.5390866670202,-13.9312305450439,151.77075195,-23.29514885,0.354270606060606,4.59808363636364,35.5918093939394,0.319115757575758,4.40728878787879,0.0884443939393939,0.0111128787878788,0.0277095454545455,0.181938484848485,"Conservation Park",89375520.21,0.0911373558691857,0.00531590019680141,58188.2615886633
"Great Detached Reef (No 5) (11-244e)","O",84.1000855664663,-29.3360996246338,143.97679138,-11.73175335,NaN,NaN,NaN,NaN,NaN,NaN,NaN,NaN,NaN,NaN,521905.2986,0.0283054003724395,0.00409683426443203,3664.770014734
"Barren (A-rum-mi) (First Lump) Reef (No 3) (23-031c)","I",26.7432896258311,-2.25801920890808,151.07457633,-23.15541323,NaN,NaN,NaN,NaN,NaN,NaN,NaN,NaN,NaN,NaN,65333.77081,0.346510960261177,0.00197252283623501,1084.46380250686
